﻿Name,Platform,Year_of_Release,Genre,Publisher,NA_Sales,EU_Sales,JP_Sales,Other_Sales,Global_Sales,Critic_Score,Critic_Count,User_Score,User_Count,Developer,Rating
Asteroids,2600,1980,Shooter,Atari,4,0.26,0,0.05,4.31,79,85,9,48,,
Checkers,2600,1980,Misc,Atari,0.22,0.01,0,0,0.24,14,62,1,52,,
Defender,2600,1980,Misc,Atari,0.99,0.05,0,0.01,1.05,52,9,5,90,,
Missile Command,2600,1980,Shooter,Atari,2.56,0.17,0,0.03,2.76,11,61,0,10,,
Berzerk,2600,1981,Shooter,Atari,0.68,0.04,0,0.01,0.73,59,72,1,62,,
Centipede,2600,1981,Shooter,Atari,1.26,0.08,0,0.01,1.36,67,62,8,2,,
Crazy Climber,2600,1981,Action,Atari,0.21,0.01,0,0,0.22,56,78,8,88,,
Donkey Kong Junior,2600,1981,Platform,Atari,0.9,0.05,0,0.01,0.97,61,17,9,1,,
E.T.: The Extra Terrestrial,2600,1981,Action,Atari,1.84,0.11,0,0.02,1.97,86,53,6,96,,
Ms. Pac-Man,2600,1981,Puzzle,Atari,1.54,0.1,0,0.02,1.65,91,46,8,100,,
Phoenix,2600,1981,Simulation,Atari,0.42,0.02,0,0,0.45,74,35,10,20,,
Raiders of the Lost Ark,2600,1981,Action,Atari,0.46,0.03,0,0.01,0.5,99,81,1,27,,
RealSports Baseball,2600,1981,Sports,Atari,0.2,0.01,0,0,0.21,45,73,10,3,,
RealSports Football,2600,1981,Sports,Atari,0.24,0.01,0,0,0.26,61,71,3,58,,
RealSports Volleyball,2600,1981,Sports,Atari,0.12,0.01,0,0,0.13,37,92,8,13,,
Battlezone,2600,1982,Shooter,Atari,0.58,0.03,0,0.01,0.62,77,0,1,42,,
Dig Dug,2600,1982,Puzzle,Atari,1.52,0.1,0,0.02,1.64,87,75,5,70,,
Galaxian,2600,1982,Shooter,Atari,0.72,0.05,0,0.01,0.77,18,12,6,17,,
Gravitar,2600,1982,Action,Atari,0.35,0.02,0,0,0.38,39,80,2,75,,
Joust,2600,1982,Platform,Atari,1.01,0.06,0,0.01,1.08,26,62,7,50,,
Jungle Hunt,2600,1982,Platform,Atari,1.03,0.06,0,0.01,1.1,87,57,4,21,,
Kangaroo,2600,1982,Platform,Atari,0.67,0.04,0,0.01,0.72,100,75,0,64,,
Krull,2600,1982,Action,Atari,0.13,0.01,0,0,0.14,26,15,0,14,,
Mario Bros.,2600,1982,Platform,Atari,1.48,0.09,0,0.02,1.59,50,63,3,65,,
Moon Patrol,2600,1982,Shooter,Atari,1.05,0.06,0,0.01,1.12,31,60,1,30,,
Pac-Man,2600,1982,Puzzle,Atari,7.28,0.45,0,0.08,7.81,84,0,0,15,,
Pole Position,2600,1982,Racing,Atari,1.1,0.07,0,0.01,1.18,99,78,10,87,,
RealSports Tennis,2600,1982,Sports,Atari,0.46,0.03,0,0.01,0.5,42,7,6,9,,
Yars' Revenge,2600,1982,Shooter,Atari,0.73,0.04,0,0.01,0.78,50,100,4,5,,
Crystal Castles,2600,1983,Action,Atari,0.72,0.04,0,0.01,0.77,48,93,0,78,,
Gremlins,2600,1983,Action,Atari,0.43,0.03,0,0,0.46,93,59,3,39,,
Jr. Pac-Man,2600,1983,Puzzle,Atari,0.72,0.05,0,0.01,0.78,7,69,8,13,,
Midnight Magic,2600,1983,Action,Atari,0.47,0.03,0,0.01,0.5,63,88,1,24,,
Millipede,2600,1983,Shooter,Atari,0.45,0.03,0,0.01,0.48,37,60,0,78,,
Pengo,2600,1983,Adventure,Atari,0.38,0.02,0,0,0.4,56,49,0,34,,
RealSports Boxing,2600,1986,Sports,Atari,0.28,0.02,0,0,0.29,72,70,2,15,,
Solaris,2600,1986,Shooter,Atari,0.35,0.02,0,0,0.37,68,79,5,99,,
Defender II,2600,1987,Shooter,Atari,0.42,0.02,0,0,0.45,85,31,9,35,,
Desert Falcon,2600,1987,Shooter,Atari,0.24,0.01,0,0,0.26,52,37,4,7,,
Super Baseball,2600,1987,Sports,Atari,0.07,0,0,0,0.07,8,30,10,38,,
Super Football,2600,1987,Sports,Atari,0.07,0,0,0,0.08,82,55,10,72,,
Klax,2600,1989,Puzzle,Atari,0.14,0.01,0,0,0.15,8,83,1,51,,
Centipede,PS,1998,Shooter,Atari,0.36,0.25,0,0.04,0.65,87,94,9,19,,
The Next Tetris,PS,1998,Puzzle,Atari,0.45,0.31,0,0.05,0.81,34,24,9,25,,
Ballistic,PS,1999,Puzzle,Atari,0.02,0.01,0,0,0.04,62,94,8,76,,
Glover,PS,1999,Platform,Atari,0.09,0.06,0,0.01,0.17,100,36,10,24,,
Koudelka,PS,1999,Role-Playing,Atari,0.05,0.03,0,0.01,0.08,61,71,9,37,,
Missile Command,PS,1999,Shooter,Atari,0.25,0.17,0,0.03,0.45,43,82,5,66,,
Q*bert,PS,1999,Puzzle,Atari,0.46,0.32,0,0.05,0.84,58,28,4,40,,
Test Drive 6,PS,1999,Racing,Atari,0.4,0.27,0,0.05,0.72,71,37,4,91,,
Driver 2,PS,2000,Action,Atari,2.36,2.1,0.02,0.25,4.73,62,14,7.7,92,Reflections Interactive,T
Duke Nukem: Land of the Babes,PS,2000,Shooter,Atari,0.04,0.03,0,0,0.08,37,7,6.8,20,n-Space,M
ChuChu Rocket!,GBA,2001,Strategy,Atari,0.06,0.02,0,0,0.09,44,96,8,17,,
Mobile Suit Gundam: Federation vs. Zeon,PS2,2001,Simulation,Atari,0.12,0.1,0.88,0.03,1.14,73,15,8.8,32,Capcom,T
MXRider,PS2,2001,Racing,Atari,0.16,0.13,0,0.04,0.34,69,16,6.8,6,Paradigm Entertainment,E
Oddworld: Munch's Oddysee,XB,2001,Platform,Atari,0.54,0.16,0,0.03,0.73,80,30,8.7,32,Oddworld Inhabitants,T
One Piece: Grand Battle!,PS,2001,Fighting,Atari,0,0,0.46,0.03,0.49,8,61,6,0,,
Pac-Man Collection,GBA,2001,Puzzle,Atari,2.07,0.77,0.05,0.05,2.94,79,13,7.8,4,Mass Media,E
SplashDown,PS2,2001,Racing,Atari,0.34,0.27,0,0.09,0.7,84,22,8.2,11,Rainbow Studios,E
Super Monkey Ball,GC,2001,Puzzle,Atari,0.95,0.37,0.1,0.04,1.46,87,28,7.9,46,Amusement Vision,E
Vehicular Combat League presents Motor Mayhem,PS2,2001,Racing,Atari,0.08,0.06,0,0.02,0.16,92,55,10,61,,
.hack//Infection Part 1,PS2,2002,Role-Playing,Atari,0.49,0.38,0.26,0.13,1.27,75,35,8.5,60,CyberConnect2,T
.hack//Mutation Part 2,PS2,2002,Role-Playing,Atari,0.23,0.18,0.2,0.06,0.68,76,24,8.9,81,CyberConnect2,T
.hack//Outbreak Part 3,PS2,2002,Role-Playing,Atari,0.14,0.11,0.17,0.04,0.46,70,23,8.7,19,CyberConnect2,T
Atari Anniversary Advance,GBA,2002,Misc,Atari,0.13,0.05,0,0,0.18,75,7,4,26,Digital Eclipse,E
Backyard Baseball,GBA,2002,Sports,Atari,0.31,0.11,0,0.01,0.43,94,3,8,12,,
BeyBlade VForce: Super Tournament Battle,GC,2002,Action,Atari,0.16,0.04,0,0.01,0.21,33,6,7.5,18,Takara,E
Big Air Freestyle,GC,2002,Racing,Atari,0.04,0.01,0,0,0.05,56,12,2,54,Paradigm Entertainment,T
Dragon Ball Z: Budokai,PS2,2002,Fighting,Atari,2.17,0.28,0.55,0.08,3.09,67,28,7.9,71,Dimps Corporation,T
Driver 2 Advance,GBA,2002,Action,Atari,0.25,0.09,0,0.01,0.34,73,9,6.6,14,Sennari Interactive,T
Dungeons & Dragons: Eye of the Beholder,GBA,2002,Role-Playing,Atari,0.19,0.07,0,0,0.26,56,26,0,45,,
Godzilla: Destroy All Monsters Melee,GC,2002,Fighting,Atari,0.55,0.14,0,0.02,0.71,73,30,7.8,23,"Pipeworks Software, Inc.",T
Godzilla: Domination!,GBA,2002,Fighting,Atari,0.2,0.07,0,0.01,0.28,57,84,2,97,,
Grand Prix Challenge,PS2,2002,Racing,Atari,0.04,0.03,0,0.01,0.08,76,9,9.2,9,Atari,E
Loons: The Fight For Fame,XB,2002,Action,Atari,0.05,0.02,0,0,0.07,0,31,4,28,,
Micro Machines,PS2,2002,Racing,Atari,0.07,0.05,0,0.02,0.14,54,6,2,37,Atari,E
Neverwinter Nights,PC,2002,Role-Playing,Atari,0,0.03,0,0,0.03,91,34,8.2,490,BioWare,T
NFL 2K3,PS2,2002,Sports,Atari,1.06,0.08,0,0.18,1.32,93,20,7.4,25,Visual Concepts,E
Nickelodeon Party Blast,GC,2002,Misc,Atari,0.19,0.05,0,0.01,0.25,27,59,4,61,Data Design Interactive,E
Phantasy Star Collection,GBA,2002,Role-Playing,Atari,0.08,0.03,0,0,0.11,76,20,8.1,7,Digital Eclipse,E
Prisoner of War,XB,2002,Adventure,Atari,0.06,0.02,0,0,0.08,64,20,7,35,Wide Games,T
RollerCoaster Tycoon 2,PC,2002,Strategy,Atari,1.19,0.05,0,0,1.25,74,22,8.5,135,Chris Sawyer,E
Sega Smash Pack,GBA,2002,Misc,Atari,0.23,0.08,0,0.01,0.32,60,14,7,23,CodeFire,E
Shining Soul,GBA,2002,Role-Playing,Atari,0.03,0.01,0.09,0,0.14,58,13,8.5,8,Next Entertainment,E
Skies of Arcadia Legends,GC,2002,Role-Playing,Atari,0.17,0.04,0,0.01,0.22,84,31,9.2,95,Overworks,T
Space Channel 5: Ulala's Cosmic Attack,GBA,2002,Misc,Atari,0.01,0,0,0,0.02,55,15,8,5,Art,E
SplashDown,XB,2002,Racing,Atari,0.09,0.02,0,0,0.11,78,15,2,48,Rainbow Studios,E
Stuntman,PS2,2002,Racing,Atari,0.76,0.59,0,0.2,1.55,71,37,5.7,36,Reflections Interactive,T
Super Monkey Ball 2,GC,2002,Puzzle,Atari,1.11,0.31,0.06,0.04,1.52,87,34,8.5,51,Amusement Vision,E
Super Monkey Ball Jr.,GBA,2002,Puzzle,Atari,0.51,0.19,0,0.01,0.72,82,20,8.6,11,Realism Ltd,E
Superman: Shadow of Apokolips,PS2,2002,Action,Atari,0.21,0.16,0,0.05,0.42,64,22,7.2,9,Atari,E
Superman: The Man of Steel,XB,2002,Action,Atari,0.1,0.03,0,0,0.13,44,19,6,11,Circus Freak,T
Taz Wanted,XB,2002,Platform,Atari,0.05,0.02,0,0,0.07,62,8,7,4,Blitz Games,E
Taz Wanted,PS2,2002,Platform,Atari,0.08,0.06,0,0.02,0.16,65,7,8.7,9,Blitz Games,E
Taz Wanted,GC,2002,Platform,Atari,0.06,0.02,0,0,0.08,61,5,7,5,Blitz Games,E
Test Drive,XB,2002,Racing,Atari,0.35,0.05,0,0.02,0.42,71,16,8.7,10,Pitbull Syndicate,T
Test Drive,PS2,2002,Racing,Atari,0.95,0.21,0.01,0.18,1.34,73,19,7.4,23,Pitbull Syndicate,T
The Revenge of Shinobi,GBA,2002,Platform,Atari,0.07,0.02,0,0,0.09,51,11,10,88,3d6 Games,E
The Terminator: Dawn of Fate,XB,2002,Action,Atari,0.11,0.03,0,0.01,0.15,53,19,5.2,5,Paradigm Entertainment,T
The Terminator: Dawn of Fate,PS2,2002,Action,Atari,0.2,0.16,0,0.05,0.41,58,17,5.7,18,Paradigm Entertainment,T
Transworld Snowboarding,XB,2002,Sports,Atari,0.07,0.02,0,0,0.09,74,14,9.2,14,Housemarque,T
Transworld Surf,PS2,2002,Sports,Atari,0.09,0.07,0,0.02,0.19,76,15,8.5,6,Rockstar San Diego,T
Unlimited Saga,PS2,2002,Role-Playing,Atari,0.1,0.08,0.56,0.03,0.77,45,26,3,29,SquareSoft,T
Unreal Championship,XB,2002,Shooter,Atari,0.59,0.12,0,0.03,0.74,83,29,8.2,24,Digital Extremes,M
Unreal Tournament 2003,PC,2002,Shooter,Atari,0,0.01,0,0,0.01,86,27,8.2,98,Digital Extremes,M
Virtua Tennis,GBA,2002,Sports,Atari,0.13,0.05,0,0,0.18,83,14,6,31,Altron,E
V-Rally 3,PS2,2002,Racing,Atari,0.03,0.02,0,0.01,0.06,82,10,7.4,14,Eden Studios,E
V-Rally 3,GBA,2002,Racing,Atari,0.03,0.01,0,0,0.05,82,7,6,69,Velez & Dubail,E
.hack//Quarantine Part 4: The Final Chapter,PS2,2003,Role-Playing,Atari,0.09,0.07,0,0.02,0.18,70,21,0,80,,
Apex,XB,2003,Racing,Atari,0.1,0.03,0,0,0.14,74,26,9.1,7,Milestone S.r.l,E
Backyard Hockey,GBA,2003,Sports,Atari,0.14,0.05,0,0,0.2,95,19,10,22,Mistic Software,E
Backyard NBA Basketball,PS2,2003,Sports,Atari,0.29,0.22,0,0.07,0.59,39,71,1,41,,
Battle Engine Aquila,XB,2003,Shooter,Atari,0.01,0,0,0,0.02,76,28,6,73,Lost Toys,T
Battle Engine Aquila,PS2,2003,Shooter,Atari,0.02,0.01,0,0,0.03,73,17,9,5,Lost Toys,T
Beyblade VForce: Ultimate Blader Jam,GBA,2003,Action,Atari,0.52,0.19,0,0.01,0.73,14,15,4,71,Takara,E
Deer Hunter,PS2,2003,Sports,Atari,0.14,0.11,0,0.04,0.28,16,46,8.5,17,Coresoft,T
Dragon Ball Z: Budokai,GC,2003,Fighting,Atari,0.53,0.14,0,0.02,0.69,65,16,6.3,15,Pyramid,T
Dragon Ball Z: Budokai 2,PS2,2003,Fighting,Atari,1.63,0.22,0.51,0.06,2.41,66,28,8.2,92,Dimps Corporation,T
Dragon Ball Z: Taiketsu,GBA,2003,Fighting,Atari,0.77,0.29,0,0.02,1.08,40,23,6.1,22,Webfoot Technologies,T
Dragon Ball Z: The Legacy of Goku II,GBA,2003,Role-Playing,Atari,0.78,0.29,0,0.02,1.09,75,21,8.9,39,Webfoot Technologies,E
Duel Masters: Sempai Legends,GBA,2003,Misc,Atari,0.21,0.08,0,0.01,0.29,69,19,8,5,Mistic Software,E
Dungeons & Dragons Heroes,XB,2003,Role-Playing,Atari,0.19,0.06,0,0.01,0.26,51,3,3,52,,
Enter the Matrix,XB,2003,Action,Atari,0.72,0.43,0.01,0.04,1.2,65,33,7.1,75,Shiny Entertainment,T
Enter the Matrix,PS2,2003,Action,Atari,1.78,1.12,0.09,0.19,3.18,62,30,8.1,137,Shiny Entertainment,T
Enter the Matrix,GC,2003,Action,Atari,0.34,0.09,0.02,0.01,0.45,63,23,8,45,Shiny Entertainment,T
Furious Karting,XB,2003,Racing,Atari,0.01,0,0,0,0.01,63,17,1,80,Babylon Software,T
Ikaruga,GC,2003,Shooter,Atari,0.07,0.02,0,0,0.09,85,52,8.5,42,Treasure,E
Jeopardy!,PS2,2003,Misc,Atari,0.24,0.18,0,0.06,0.48,81,54,10,0,,
Kya: Dark Lineage,PS2,2003,Adventure,Atari,0.08,0.06,0,0.02,0.16,69,25,8.9,28,Eden Studios,T
Magic: The Gathering - Battlegrounds,XB,2003,Strategy,Atari,0.12,0.03,0,0.01,0.16,63,51,9,72,,
Mission: Impossible - Operation Surma,XB,2003,Platform,Atari,0.1,0.03,0,0,0.13,67,27,6.8,4,Paradigm Entertainment,T
Mission: Impossible - Operation Surma,PS2,2003,Platform,Atari,0.14,0.11,0,0.04,0.28,64,30,7.8,10,Paradigm Entertainment,T
Mission: Impossible - Operation Surma,GBA,2003,Platform,Atari,0.03,0.01,0,0,0.04,42,16,10,93,M4 Limited,T
Naruto: Ultimate Ninja,PS2,2003,Fighting,Atari,0.5,0.02,0,0.08,0.61,75,34,7.7,35,CyberConnect2,T
Naruto: Ultimate Ninja (JP sales),PS2,2003,Fighting,Atari,0,0,0.32,0,0.32,7,83,3,53,,
Ribbit King,PS2,2003,Sports,Atari,0.05,0.04,0,0.01,0.09,58,10,6.5,4,Bandai,E
Ribbit King,GC,2003,Sports,Atari,0.04,0.01,0,0,0.05,60,11,2,96,Bandai,E
Risk: Global Domination,PS2,2003,Strategy,Atari,0.19,0.15,0,0.05,0.38,60,9,8.8,25,Cyberlore Studios,T
RollerCoaster Tycoon,XB,2003,Strategy,Atari,0.1,0.03,0,0,0.13,62,8,8.3,12,Atari,E
RollerCoaster Tycoon 2: Triple Thrill Pack,PC,2003,Strategy,Atari,0,0.02,0,0,0.03,56,75,3.2,26,"Frontier Developments, Various",E
Stuntman,GBA,2003,Racing,Atari,0.03,0.01,0,0,0.04,77,8,2,96,Atari,E
Superman: Countdown to Apokolips,GBA,2003,Platform,Atari,0.03,0.01,0,0,0.04,47,5,5.7,6,Mistic Software,E
Superman: Shadow of Apokolips,GC,2003,Action,Atari,0.06,0.02,0,0,0.08,66,7,7.3,8,Atari,E
Terminator 3: Rise of the Machines,XB,2003,Action,Atari,0.11,0.03,0,0.01,0.14,35,24,2,10,Black Ops Entertainment,T
Terminator 3: Rise of the Machines,PS2,2003,Action,Atari,0.28,0.22,0,0.07,0.58,38,21,6.3,23,Black Ops Entertainment,T
Terminator 3: Rise of the Machines,GBA,2003,Action,Atari,0.04,0.02,0,0,0.06,50,15,1,17,Taniko,T
V-Rally 3,XB,2003,Racing,Atari,0.01,0,0,0,0.02,76,13,8,51,Eden Studios,E
Yu Yu Hakusho Ghost Files: Spirit Detective,GBA,2003,Action,Atari,0.21,0.08,0,0.01,0.3,39,69,3,49,,
Asterix & Obelix: Kick Buttix,PS2,2004,Action,Atari,0.02,0.01,0,0,0.03,51,53,4,19,,
Atari Anthology,XB,2004,Misc,Atari,0.19,0.05,0,0.01,0.25,68,15,2,29,Digital Eclipse,E
Atari Anthology,PS2,2004,Misc,Atari,0.33,0.01,0,0.05,0.4,66,12,4.3,6,Digital Eclipse,E
Backyard Baseball,PS2,2004,Sports,Atari,0.24,0.19,0,0.06,0.49,16,35,7.2,10,Humongous Entertainment,E
Backyard Basketball,GBA,2004,Sports,Atari,0.13,0.05,0,0,0.18,84,28,4,39,Mistic Software,E
Backyard Skateboarding 2006,GBA,2004,Sports,Atari,0.04,0.02,0,0,0.06,4,46,0,37,,
Beyblade G-Revolution,GBA,2004,Action,Atari,0.15,0.05,0,0,0.2,40,5,7.8,5,Full Fat,E
Dead Man's Hand,XB,2004,Shooter,Atari,0.09,0.02,0,0,0.11,62,31,8.1,9,Human Head Studios,T
Digimon Rumble Arena 2,XB,2004,Fighting,Atari,0.01,0,0,0,0.02,65,8,8.8,4,Black Ship Games,T
Digimon Rumble Arena 2,PS2,2004,Fighting,Atari,0.05,0.04,0,0.01,0.09,63,9,7.3,23,Black Ship Games,T
Digimon Rumble Arena 2,GC,2004,Fighting,Atari,0.03,0.01,0,0,0.04,71,5,8.1,7,Black Ship Games,T
Dragon Ball Z: Budokai 2,GC,2004,Fighting,Atari,0.21,0.06,0,0.01,0.27,66,9,5.8,12,Pyramid,T
Dragon Ball Z: Budokai 3,PS2,2004,Fighting,Atari,1.09,0.15,0.65,0.04,1.94,77,32,8.9,137,Dimps Corporation,T
Dragon Ball Z: Buu's Fury,GBA,2004,Action,Atari,0.44,0.16,0,0.01,0.61,62,19,8.9,39,Webfoot Technologies,E
Dragon Ball Z: Supersonic Warriors,GBA,2004,Fighting,Atari,0.36,0.13,0,0.01,0.51,73,26,7,21,Arc System Works,T
Driv3r,XB,2004,Racing,Atari,0.36,0.38,0,0.03,0.76,56,57,4.7,69,Reflections Interactive,M
Driv3r,PS2,2004,Racing,Atari,0.6,0.47,0,0.16,1.23,57,51,5.5,102,Reflections Interactive,M
Duel Masters,PS2,2004,Strategy,Atari,0.13,0.1,0,0.03,0.27,66,20,8.3,6,High Voltage Software,E
Duel Masters: Kaijudo Showdown,GBA,2004,Misc,Atari,0.16,0.06,0,0,0.22,66,10,1,68,Mistic Software,E
Duel Masters: Shadow of the Code,GBA,2004,Misc,Atari,0.01,0,0,0,0.01,8,82,2,4,Mistic Software,E
Forgotten Realms: Demon Stone,XB,2004,Action,Atari,0.06,0.02,0,0,0.09,72,17,6.5,6,Stormfront Studios,T
Forgotten Realms: Demon Stone,PS2,2004,Action,Atari,0.1,0.08,0,0.03,0.2,71,40,6.8,18,Stormfront Studios,T
Godzilla: Save the Earth,XB,2004,Fighting,Atari,0.1,0.03,0,0,0.14,63,22,8.2,6,"Pipeworks Software, Inc.",T
Godzilla: Save the Earth,PS2,2004,Fighting,Atari,0.23,0.18,0,0.06,0.47,62,19,8.7,21,"Pipeworks Software, Inc.",T
Mission: Impossible - Operation Surma,GC,2004,Platform,Atari,0.01,0,0,0,0.02,64,9,7,95,Paradigm Entertainment,T
Neverwinter Nights Diamond,PC,2004,Role-Playing,Atari,0,0.02,0,0,0.02,71,3,8.2,11,BioWare,M
RollerCoaster Tycoon 3,PC,2004,Strategy,Atari,0.01,0.22,0,0.04,0.27,81,39,5,346,Frontier Developments,E
Shadow Ops: Red Mercury,XB,2004,Shooter,Atari,0.11,0.03,0,0.01,0.15,61,45,6.1,14,Zombie,T
Terminator 3: The Redemption,XB,2004,Shooter,Atari,0.05,0.01,0,0,0.06,66,38,8.6,5,Paradigm Entertainment,T
Terminator 3: The Redemption,PS2,2004,Shooter,Atari,0.08,0.06,0,0.02,0.17,68,29,8,11,Paradigm Entertainment,T
Terminator 3: The Redemption,GC,2004,Shooter,Atari,0.02,0,0,0,0.02,68,20,2,40,Paradigm Entertainment,T
Test Drive: Eve of Destruction,XB,2004,Racing,Atari,0.07,0.02,0,0,0.09,72,28,8.7,7,Monster Games Inc.,T
Test Drive: Eve of Destruction,PS2,2004,Racing,Atari,0.11,0.09,0,0.03,0.23,73,34,9.1,23,Monster Games Inc.,T
Transformers,PS2,2004,Shooter,Atari,0.63,0.49,0,0.16,1.29,75,51,8.6,27,Melbourne House,T
Trivial Pursuit unhinged,XB,2004,Misc,Atari,0.07,0.02,0,0,0.09,58,10,8,4,Artech Studios,T
Trivial Pursuit unhinged,PS2,2004,Misc,Atari,0.09,0.07,0,0.02,0.19,51,11,2,73,Artech Studios,T
Unreal II: The Awakening,XB,2004,Shooter,Atari,0.17,0.04,0,0.01,0.21,64,27,5.3,20,Tantalus Interactive,M
Unreal Tournament 2004,PC,2004,Shooter,Atari,0,0.01,0,0,0.02,93,48,8.9,537,Epic Games,M
Yu Yu Hakusho: Tournament Tactics,GBA,2004,Strategy,Atari,0.08,0.03,0,0,0.11,24,32,6.8,8,Sensory Sweep,E
4 Game Fun Pack: Monopoly / Boggle / Yahtzee / Battleship,DS,2005,Misc,Atari,0.1,0,0,0.01,0.11,66,56,10,18,,
Atomic Betty,GBA,2005,Puzzle,Atari,0.02,0.01,0,0,0.03,62,10,7.5,6,"Big Blue Bubble Inc., Breakthrough New Media",E
Backyard Baseball 2006,GBA,2005,Sports,Atari,0.25,0.09,0,0.01,0.35,71,91,3,5,,
Backyard NFL Football 2006,PS2,2005,Sports,Atari,0.1,0.08,0,0.03,0.2,63,66,9,59,,
Backyard NFL Football 2006,GBA,2005,Sports,Atari,0.02,0.01,0,0,0.03,26,25,1,0,,
Bubble Bobble Revolution,DS,2005,Puzzle,Atari,0.04,0,0,0,0.05,38,19,6.2,6,Taito Corporation,E
Dig Dug: Digging Strike,DS,2005,Puzzle,Atari,0.05,0,0,0,0.06,65,24,2,2,Bullets,E
Digimon World 4,XB,2005,Role-Playing,Atari,0.02,0.01,0,0,0.03,54,5,8.8,4,Bandai,E
Digimon World 4,PS2,2005,Role-Playing,Atari,0.08,0.06,0,0.02,0.15,48,7,6.9,37,Bandai,E
Dragon Ball GT: Transformation,GBA,2005,Action,Atari,0.2,0.08,0,0.01,0.28,69,12,8.2,26,Webfoot Technologies,E10+
Dragon Ball Z: Budokai Tenkaichi,PS2,2005,Fighting,Atari,0.96,0.12,0.54,0.04,1.66,72,29,8.4,71,Spike,T
Dragon Ball Z: Sagas,XB,2005,Fighting,Atari,0.18,0.05,0,0.01,0.24,51,11,6.1,8,Avalanche Software,T
Dragon Ball Z: Sagas,PS2,2005,Fighting,Atari,0.38,0.01,0,0.06,0.46,49,13,5.4,29,Avalanche Software,T
Dragon Ball Z: Sagas,GC,2005,Fighting,Atari,0.16,0.04,0,0.01,0.21,48,11,6.6,11,Avalanche Software,T
Dragon Ball Z: Supersonic Warriors 2,DS,2005,Fighting,Atari,0.13,0.02,0.32,0.02,0.49,66,13,7.6,28,Arc System Works,E10+
Dragon Ball Z: The Legacy of Goku I & II,GBA,2005,Role-Playing,Atari,0.05,0.02,0,0,0.08,96,42,8,87,,
Driv3r,GBA,2005,Racing,Atari,0.02,0.01,0,0,0.03,78,41,5.4,5,Velez & Dubail,M
Ghost in the Shell: Stand Alone Complex,PSP,2005,Adventure,Atari,0.06,0,0,0.01,0.07,61,23,7.4,14,G-Artists,T
GT Legends,PC,2005,Racing,Atari,0,0.02,0,0,0.02,84,21,8.6,44,SimBin,E
Indigo Prophecy,XB,2005,Adventure,Atari,0.07,0.03,0,0,0.1,84,51,7.7,39,Quantic Dream,M
Indigo Prophecy,PS2,2005,Adventure,Atari,0.07,0.06,0,0.02,0.15,83,47,7.8,104,Quantic Dream,M
Indigo Prophecy,PC,2005,Adventure,Atari,0,0.02,0,0,0.02,85,41,8.3,375,Quantic Dream,M
Kao Challengers,PSP,2005,Platform,Atari,0.02,0,0,0,0.02,57,6,3,28,"Atari, Atari SA",E
Musashi: Samurai Legend,PS2,2005,Role-Playing,Atari,0.07,0.06,0,0.02,0.15,64,47,8.9,9,Square Enix,T
Naruto: Ultimate Ninja 3,PS2,2005,Fighting,Atari,0.36,0.01,0,0.06,0.44,75,24,8.7,33,CyberConnect2,T
Naruto: Ultimate Ninja 3 (JP sales),PS2,2005,Fighting,Atari,0,0,0.36,0,0.36,7,22,3,41,,
Popeye: Rush for Spinach,GBA,2005,Platform,Atari,0.02,0.01,0,0,0.03,48,9,4.2,5,Magic Pockets,E
Rebelstar: Tactical Command,GBA,2005,Strategy,Atari,0.04,0.01,0,0,0.05,78,29,9.1,10,Codo Games,E10+
Retro Atari Classics,DS,2005,Misc,Atari,0.12,0,0,0.01,0.13,51,17,3.7,7,Taniko,E
RollerCoaster Tycoon 3: Platinum,PC,2005,Strategy,Atari,0.01,0.06,0,0.01,0.09,33,11,0,92,,
Shonen Jump's One Piece: Grand Battle,PS2,2005,Fighting,Atari,0.07,0.05,0,0.02,0.13,63,40,6,7,,
Sigma Star Saga,GBA,2005,Role-Playing,Atari,0.04,0.01,0,0,0.05,68,34,8.2,6,WayForward,E10+
Tamagotchi Connection: Corner Shop,DS,2005,Simulation,Atari,0.1,0.02,1.12,0.01,1.26,59,20,7.7,6,NanaOn-Sha,E
The Matrix: Path of Neo,XB,2005,Action,Atari,0.23,0.07,0,0.01,0.31,73,39,7.3,20,Shiny Entertainment,T
The Matrix: Path of Neo,PS2,2005,Action,Atari,0.41,0.01,0,0.07,0.49,69,42,7.9,42,Shiny Entertainment,T
Totally Spies!,GBA,2005,Platform,Atari,0.02,0.01,0,0,0.03,19,86,9,16,,
Battlezone,PSP,2006,Shooter,Atari,0.02,0,0,0,0.03,57,13,2,49,Paradigm Entertainment,E10+
Blade Dancer: Lineage of Light,PSP,2006,Role-Playing,Atari,0.05,0,0,0,0.06,60,33,6.9,16,Hit Maker,E10+
Bullet Witch,X360,2006,Shooter,Atari,0.07,0.01,0.02,0.01,0.1,55,59,6.1,41,Cavia Inc.,M
Dragon Ball Z: Budokai Tenkaichi 2,Wii,2006,Fighting,Atari,0.24,0.03,0,0.02,0.28,72,37,8.5,40,Spike,T
Dragon Ball Z: Budokai Tenkaichi 2,PS2,2006,Fighting,Atari,0.66,0.02,0,0.11,0.79,73,31,8.6,61,Spike,T
Dragon Ball Z: Buu's Fury / Dragon Ball GT: Transformation,GBA,2006,Action,Atari,0.01,0.01,0,0,0.02,32,13,6,32,,
Dragon Ball Z: Shin Budokai,PSP,2006,Fighting,Atari,0.26,0.08,0.13,0.07,0.54,70,21,8.1,19,Dimps Corporation,T
Driver: Parallel Lines,XB,2006,Racing,Atari,0.05,0.01,0,0,0.07,69,31,4.6,17,Reflections Interactive,M
Driver: Parallel Lines,PS2,2006,Racing,Atari,0.12,0.1,0.03,0.03,0.28,69,41,6.9,74,Reflections Interactive,M
GunPey,PSP,2006,Puzzle,Atari,0.05,0,0,0.01,0.05,62,24,3,32,Q Entertainment,E10+
GunPey DS,DS,2006,Puzzle,Atari,0.04,0,0,0,0.05,70,24,8,70,Q Entertainment,E
Marc Ecko's Getting Up: Contents Under Pressure,PS2,2006,Action,Atari,0.03,0.02,0,0.01,0.05,69,39,7.2,31,Double Helix Games,M
Mercury Meltdown,PSP,2006,Action,Atari,0.05,0,0,0.01,0.06,78,36,7.8,8,Ignition Entertainment,E
Naruto: Ultimate Ninja Heroes 2 - The Phantom Fortress,PSP,2006,Fighting,Atari,0.14,0,0,0.01,0.16,64,20,7.8,17,CyberConnect2,T
Neverwinter Nights 2,PC,2006,Role-Playing,Atari,0,0.02,0,0,0.02,82,46,6.5,565,Obsidian Entertainment,T
Point Blank DS (JP sales),DS,2006,Shooter,Atari,0,0,0.07,0,0.07,5,100,1,48,,
Point Blank DS (US sales),DS,2006,Shooter,Atari,0.05,0,0,0,0.06,15,79,9,17,,
Super Dragon Ball Z,PS2,2006,Fighting,Atari,0.09,0.07,0.19,0.02,0.37,72,31,5.8,21,Crafts & Meister,T
Test Drive Unlimited,X360,2006,Racing,Atari,0.23,0.04,0.02,0.02,0.32,82,69,8,86,Eden Studios,E10+
Thrillville,PSP,2006,Strategy,Atari,0.18,0,0,0.02,0.2,72,13,2.8,39,Frontier Developments,E10+
Thrillville,PS2,2006,Strategy,Atari,0.55,0.02,0,0.09,0.66,69,32,2.9,52,Frontier Developments,E10+
Totally Spies! 2: Undercover,DS,2006,Action,Atari,0.01,0.01,0,0,0.02,10,57,6,44,,
Tycoon City: New York,PC,2006,Strategy,Atari,0,0.02,0,0,0.02,67,30,8.3,4,Deep Red,T
Ace Combat 6: Fires of Liberation,X360,2007,Simulation,Atari,0.69,0.04,0.22,0.06,1.01,80,54,7.9,101,Project Aces,T
Arthur and the Invisibles,DS,2007,Adventure,Atari,0.03,0,0,0,0.03,73,23,1,86,,
Atari Classics Evolved,PSP,2007,Misc,Atari,0.08,0,0,0.01,0.09,64,17,6,4,Stainless Games,E
Backyard Hockey,DS,2007,Sports,Atari,0.06,0,0,0,0.06,91,90,6,36,Mistic Software,E
Backyard NBA Basketball,DS,2007,Sports,Atari,0.07,0,0,0.01,0.08,0,21,10,18,,
Backyard NFL Football,Wii,2007,Sports,Atari,0.02,0,0,0,0.03,69,18,8,4,,
Backyard NFL Football,DS,2007,Sports,Atari,0.02,0,0,0,0.02,96,24,8,3,,
Backyard NFL Football '08,PS2,2007,Sports,Atari,0.03,0.02,0,0.01,0.06,81,76,6,57,,
Dragon Ball Z: Budokai Tenkaichi 3,Wii,2007,Fighting,Atari,0.32,0.36,0.26,0.09,1.02,72,27,8.4,61,"Spike, Namco Bandai Games",T
Dragon Ball Z: Budokai Tenkaichi 3,PS2,2007,Fighting,Atari,1.15,0,0.76,1.09,3,73,24,9.2,173,"Spike, Namco Bandai Games",T
Dragon Ball Z: Shin Budokai - Another Road,PSP,2007,Fighting,Atari,0.19,0.09,0.08,0.07,0.43,99,59,2,67,,
Dungeons & Dragons Tactics,PSP,2007,Strategy,Atari,0.09,0,0,0.01,0.1,61,35,5,10,,
Eternal Sonata,X360,2007,Role-Playing,Atari,0.19,0.04,0.08,0.02,0.32,79,56,7.9,97,Tri-Crescendo,T
Godzilla Unleashed,Wii,2007,Fighting,Atari,0.14,0,0,0.01,0.16,44,31,7.2,37,"Pipeworks Software, Inc.",E10+
Godzilla Unleashed: Double Smash,DS,2007,Action,Atari,0.11,0,0,0.01,0.12,28,18,4.9,8,Santa Cruz Games,E
Hot Pixel,PSP,2007,Puzzle,Atari,0.03,0,0,0,0.03,55,35,6.5,6,zSlide,T
Jenga World Tour,Wii,2007,Misc,Atari,0.05,0,0,0,0.05,26,14,2.8,11,Atomic Planet Entertainment,E
Jenga World Tour,DS,2007,Misc,Atari,0.08,0,0,0.01,0.09,32,7,3,47,Atomic Planet Entertainment,E
My Horse & Me,Wii,2007,Sports,Atari,0.27,0.02,0,0.02,0.31,67,66,10,7,,
My Horse & Me,DS,2007,Sports,Atari,0.33,0,0,0.03,0.36,9,10,0,95,,
N+,PSP,2007,Platform,Atari,0.03,0,0,0,0.03,79,21,7.8,18,"Metanet Software Inc., SilverBirch Studios",E
N+,DS,2007,Platform,Atari,0.06,0,0,0,0.07,82,20,7.4,20,"Metanet Software Inc., SilverBirch Studios",E
Namco Museum DS,DS,2007,Misc,Atari,1.13,0.01,0.06,0.09,1.29,67,19,5.9,8,M2,E
Namco Museum Remix,Wii,2007,Misc,Atari,0.68,0,0,0.05,0.74,49,18,6.3,4,TOSE,E
Naruto Shippuden: Ultimate Ninja 4,PS2,2007,Fighting,Atari,0.26,0.01,0.13,0.26,0.66,0,51,4,44,,
Neverwinter Nights 2: Mask of the Betrayer,PC,2007,Role-Playing,Atari,0,0.01,0,0,0.01,82,25,8.8,182,Obsidian Entertainment,T
Smash Court Tennis 3,X360,2007,Sports,Atari,0.08,0.02,0,0.01,0.11,55,32,6,79,Bandai Namco Games,E
Tamagotchi Connection: Corner Shop 3,DS,2007,Simulation,Atari,0.06,0,0.31,0.01,0.38,57,4,6,14,NanaOn-Sha,E
Test Drive Unlimited,PSP,2007,Racing,Atari,0.08,0.27,0,0.15,0.5,80,18,7.3,29,Melbourne House,E10+
Test Drive Unlimited,PC,2007,Racing,Atari,0,0.02,0,0,0.02,79,18,8.1,124,Eden Studios,T
The Witcher,PC,2007,Role-Playing,Atari,0,0.05,0,0.01,0.06,81,50,8.8,1116,CD Projekt Red Studio,M
Active Life: Outdoor Challenge,Wii,2008,Sports,Atari,0.78,0.43,0.19,0.14,1.54,69,6,8.1,14,h.a.n.d. Inc.,E
Alone in the Dark,X360,2008,Adventure,Atari,0.14,0.3,0,0.05,0.48,58,53,5.7,162,Eden Studios,M
Alone in the Dark,Wii,2008,Adventure,Atari,0.09,0.08,0,0.02,0.18,39,10,4.4,34,Hydravision,M
Alone in the Dark,PS2,2008,Adventure,Atari,0.03,0.02,0,0.01,0.06,47,10,5.4,24,Hydravision,M
Alone in the Dark,PC,2008,Adventure,Atari,0,0.01,0,0,0.01,55,19,5.7,148,Eden Studios,M
Alone in the Dark: Inferno,PS3,2008,Adventure,Atari,0.09,0.03,0,0.02,0.13,69,25,5.6,50,Eden Studios,M
Backyard Baseball '09,Wii,2008,Sports,Atari,0.04,0,0,0,0.04,37,4,7.8,5,Humongous Entertainment,E
Backyard Baseball '09,PS2,2008,Sports,Atari,0.01,0.01,0,0,0.02,21,6,6,64,Humongous Entertainment,E
Backyard Baseball '09,DS,2008,Sports,Atari,0.11,0,0,0.01,0.12,47,64,8,45,Humongous Entertainment,E
Backyard NFL Football '09,Wii,2008,Sports,Atari,0.2,0,0,0.02,0.21,30,65,5,66,,
Backyard NFL Football '09,PS2,2008,Sports,Atari,0.08,0.07,0,0.02,0.17,85,47,9,10,,
Backyard NFL Football '09,DS,2008,Sports,Atari,0.06,0,0,0.01,0.07,20,31,0,90,,
Downstream Panic!,PSP,2008,Action,Atari,0.03,0,0,0,0.03,95,36,10,93,,
Dragon Ball Z: Burst Limit,X360,2008,Fighting,Atari,0.24,0.18,0.03,0.05,0.49,72,50,7.6,41,"Dimps Corporation, Namco Bandai Games",T
Dragon Ball Z: Burst Limit,PS3,2008,Fighting,Atari,0.22,0.33,0.18,0.12,0.85,71,32,7.2,51,"Dimps Corporation, Namco Bandai Games",T
Dragon Ball: Origins,DS,2008,Action,Atari,0.08,0.02,0,0.01,0.12,78,18,7.5,15,Game Republic,T
Dragon Ball: Origins (JP & incomplete US sales),DS,2008,Adventure,Atari,0.04,0,0.17,0,0.22,41,15,10,62,,
Eternal Sonata,PS3,2008,Role-Playing,Atari,0.19,0.12,0.07,0.05,0.44,80,34,7.8,117,Tri-Crescendo,T
Freddi Fish: ABC under the sea,DS,2008,Misc,Atari,0.12,0,0,0.01,0.13,62,81,6,8,,
GTR Evolution,PC,2008,Racing,Atari,0,0.02,0,0,0.03,83,19,8.2,63,SimBin,E
Legendary,X360,2008,Shooter,Atari,0.08,0.15,0,0.03,0.26,47,39,7.1,87,Spark Unlimited,M
Legendary,PS3,2008,Shooter,Atari,0.08,0.03,0,0.02,0.13,50,31,7.1,31,Spark Unlimited,M
Legendary,PC,2008,Shooter,Atari,0,0.01,0,0,0.02,50,23,6.6,104,Spark Unlimited,M
My Farm Around the World,DS,2008,Simulation,Atari,0.11,0,0,0.01,0.12,84,3,4,88,BIP Games,E
My Horse & Me: Riding for Gold,Wii,2008,Sports,Atari,0.04,0.01,0,0,0.05,63,66,10,15,,
My Horse & Me: Riding for Gold,DS,2008,Sports,Atari,0.05,0.01,0,0,0.07,58,77,2,31,,
Namco Museum: Virtual Arcade,X360,2008,Misc,Atari,0.27,0.01,0.01,0.02,0.31,63,16,9,40,Namco Bandai Games,E10+
Pajama Sam: Don't Fear The Dark,Wii,2008,Adventure,Atari,0.09,0,0,0.01,0.1,59,40,10,74,,
Tales of Vesperia,X360,2008,Role-Playing,Atari,0.32,0.17,0.19,0.05,0.74,79,67,8.2,264,Bandai Namco Games,T
The Witcher: Enhanced Edition,PC,2008,Role-Playing,Atari,0.32,0.01,0,0,0.32,86,30,8.5,1660,CD Projekt Red Studio,M
We Ski & Snowboard,Wii,2008,Sports,Atari,0.38,0.29,0.15,0.08,0.89,72,55,10,80,,
What's Cooking? Jamie Oliver,DS,2008,Simulation,Atari,0.2,0.01,0,0.02,0.23,57,41,2,22,,
Afro Samurai,X360,2009,Action,Atari,0.16,0.05,0,0.02,0.24,65,70,6.2,57,"Namco Bandai Games America, Namco Bandai Games",M
Afro Samurai,PS3,2009,Action,Atari,0.12,0.05,0,0.03,0.2,65,52,6.1,27,"Namco Bandai Games America, Namco Bandai Games",M
Backyard Baseball '10,Wii,2009,Sports,Atari,0.09,0,0,0.01,0.1,73,26,2,35,Farsight Studios,E
Backyard Baseball '10,PS2,2009,Sports,Atari,0.08,0.07,0,0.02,0.17,89,18,1,38,Farsight Studios,E
Backyard Baseball '10,DS,2009,Sports,Atari,0.11,0,0,0.01,0.12,33,89,4,73,Mistic Software,E
Backyard NFL Football '10,X360,2009,Sports,Atari,0.1,0,0,0.01,0.11,100,44,4,47,,
Backyard NFL Football '10,Wii,2009,Sports,Atari,0.16,0,0,0.01,0.17,88,94,5,35,,
Backyard NFL Football '10,PS2,2009,Sports,Atari,0.03,0.02,0,0.01,0.06,72,35,8,100,,
Codename: Panzers Cold War,PC,2009,Strategy,Atari,0,0.02,0,0,0.03,67,28,5.8,8,Stormregion,T
Demigod,PC,2009,Strategy,Atari,0,0.02,0,0,0.02,76,50,7.9,183,Gas Powered Games,T
Ghostbusters: The Video Game,X360,2009,Action,Atari,0.43,0.14,0,0.06,0.63,79,53,8.5,125,Terminal Reality,T
Ghostbusters: The Video Game,Wii,2009,Action,Atari,0.59,0.2,0,0.07,0.86,76,29,8.5,28,Red Fly Studio,E10+
Ghostbusters: The Video Game,PSP,2009,Action,Atari,0.16,0.01,0,0.02,0.18,54,13,4.7,13,Red Fly Studio,E10+
Ghostbusters: The Video Game,PS2,2009,Action,Atari,0.15,0.04,0,0.24,0.43,64,9,8.7,6,War Drum Studios,E10+
Ghostbusters: The Video Game,DS,2009,Action,Atari,0.24,0.12,0,0.04,0.4,55,17,6,7,Zen Studios,E
Qubed,X360,2009,Puzzle,Atari,0.07,0,0,0.01,0.08,41,90,8,39,Q Entertainment,E
Race Pro,X360,2009,Racing,Atari,0.06,0.09,0,0.02,0.17,72,54,7,60,SimBin,E
Ready 2 Rumble Revolution,Wii,2009,Sports,Atari,0.15,0,0,0.01,0.16,37,31,7,86,10tacle Studios,T
The Chase: Felix Meets Felicity,DS,2009,Action,Atari,0.04,0,0,0,0.04,59,9,5,88,Razorback Developments,E
The Chronicles of Riddick: Assault on Dark Athena,X360,2009,Shooter,Atari,0.16,0.1,0,0.03,0.29,82,67,8.2,73,Starbreeze,M
Atari's Greatest Hits: Volume 1,DS,2010,Misc,Atari,0.13,0,0,0.01,0.14,64,83,3,59,,
Backyard Sports Football: Rookie Rush,X360,2010,Sports,Atari,0.11,0,0,0.01,0.12,48,32,8,36,,
Backyard Sports Football: Rookie Rush,Wii,2010,Sports,Atari,0.11,0,0,0.01,0.12,24,93,5,33,,
Backyard Sports Football: Rookie Rush,DS,2010,Sports,Atari,0.16,0,0,0.01,0.17,19,80,3,15,,
Backyard Sports: Sandlot Sluggers,X360,2010,Sports,Atari,0.09,0,0,0.01,0.09,40,44,3.8,4,HB Studios Multimedia,E
Backyard Sports: Sandlot Sluggers,Wii,2010,Sports,Atari,0.14,0,0,0.01,0.15,92,85,10,74,HB Studios Multimedia,E
Backyard Sports: Sandlot Sluggers,DS,2010,Sports,Atari,0.13,0,0,0.01,0.14,64,1,6,93,Powerhead Games,E
Haunted House,Wii,2010,Action,Atari,0.12,0,0,0.01,0.13,41,6,5,39,"Atari, Atari SA",E10+
Project Runway,Wii,2010,Simulation,Atari,0.23,0,0,0.02,0.25,34,25,8,71,Tornado Studios,E
Sam & Max: Beyond Time and Space,Wii,2010,Adventure,Atari,0.05,0,0,0,0.05,81,68,10,92,,
Star Trek Online,PC,2010,Role-Playing,Atari,0,0.02,0,0,0.02,66,34,6.2,694,Cryptic Studios,T
Atari's Greatest Hits: Volume 2,DS,2011,Misc,Atari,0.05,0,0,0,0.06,77,62,10,71,,
Centipede: Infestation,Wii,2011,Shooter,Atari,0.05,0,0,0,0.05,4,12,10,66,WayForward,E10+
Centipede: Infestation,3DS,2011,Shooter,Atari,0.04,0,0,0,0.05,90,86,3,64,WayForward,E10+
Dungeons & Dragons: Neverwinter Nights - Complete,PC,2011,Misc,Atari,0.01,0,0,0,0.01,46,34,3,29,,
Fishdom,DS,2011,Puzzle,Atari,0.05,0,0,0,0.05,57,40,8,29,Playrix Entertainment,E
Test Drive: Ferrari Legends,X360,2012,Racing,Atari,0.04,0,0,0,0.05,26,45,7,95,,
Atari Flashback Classics: Volume 1,XOne,2016,Misc,Atari,0.02,0,0,0,0.02,84,25,4,40,"Atari, Atari SA",E
Atari Flashback Classics: Volume 1,PS4,2016,Misc,Atari,0.02,0,0,0,0.03,46,85,8,7,"Atari, Atari SA",E
Atari Flashback Classics: Volume 2,XOne,2016,Misc,Atari,0.02,0,0,0,0.02,93,85,2,51,"Atari, Atari SA",E
Atari Flashback Classics: Volume 2,PS4,2016,Misc,Atari,0.02,0,0,0,0.02,11,51,5,61,"Atari, Atari SA",E
RollerCoaster Tycoon World,PC,2016,Simulation,Atari,0,0.02,0,0,0.02,43,7,2.4,31,Nvizzio Creations,E
Adventure,2600,N/A,Adventure,Atari,1.21,0.08,0,0.01,1.3,99,16,9,8,,
Air-Sea Battle,2600,N/A,Shooter,Atari,0.91,0.06,0,0.01,0.98,86,59,10,23,,
Circus Atari,2600,N/A,Action,Atari,0.43,0.03,0,0,0.46,18,39,10,64,,
Combat,2600,N/A,Action,Atari,1.17,0.07,0,0.01,1.25,62,33,9,37,,
Flag Capture,2600,N/A,Action,Atari,0.25,0.02,0,0,0.27,10,20,0,22,,
Hangman,2600,N/A,Puzzle,Atari,0.35,0.02,0,0,0.38,77,51,3,72,,
Home Run,2600,N/A,Sports,Atari,0.14,0.01,0,0,0.15,76,61,0,88,,
Indy 500,2600,N/A,Racing,Atari,0.26,0.01,0,0,0.27,99,69,7,70,,
Maze Craze: A Game of Cops 'n Robbers,2600,N/A,Action,Atari,0.42,0.02,0,0,0.45,80,39,2,80,,
Slot Machine,2600,N/A,Action,Atari,0.29,0.02,0,0,0.31,80,25,6,57,,
Space Invaders,2600,N/A,Shooter,Atari,2.36,0.14,0,0.03,2.53,13,80,2,6,,
Super Breakout,2600,N/A,Puzzle,Atari,0.41,0.03,0,0,0.44,48,40,8,79,,
Test Drive Unlimited 2,X360,N/A,Racing,Atari,0.3,0.31,0,0.07,0.68,68,61,6.4,87,Eden,T
Test Drive Unlimited 2,PS3,N/A,Racing,Atari,0.16,0.34,0.01,0.12,0.62,70,43,6.1,44,Eden,T
Test Drive Unlimited 2,PC,N/A,Racing,Atari,0.05,0.11,0,0.03,0.19,72,19,5.7,253,Eden,T
Transworld Surf,XB,N/A,Sports,Atari,0.1,0.03,0,0,0.13,76,25,3,17,Rockstar San Diego,T
