﻿Name,Platform,Year_of_Release,Genre,Publisher,NA_Sales,EU_Sales,JP_Sales,Other_Sales,Global_Sales,Critic_Score,Critic_Count,User_Score,User_Count,Developer,Rating
Castlevania,NES,1986,Platform,Konami Digital Entertainment,0.54,0.06,0.62,0.01,1.23,79,69,8,55,,
Ganbare Goemon! Karakuri Douchuu,NES,1986,Platform,Konami Digital Entertainment,0,0,1.2,0,1.2,91,65,10,43,,
Gradius,NES,1986,Shooter,Konami Digital Entertainment,0.27,0.08,1,0.01,1.36,32,41,0,78,,
TwinBee,NES,1986,Shooter,Konami Digital Entertainment,0,0,1.2,0,1.2,56,4,5,24,,
Castlevania II: Simon's Quest,NES,1987,Platform,Konami Digital Entertainment,0.45,0.06,0.42,0,0.93,56,91,3,55,,
Castlevania III: Dracula's Curse,NES,1989,Platform,Konami Digital Entertainment,0.4,0.07,0.37,0.01,0.85,28,84,9,6,,
Teenage Mutant Ninja Turtles II: The Arcade Game,NES,1990,Action,Konami Digital Entertainment,1.74,0.25,0.21,0.03,2.23,10,62,10,35,,
Super Castlevania IV,SNES,1991,Platform,Konami Digital Entertainment,0.32,0.05,0.25,0.01,0.63,49,31,8,53,,
Teenage Mutant Ninja Turtles II: Back from the Sewers,GB,1991,Action,Konami Digital Entertainment,0,0,0.06,0,0.06,63,78,3,42,,
Teenage Mutant Ninja Turtles III: The Manhattan Project,NES,1991,Action,Konami Digital Entertainment,1.05,0.17,0.15,0.02,1.39,41,52,5,77,,
The Legend of the Mystical Ninja,SNES,1991,Adventure,Konami Digital Entertainment,0,0,0.48,0,0.48,22,53,2,50,,
Contra III: The Alien Wars,SNES,1992,Shooter,Konami Digital Entertainment,0,0,0.13,0,0.13,87,27,3,10,,
Teenage Mutant Ninja Turtles: Tournament Fighters,SNES,1992,Fighting,Konami Digital Entertainment,0,0,0.06,0,0.06,31,48,0,57,,
Teenage Mutant Ninja Turtles: Tournament Fighters,NES,1992,Fighting,Konami Digital Entertainment,0.04,0.01,0.02,0,0.07,60,28,3,29,,
Ganbare Goemon 2: Kiteretsu Shougun Magginesu,SNES,1993,Platform,Konami Digital Entertainment,0,0,0.31,0,0.31,93,86,3,83,,
Lethal Enforcers,SNES,1993,Shooter,Konami Digital Entertainment,0,0,0.09,0,0.09,63,48,8,18,,
Pop'n TwinBee: Rainbow Bell Adventure,SNES,1993,Platform,Konami Digital Entertainment,0,0,0.06,0,0.06,20,2,10,65,,
Castlevania Bloodlines,GEN,1994,Platform,Konami Digital Entertainment,0,0,0.04,0,0.04,87,91,9,37,,
Ganbare Goemon 3: Shishi Jyuurokubei no Karakuri Manji Katame,SNES,1994,Platform,Konami Digital Entertainment,0,0,0.36,0,0.36,73,67,10,42,,
Gokujou Parodius,SNES,1994,Shooter,Konami Digital Entertainment,0,0,0.18,0,0.18,4,87,9,54,,
International Superstar Soccer,SNES,1994,Sports,Konami Digital Entertainment,0,0,0.28,0,0.28,62,92,7,26,,
Jikkyou Powerful Pro Yakuu '94,SNES,1994,Sports,Konami Digital Entertainment,0,0,0.41,0,0.41,13,21,4,91,,
Jikkyou Powerful Pro Yakyuu '95,PS,1994,Sports,Konami Digital Entertainment,0,0,0.11,0.01,0.11,61,25,1,97,,
Parodius,PS,1994,Shooter,Konami Digital Entertainment,0,0,0.31,0.02,0.33,54,77,0,56,,
Castlevania Dracula X,SNES,1995,Platform,Konami Digital Entertainment,0.03,0.01,0.05,0,0.09,28,73,8,95,,
Detana TwinBee Yahho! Deluxe Pack,SAT,1995,Shooter,Konami Digital Entertainment,0,0,0.13,0,0.13,16,45,1,4,,
Detana TwinBee Yahho! Deluxe Pack,PS,1995,Shooter,Konami Digital Entertainment,0,0,0.08,0.01,0.09,43,92,3,3,,
Ganbare Goemon: KiraKira Douchuu - Boku ga Dancer ni Natta Riyuu,SNES,1995,Platform,Konami Digital Entertainment,0,0,0.31,0,0.31,80,15,5,5,,
International Superstar Soccer Deluxe,SNES,1995,Sports,Konami Digital Entertainment,0,0,0.16,0,0.16,85,20,10,85,,
Jikkyou Oshaberi Parodius,SNES,1995,Shooter,Konami Digital Entertainment,0,0,0.05,0,0.05,14,60,3,19,,
Jikkyou Powerful Pro Yakyuu 2,SNES,1995,Sports,Konami Digital Entertainment,0,0,0.27,0,0.27,63,28,4,34,,
NBA In The Zone,PS,1995,Sports,Konami Digital Entertainment,0.16,0.11,0,0.02,0.28,10,80,9,67,,
Parodius,SAT,1995,Shooter,Konami Digital Entertainment,0,0,0.16,0,0.17,38,0,0,85,,
Policenauts,3DO,1995,Adventure,Konami Digital Entertainment,0,0,0.06,0,0.06,18,26,9,92,,
Suikoden,PS,1995,Role-Playing,Konami Digital Entertainment,0.21,0.14,0.21,0.04,0.6,62,66,1,68,,
Tokimeki Memorial: Forever with You,PS,1995,Simulation,Konami Digital Entertainment,0,0,0.55,0.04,0.58,28,20,0,3,,
Bottom of the 9th,PS,1996,Sports,Konami Digital Entertainment,0.08,0.05,0,0.01,0.14,34,2,1,48,,
Contra: Legacy of War,PS,1996,Shooter,Konami Digital Entertainment,0.37,0.25,0,0.04,0.67,40,86,3,97,,
Goal Storm '97,PS,1996,Sports,Konami Digital Entertainment,0.01,0,0.09,0.01,0.11,67,96,10,57,,
International Track & Field,PS,1996,Sports,Konami Digital Entertainment,0.08,0.05,0.35,0.03,0.51,83,65,7,51,,
Jikkyou J-League Perfect Striker,N64,1996,Sports,Konami Digital Entertainment,0,0,0.19,0,0.19,8,57,8,43,,
Jikkyou Powerful Pro Yakyuu 3,SNES,1996,Sports,Konami Digital Entertainment,0,0,0.45,0,0.45,62,17,4,7,,
Jikkyou Powerful Pro Yakyuu '96 Kaimakuban,SNES,1996,Sports,Konami Digital Entertainment,0,0,0.19,0,0.19,3,72,5,98,,
Lethal Enforcers I & II,PS,1996,Shooter,Konami Digital Entertainment,0.02,0.01,0,0,0.03,87,84,6,4,,
Mahjong Master,N64,1996,Misc,Konami Digital Entertainment,0,0,0.09,0,0.09,80,7,7,74,,
Project Overkill,PS,1996,Shooter,Konami Digital Entertainment,0.14,0.09,0,0.02,0.25,88,69,4,13,,
The Final Round,PS,1996,Sports,Konami Digital Entertainment,0.04,0.03,0,0,0.07,99,95,5,38,,
Tokimeki Memorial: Forever with You,SAT,1996,Simulation,Konami Digital Entertainment,0,0,0.38,0,0.38,42,99,4,30,,
Tokimeki Memorial: Private Collection,PS,1996,Misc,Konami Digital Entertainment,0,0,0.16,0.01,0.17,78,82,4,1,,
Tokimeki Memorial: Taisen Pazurudama,SAT,1996,Puzzle,Konami Digital Entertainment,0,0,0.08,0,0.08,90,6,7,88,,
Tokimeki Memorial: Taisen Pazurudama,PS,1996,Puzzle,Konami Digital Entertainment,0,0,0.09,0.01,0.1,98,93,6,30,,
Vandal Hearts,PS,1996,Role-Playing,Konami Digital Entertainment,0.14,0.09,0.19,0.03,0.45,12,36,9,31,,
Azure Dreams,PS,1997,Role-Playing,Konami Digital Entertainment,0.07,0.05,0,0.01,0.13,19,87,3,15,,
Bottom of the 9th '97,PS,1997,Sports,Konami Digital Entertainment,0.01,0.01,0,0,0.02,92,68,8,6,,
Broken Helix,PS,1997,Action,Konami Digital Entertainment,0.03,0.02,0,0,0.06,12,83,1,5,,
Castlevania: Symphony of the Night,PS,1997,Platform,Konami Digital Entertainment,0.58,0.4,0.21,0.08,1.27,93,12,9.4,358,Konami,T
Crypt Killer,PS,1997,Shooter,Konami Digital Entertainment,0.02,0.01,0,0,0.04,66,99,8,99,,
International Superstar Soccer 64,N64,1997,Sports,Konami Digital Entertainment,0.09,0.26,0.23,0.02,0.6,29,22,0,47,,
International Superstar Soccer 64 (weekly JP sales),N64,1997,Sports,Konami Digital Entertainment,0,0,0.05,0.05,0.1,24,64,2,19,,
Jikkyou Powerful Pro Yakyuu 3 '97 Haru,SNES,1997,Sports,Konami Digital Entertainment,0,0,0.16,0,0.16,84,79,8,58,,
Jikkyou Powerful Pro Yakyuu 4,N64,1997,Sports,Konami Digital Entertainment,0,0,0.26,0.05,0.31,63,93,2,63,,
Jikkyou Powerful Pro Yakyuu '97 Kaimakuban,PS,1997,Sports,Konami Digital Entertainment,0,0,0.56,0.04,0.59,32,86,8,75,,
J-League Jikkyou Winning Eleven 3,PS,1997,Sports,Konami Digital Entertainment,0,0,0.18,0.01,0.19,26,45,8,57,,
Kensei: Sacred Fist,PS,1997,Fighting,Konami Digital Entertainment,0.01,0.01,0,0,0.02,15,66,1,44,,
Mystical Ninja starring Goemon,N64,1997,Action,Konami Digital Entertainment,0.07,0.02,0.23,0.04,0.36,19,20,5,32,,
Nagano Winter Olympics 98,N64,1997,Sports,Konami Digital Entertainment,0.15,0.04,0.13,0,0.32,81,97,6,89,,
Nagano Winter Olympics '98,PS,1997,Sports,Konami Digital Entertainment,0.07,0.05,0,0.01,0.13,51,45,3,41,,
NBA In The Zone '98,N64,1997,Sports,Konami Digital Entertainment,0.25,0.02,0,0,0.27,37,13,7,11,,
Poy Poy,PS,1997,Action,Konami Digital Entertainment,0.01,0.01,0,0,0.03,59,99,1,45,,
BeatMania,PS,1998,Simulation,Konami Digital Entertainment,0,0,1.07,0.02,1.09,57,52,3,5,,
BeatMania Append 3rdMix,PS,1998,Simulation,Konami Digital Entertainment,0,0,0.56,0.04,0.6,86,8,7,46,,
Bottom of the 9th '99,PS,1998,Sports,Konami Digital Entertainment,0.03,0.02,0,0,0.05,55,57,5,71,,
Breeding Stud 2,PS,1998,Sports,Konami Digital Entertainment,0,0,0.04,0,0.04,45,47,6,41,,
C: The Contra Adventure,PS,1998,Shooter,Konami Digital Entertainment,0.04,0.02,0,0,0.07,89,38,5,57,,
Deadly Arts,N64,1998,Fighting,Konami Digital Entertainment,0.03,0.01,0,0,0.04,15,15,5,27,,
Goemon's Great Adventure,N64,1998,Platform,Konami Digital Entertainment,0.06,0.02,0.13,0.1,0.31,89,50,1,12,,
International Superstar Soccer '98,N64,1998,Sports,Konami Digital Entertainment,0.06,0.3,0.19,0.03,0.58,5,24,9,90,,
International Superstar Soccer Pro '98,PS,1998,Sports,Konami Digital Entertainment,0.02,0.02,0.35,0.03,0.42,78,62,3,61,,
ISS Pro Evolution,PS,1998,Sports,Konami Digital Entertainment,0,0,0.71,0.05,0.76,94,4,8.7,40,KCET,E
Jikkyou Powerful Pro Yakyuu 5,N64,1998,Sports,Konami Digital Entertainment,0,0,0.27,0,0.27,14,93,10,48,,
Jikkyou Powerful Pro Yakyuu '98 Kaimakuban,PS,1998,Sports,Konami Digital Entertainment,0,0,0.55,0.04,0.59,95,75,2,85,,
Jikkyou Powerful Pro Yakyuu '98 Ketteiban,PS,1998,Sports,Konami Digital Entertainment,0,0,0.25,0.02,0.27,51,53,10,65,,
Kartia: The Word of Fate,PS,1998,Strategy,Konami Digital Entertainment,0.05,0.03,0.12,0.01,0.22,15,68,7,75,,
Metal Gear Solid,PS,1998,Action,Konami Digital Entertainment,3.18,1.83,0.78,0.24,6.03,94,20,9.4,918,KCEJ,M
NBA In The Zone '99,N64,1998,Sports,Konami Digital Entertainment,0.04,0,0,0,0.04,55,2,2,93,,
Power Pro GB,GB,1998,Sports,Konami Digital Entertainment,0,0,0.07,0,0.07,44,98,0,0,,
Quest 64,N64,1998,Role-Playing,Konami Digital Entertainment,0.38,0.08,0,0.01,0.47,7,67,10,45,,
Suikoden II,PS,1998,Role-Playing,Konami Digital Entertainment,0.15,0.1,0.38,0.04,0.68,82,8,8.4,162,Konami,T
Tokimeki no Houkago,PS,1998,Misc,Konami Digital Entertainment,0,0,0.06,0,0.06,65,84,10,81,,
Trap Gunner: Countdown to Oblivion,PS,1998,Strategy,Konami Digital Entertainment,0.02,0.01,0,0,0.03,57,47,8,77,,
World Soccer Jikkyou Winning Eleven 3: World Cup France '98,PS,1998,Sports,Konami Digital Entertainment,0,0,0.75,0.05,0.81,94,59,10,21,,
Yu-Gi-Oh! Duel Monsters,GB,1998,Strategy,Konami Digital Entertainment,0,0,1.61,0.01,1.61,73,13,8,48,,
Yu-Gi-Oh! Monster Capsule Breed & Battle,PS,1998,Role-Playing,Konami Digital Entertainment,0,0,0.26,0.02,0.28,39,70,1,4,,
BeatMania Append 4thMix: The beat goes on,PS,1999,Simulation,Konami Digital Entertainment,0,0,0.27,0.02,0.29,17,58,9,23,,
BeatMania Append GottaMix,PS,1999,Simulation,Konami Digital Entertainment,0,0,0.31,0.02,0.33,2,15,6,19,,
Bottom of the 9th,N64,1999,Sports,Konami Digital Entertainment,0.37,0,0,0,0.37,60,72,2,53,,
Castlevania,N64,1999,Platform,Konami Digital Entertainment,0.44,0.1,0.04,0.05,0.64,52,86,6,51,,
Castlevania: Legacy of Darkness,N64,1999,Platform,Konami Digital Entertainment,0.06,0.02,0.05,0,0.13,92,13,10,69,,
Dance Dance Revolution (Japan),PS,1999,Simulation,Konami Digital Entertainment,0,0,1.26,0.09,1.35,29,51,3,24,,
Dance Dance Revolution 2nd ReMIX,PS,1999,Simulation,Konami Digital Entertainment,0,0,0.9,0.06,0.96,15,41,1,69,,
Dancing Blade II: Tears of Eden,PS,1999,Adventure,Konami Digital Entertainment,0,0,0.03,0,0.03,79,44,3,79,,
Fisherman's Bait 2: Big Ol' Bass,PS,1999,Sports,Konami Digital Entertainment,0.16,0.11,0,0.02,0.29,90,56,3,28,,
Guitar Freaks,PS,1999,Simulation,Konami Digital Entertainment,0,0,0.23,0.02,0.24,33,30,8,28,,
Hybrid Heaven,N64,1999,Role-Playing,Konami Digital Entertainment,0.16,0.04,0.05,0,0.25,14,8,8,73,,
International Superstar Soccer 2000 (All region sales),N64,1999,Sports,Konami Digital Entertainment,0.01,0.26,0.22,0.02,0.51,37,20,0,84,,
International Superstar Soccer 2000 (JP weekly sales),N64,1999,Sports,Konami Digital Entertainment,0,0,0.18,0,0.18,35,80,2,86,,
International Track & Field 2000,PS,1999,Sports,Konami Digital Entertainment,0.06,0.04,0,0.01,0.11,89,48,1,74,,
Jikkyou Powerful Pro Yakyuu 6,N64,1999,Sports,Konami Digital Entertainment,0,0,0.39,0.03,0.42,88,80,4,17,,
Jikkyou Powerful Pro Yakyuu '99 Kaimakuban,PS,1999,Sports,Konami Digital Entertainment,0,0,0.76,0.05,0.81,2,88,6,31,,
Jikkyou Powerful Pro Yakyuu '99 Ketteiban,PS,1999,Sports,Konami Digital Entertainment,0,0,0.25,0.02,0.26,7,74,8,11,,
Konami Arcade Classics,PS,1999,Misc,Konami Digital Entertainment,0.02,0.01,0,0,0.04,34,52,7,13,,
Metal Gear Solid Integral,PS,1999,Adventure,Konami Digital Entertainment,0,0,0.1,0.01,0.11,56,86,8,16,,
Metal Gear Solid VR Missions,PS,1999,Adventure,Konami Digital Entertainment,0.66,0.45,0,0.08,1.18,53,29,2,66,,
NHL Blades of Steel 2000,PS,1999,Sports,Konami Digital Entertainment,0.02,0.01,0,0,0.04,46,95,1,40,,
NHL Blades of Steel '99,N64,1999,Sports,Konami Digital Entertainment,0.05,0,0,0,0.05,37,0,6,14,,
No.1 Muscle Ranking - Kinniku Banzuke Vol. 1: Oregasaikyouno Otokoda!,PS,1999,Sports,Konami Digital Entertainment,0,0,0.3,0.02,0.32,88,66,10,97,,
Power Pro Kun Pocket,GB,1999,Sports,Konami Digital Entertainment,0,0,0.17,0,0.17,2,61,6,54,,
Silent Hill,PS,1999,Action,Konami Digital Entertainment,0.71,0.48,0.3,0.1,1.6,86,17,9.2,326,KCET,M
The Grinch,PS,1999,Adventure,Konami Digital Entertainment,0.29,0.2,0,0.03,0.52,55,8,8,89,VU Games,E
Tokimeki Memorial 2,PS,1999,Simulation,Konami Digital Entertainment,0,0,0.36,0.03,0.39,84,12,7,23,,
Vandal Hearts II,PS,1999,Strategy,Konami Digital Entertainment,0.06,0.04,0,0.01,0.1,18,53,8,36,,
Woody Woodpecker Racing,PS,1999,Racing,Konami Digital Entertainment,0.06,0.04,0,0.01,0.11,46,4,3,98,VU Games,E
Yu-Gi-Oh! Duel Monsters II: Dark Duel Stories,GB,1999,Strategy,Konami Digital Entertainment,0,0,1.1,0,1.1,76,61,5,82,,
Yu-Gi-Oh! Forbidden Memories,PS,1999,Role-Playing,Konami Digital Entertainment,1.37,0.44,0,0.08,1.88,35,70,9,90,,
Yu-Gi-Oh! Forbidden Memories (JP sales),PS,1999,Role-Playing,Konami Digital Entertainment,0,0,0.45,0.03,0.48,67,31,9,94,,
BeatMania IIDX 3rd Style,PS2,2000,Simulation,Konami Digital Entertainment,0,0,0.05,0,0.05,7,78,8,13,,
Dance Dance Revolution 3rdMix,PS,2000,Simulation,Konami Digital Entertainment,0,0,0.33,0.02,0.36,78,26,5,94,,
Dance Dance Revolution Disney Mix,PS,2000,Simulation,Konami Digital Entertainment,0.02,0.02,0,0,0.04,74,7,8.3,13,Konami,E
DrumMania,PS2,2000,Simulation,Konami Digital Entertainment,0,0,0.15,0,0.15,83,23,5,21,,
Ephemeral Fantasia,PS2,2000,Role-Playing,Konami Digital Entertainment,0.04,0.03,0,0.01,0.08,48,16,6.3,39,KCEJ,T
ESPN International Track & Field,PS2,2000,Sports,Konami Digital Entertainment,0.09,0.07,0,0.02,0.19,24,34,1,71,,
ESPN NBA 2Night,PS2,2000,Sports,Konami Digital Entertainment,0.05,0.04,0,0.01,0.09,62,8,5,69,Konami,E
ESPN Winter X Games: Snowboarding 2002,PS2,2000,Sports,Konami Digital Entertainment,0.1,0.08,0,0.03,0.21,64,14,7.9,8,Konami,T
ESPN Winter X-Games: Snowboarding 2002,GBA,2000,Sports,Konami Digital Entertainment,0.05,0.02,0,0,0.06,51,62,4,22,,
Gradius III and IV,PS2,2000,Shooter,Konami Digital Entertainment,0.04,0.03,0,0.01,0.08,64,15,2,46,KCET,E
Guitar Freaks 3rdMIX & DrumMania 2ndMIX,PS2,2000,Simulation,Konami Digital Entertainment,0,0,0.06,0,0.06,85,66,8,66,,
International Superstar Soccer 2000,PS2,2000,Sports,Konami Digital Entertainment,0,0,0.2,0,0.2,99,66,9,84,,
Jikkyou Powerful Pro Yakyuu 2000,N64,2000,Sports,Konami Digital Entertainment,0,0,0.29,0.06,0.35,99,41,6,23,,
Jikkyou Powerful Pro Yakyuu 2000 Kaimakuban,PS,2000,Sports,Konami Digital Entertainment,0,0,0.27,0.02,0.29,55,25,8,75,,
Jikkyou Powerful Pro Yakyuu 2000 Ketteiban,PS,2000,Sports,Konami Digital Entertainment,0,0,0.08,0.01,0.09,9,19,3,41,,
Jikkyou Powerful Pro Yakyuu 7,PS2,2000,Sports,Konami Digital Entertainment,0,0,0.35,0,0.35,3,37,6,2,,
Jikkyou Powerful Pro Yakyuu DreamCast Edition,DC,2000,Sports,Konami Digital Entertainment,0,0,0.06,0,0.06,56,88,3,91,,
Jikkyou World Soccer 2000 Final Edition,PS2,2000,Sports,Konami Digital Entertainment,0,0,0.66,0,0.66,87,92,8,45,,
J-League Jikkyou Winning Eleven 2000,PS,2000,Sports,Konami Digital Entertainment,0,0,0.15,0.01,0.16,41,29,2,47,,
Metal Gear Solid,GB,2000,Action,Konami Digital Entertainment,0,0,0.07,0,0.07,50,52,9,86,,
NBA in the Zone 2000,PS,2000,Sports,Konami Digital Entertainment,0.12,0.08,0,0.01,0.21,25,61,7,98,,
NBA in the Zone 2000,N64,2000,Sports,Konami Digital Entertainment,0.04,0,0,0,0.04,45,20,7,59,,
Nightmare Creatures II,PS,2000,Action,Konami Digital Entertainment,0.09,0.06,0,0.01,0.17,35,64,10,11,,
No.1 Muscle Ranking - Kinniku Banzuke Vol. 2: Aratanarugenkai Enochousen!,PS,2000,Sports,Konami Digital Entertainment,0,0,0.14,0.01,0.15,56,30,10,91,,
Power Pro Kun Pocket 2,GB,2000,Sports,Konami Digital Entertainment,0,0,0.25,0,0.25,79,50,0,21,,
Ring of Red,PS2,2000,Strategy,Konami Digital Entertainment,0.06,0.04,0,0.01,0.11,82,15,8.7,11,Konami,T
Silent Scope,PS2,2000,Shooter,Konami Digital Entertainment,0.19,0.15,0,0.05,0.38,63,23,9,42,KCET,M
World Soccer Jikkyou Winning Eleven 2000: U-23 Medal heno Chousen,PS,2000,Sports,Konami Digital Entertainment,0,0,0.39,0.03,0.41,33,24,4,61,,
Yu-Gi-Oh! Dark Duel Stories,GB,2000,Misc,Konami Digital Entertainment,0,0,0.83,0,0.83,59,41,3,43,,
Yu-Gi-Oh! Monster Capture GB,GB,2000,Role-Playing,Konami Digital Entertainment,0,0,0.14,0,0.14,87,24,1,83,,
Yu-Gi-Oh: Duel Monsters 4,GB,2000,Role-Playing,Konami Digital Entertainment,0,0,2.17,0.01,2.18,72,66,0,88,,
AirForce Delta Storm,XB,2001,Shooter,Konami Digital Entertainment,0.14,0.04,0,0.01,0.18,61,21,7.1,7,KCE Studios,E
BeatMania IIDX 4th Style: New Songs Collection,PS2,2001,Simulation,Konami Digital Entertainment,0,0,0.05,0,0.05,61,13,10,20,,
Castlevania Chronicles,PS,2001,Platform,Konami Digital Entertainment,0.07,0.05,0,0.01,0.13,69,16,7,13,Konami,T
Castlevania: Circle of the Moon,GBA,2001,Platform,Konami Digital Entertainment,0.6,0.22,0.05,0.02,0.89,91,22,8.5,59,KCEK,T
Dance Dance Revolution (North America),PS,2001,Simulation,Konami Digital Entertainment,0.08,0.06,0,0.01,0.15,28,34,6,17,,
Dance Dance Revolution Extra Mix,PS,2001,Simulation,Konami Digital Entertainment,0,0,0.02,0,0.02,52,76,9,82,,
DrumMania 7th Mix,PS2,2001,Simulation,Konami Digital Entertainment,0,0,0.03,0,0.03,89,54,3,80,,
ESPN Final Round Golf 2002,GBA,2001,Sports,Konami Digital Entertainment,0.12,0.05,0,0,0.17,70,10,1,45,Konami Computer Entertainment Nagoya,E
ESPN Great Outdoor Games Bass 2002,GBA,2001,Sports,Konami Digital Entertainment,0.03,0.01,0,0,0.05,57,7,5,57,KCEO,E
ESPN National Hockey Night,PS2,2001,Sports,Konami Digital Entertainment,0.03,0.03,0,0.01,0.07,44,10,3,59,Kush Games,E
ESPN NFL Primetime 2002,PS2,2001,Sports,Konami Digital Entertainment,0.04,0.03,0,0.01,0.08,65,8,2,6,Konami,E
ESPN X Games Skateboarding,PS2,2001,Sports,Konami Digital Entertainment,0.18,0.14,0,0.05,0.36,58,15,7.8,14,KCEO,E
ESPN X Games Skateboarding,GBA,2001,Sports,Konami Digital Entertainment,0.13,0.05,0,0,0.18,62,4,9,11,Konami Computer Entertainment Hawaii,E
Frogger: The Great Quest,PS2,2001,Platform,Konami Digital Entertainment,0.6,0.47,0,0.16,1.23,32,6,4.6,29,Konami,E
Gradius Galaxies,GBA,2001,Shooter,Konami Digital Entertainment,0.06,0.02,0,0,0.08,78,17,9,70,Mobile 21,E
Jikkyou Powerful Pro Yakyuu 2001,PS,2001,Sports,Konami Digital Entertainment,0,0,0.23,0.02,0.24,19,13,1,16,,
Jikkyou Powerful Pro Yakyuu 8,PS2,2001,Sports,Konami Digital Entertainment,0,0,0.29,0,0.29,48,61,1,13,,
Jikkyou Powerful Pro Yakyuu 8 Ketteiban,PS2,2001,Sports,Konami Digital Entertainment,0,0,0.12,0,0.12,97,60,8,60,,
Jikkyou Powerful Pro Yakyuu Basic-han 2001,N64,2001,Sports,Konami Digital Entertainment,0,0,0.12,0.04,0.16,24,2,5,69,,
Jurassic Park III: Island Attack,GBA,2001,Adventure,Konami Digital Entertainment,0.13,0.05,0,0,0.18,57,6,8,7,Konami,E
Jurassic Park III: Park Builder,GBA,2001,Simulation,Konami Digital Entertainment,0.04,0.02,0,0,0.06,65,5,8,5,Konami,E
Konami Krazy Racers,GBA,2001,Racing,Konami Digital Entertainment,0.09,0.03,0.04,0,0.16,78,9,9,54,KCEK,E
Metal Gear Solid 2: Sons of Liberty,PS2,2001,Action,Konami Digital Entertainment,2.45,2.01,0.87,0.72,6.05,96,42,8.7,1026,KCEJ,M
Monster Guardians,GBA,2001,Role-Playing,Konami Digital Entertainment,0,0,0.03,0,0.03,43,98,2,78,,
ParaParaParadise,PS2,2001,Misc,Konami Digital Entertainment,0,0,0.03,0,0.03,36,25,4,37,,
Power Pro Kun Pocket 3,GBA,2001,Sports,Konami Digital Entertainment,0,0,0.27,0.01,0.28,52,12,4,71,,
Pro Evolution Soccer,PS2,2001,Sports,Konami Digital Entertainment,0.06,0.9,0.53,0.27,1.75,96,24,2,83,,
Shadow of Destiny,PS2,2001,Adventure,Konami Digital Entertainment,0.09,0.07,0.03,0.02,0.21,78,18,8.2,19,Konami,T
Silent Hill 2,PS2,2001,Action,Konami Digital Entertainment,0.62,0.49,0,0.16,1.28,89,34,8.9,557,KCET,M
Silent Hill 2: Restless Dreams,XB,2001,Action,Konami Digital Entertainment,0.21,0.06,0,0.01,0.28,84,23,8.3,39,KCET,M
Silent Scope 2: Dark Silhouette,PS2,2001,Shooter,Konami Digital Entertainment,0.09,0.07,0,0.02,0.19,64,17,9,3,KCET,M
World Soccer Winning Eleven 5 Final Evolution,PS2,2001,Sports,Konami Digital Entertainment,0,0,0.45,0,0.45,75,79,10,14,,
WTA Tour Tennis,PS2,2001,Sports,Konami Digital Entertainment,0.03,0.02,0,0.01,0.05,50,9,1,13,Konami,E
Yu-Gi-Oh! Dungeon Dice Monsters,GBA,2001,Misc,Konami Digital Entertainment,0.42,0.16,0.15,0.01,0.74,62,34,10,17,,
Yu-Gi-Oh! The Duelists of the Roses,PS2,2001,Misc,Konami Digital Entertainment,1.16,0.91,0,0.3,2.38,34,54,4,96,,
Yu-Gi-Oh! The Eternal Duelist Soul,GBA,2001,Strategy,Konami Digital Entertainment,1.64,0.36,0,0.07,2.07,15,98,8,40,,
Yu-Gi-Oh! The Eternal Duelist Soul (JP sales),GBA,2001,Misc,Konami Digital Entertainment,0,0,0.4,0.01,0.41,94,57,9,12,,
Zone of the Enders,PS2,2001,Shooter,Konami Digital Entertainment,0.3,0.24,0.13,0.08,0.75,78,21,7.4,49,KCEJ,M
Zone of the Enders: The Fist of Mars,GBA,2001,Role-Playing,Konami Digital Entertainment,0.04,0.02,0,0,0.06,71,12,9,9,WinkySoft,E
AirForce Delta Storm,GBA,2002,Shooter,Konami Digital Entertainment,0.02,0.01,0,0,0.02,71,6,10,10,Konami,E
Captain Tsubasa: Aratanaru Densetsu Joshou,PS,2002,Sports,Konami Digital Entertainment,0,0,0.08,0.01,0.09,94,9,0,22,,
Castlevania: Harmony of Dissonance,GBA,2002,Platform,Konami Digital Entertainment,0.16,0.06,0.04,0,0.26,87,27,8.2,39,KCET,T
Contra Advance: The Alien Wars EX,GBA,2002,Shooter,Konami Digital Entertainment,0.08,0.03,0,0,0.11,70,16,1,49,Konami,E
Contra: Shattered Soldier,PS2,2002,Shooter,Konami Digital Entertainment,0.28,0.22,0,0.07,0.58,78,33,6.6,25,KCET,T
Disney Sports Basketball,GBA,2002,Sports,Konami Digital Entertainment,0.01,0,0,0,0.02,73,5,10,45,Konami,E
Disney Sports Football,GC,2002,Sports,Konami Digital Entertainment,0.01,0,0,0,0.02,59,8,3,59,KCEO,E
Disney Sports Skateboarding,GC,2002,Sports,Konami Digital Entertainment,0.05,0.01,0,0,0.06,36,7,4.7,6,KCEO,E
Disney Sports Skateboarding,GBA,2002,Sports,Konami Digital Entertainment,0.05,0.02,0,0,0.07,42,6,2,74,Konami,E
Disney Sports Soccer,GC,2002,Sports,Konami Digital Entertainment,0.03,0.01,0,0,0.03,75,7,8,18,KCEO,E
Disney Sports Soccer,GBA,2002,Sports,Konami Digital Entertainment,0.02,0.01,0,0,0.03,68,5,6,26,Konami,E
ESPN International Winter Sports 2002,PS2,2002,Sports,Konami Digital Entertainment,0.03,0.02,0,0.01,0.06,62,13,5,30,Konami,E
ESPN International Winter Sports 2002,GC,2002,Sports,Konami Digital Entertainment,0.04,0.01,0,0,0.05,62,6,7,85,KCEO,E
ESPN MLS ExtraTime 2002,XB,2002,Sports,Konami Digital Entertainment,0.01,0,0,0,0.02,68,6,1,29,KCEA,E
ESPN MLS ExtraTime 2002,GC,2002,Sports,Konami Digital Entertainment,0.02,0,0,0,0.02,68,6,5,25,KCEA,E
ESPN NBA 2Night 2002,XB,2002,Sports,Konami Digital Entertainment,0.01,0,0,0,0.01,98,82,7,89,Konami,E
ESPN NBA 2Night 2002,PS2,2002,Sports,Konami Digital Entertainment,0.02,0.01,0,0,0.03,59,13,1,50,Konami,E
ESPN NFL Primetime 2002,XB,2002,Sports,Konami Digital Entertainment,0.01,0,0,0,0.02,57,10,5,1,Farsight Technologies,E
ESPN Winter X Games: Snowboarding 2002,XB,2002,Sports,Konami Digital Entertainment,0.02,0.01,0,0,0.03,71,8,2,7,Konami,T
Evolution Skateboarding,PS2,2002,Sports,Konami Digital Entertainment,0.13,0.1,0,0.03,0.26,44,14,6.7,9,Konami,T
Evolution Skateboarding,GC,2002,Sports,Konami Digital Entertainment,0.03,0.01,0,0,0.04,44,5,10,59,KCEO,T
Evolution Snowboarding,PS2,2002,Sports,Konami Digital Entertainment,0.01,0.01,0,0,0.02,38,9,6,21,Konami,T
Frogger Advance: The Great Quest,GBA,2002,Action,Konami Digital Entertainment,0.05,0.02,0,0,0.07,55,9,3,13,KCEA,E
Frogger Beyond,XB,2002,Platform,Konami Digital Entertainment,0.06,0.02,0,0,0.08,40,50,3,62,Konami,E
Frogger Beyond,GC,2002,Platform,Konami Digital Entertainment,0.1,0.03,0,0,0.13,60,6,7.2,5,Konami,E
Frogger's Adventures 2: The Lost Wand,GBA,2002,Adventure,Konami Digital Entertainment,0.14,0.05,0,0,0.19,75,4,9,24,Konami,E
Hikaru no Go: Heian Gensou Ibunroku,PS,2002,Adventure,Konami Digital Entertainment,0,0,0.06,0,0.07,100,2,5,71,,
Jikkyou Powerful Pro Yakyuu 9,PS2,2002,Sports,Konami Digital Entertainment,0,0,0.44,0,0.44,57,9,9,38,,
Jikkyou Powerful Pro Yakyuu 9,GC,2002,Sports,Konami Digital Entertainment,0,0,0.11,0,0.12,5,9,3,82,,
Jikkyou Powerful Pro Yakyuu 9 Ketteiban,PS2,2002,Sports,Konami Digital Entertainment,0,0,0.09,0,0.09,97,57,8,32,,
Jikkyou World Soccer 2002,PS2,2002,Sports,Konami Digital Entertainment,0,0,0.04,0,0.04,64,73,6,36,,
K-1 World Grand Prix,PS2,2002,Sports,Konami Digital Entertainment,0.04,0.03,0.1,0.01,0.18,67,24,9,7,Konami,T
Konami Collector's Series: Arcade Advanced,GBA,2002,Misc,Konami Digital Entertainment,0.46,0.17,0,0.01,0.64,78,10,10,65,KCEA,E
Metal Gear Solid 2: Substance,PS2,2002,Action,Konami Digital Entertainment,0.18,0.14,0.16,0.05,0.52,87,17,9,126,KCEJ,M
Metal Gear Solid: Social Ops,PS2,2002,Action,Konami Digital Entertainment,0.03,0.02,0,0.01,0.06,24,83,9,88,,
Motocross Maniacs Advance,GBA,2002,Racing,Konami Digital Entertainment,0.2,0.07,0,0,0.27,69,11,8,30,Konami,E
NBA Starting Five,XB,2002,Sports,Konami Digital Entertainment,0.02,0.01,0,0,0.02,48,4,5.5,4,Konami,E
Power Pro Kun Pocket 4,GBA,2002,Sports,Konami Digital Entertainment,0,0,0.29,0.01,0.29,29,93,0,9,,
Rave Master,GC,2002,Fighting,Konami Digital Entertainment,0,0,0.05,0,0.05,60,15,6.3,4,Konami,T
Rave Master: Special Attack Force!,GBA,2002,Fighting,Konami Digital Entertainment,0.01,0,0,0,0.01,56,9,7,71,KCEJ,T
Silent Scope,GBA,2002,Shooter,Konami Digital Entertainment,0.02,0.01,0,0,0.03,70,5,8,5,Now Production,T
Silent Scope 3,PS2,2002,Shooter,Konami Digital Entertainment,0.08,0.06,0,0.02,0.16,61,12,8,61,KCET,M
Tennis no Oji-Sama: Aim at The Victory!,GBA,2002,Sports,Konami Digital Entertainment,0,0,0.14,0,0.14,25,55,9,97,,
Tennis no Oji-Sama: Genius Boys Academy,GBA,2002,Sports,Konami Digital Entertainment,0,0,0.24,0.01,0.25,70,52,9,99,,
Tokimeki Memorial: Girl's Side,PS2,2002,Adventure,Konami Digital Entertainment,0,0,0.08,0,0.08,9,34,1,69,,
Whiteout,XB,2002,Racing,Konami Digital Entertainment,0.02,0.01,0,0,0.03,58,4,9,100,Konami,T
Whiteout,PS2,2002,Racing,Konami Digital Entertainment,0.01,0.01,0,0,0.02,50,12,7,85,Vicarious Visions,T
World Soccer Winning Eleven 2002,PS,2002,Sports,Konami Digital Entertainment,0,0,0.12,0.01,0.13,27,22,10,37,,
World Soccer Winning Eleven 6 International,PS2,2002,Sports,Konami Digital Entertainment,0.12,1.26,1.16,0.45,2.99,93,24,9.1,65,KCET,E
WTA Tour Tennis,XB,2002,Sports,Konami Digital Entertainment,0.01,0,0,0,0.01,60,87,8,9,Konami,E
WTA Tour Tennis,GBA,2002,Sports,Konami Digital Entertainment,0.01,0,0,0,0.02,66,9,7,87,Now Production,E
Yu-Gi-Oh! The Falsebound Kingdom,GC,2002,Strategy,Konami Digital Entertainment,0.49,0.13,0.07,0.02,0.71,96,94,7,65,,
Yu-Gi-Oh! The Sacred Cards,GBA,2002,Role-Playing,Konami Digital Entertainment,0.94,0.35,0,0.02,1.3,10,2,9,18,,
Yu-Gi-Oh! The Sacred Cards (American and Others sales),GBA,2002,Role-Playing,Konami Digital Entertainment,0.84,0.27,0,0.05,1.16,19,53,9,35,,
Yu-Gi-Oh! The Sacred Cards (JP weekly sales),GBA,2002,Role-Playing,Konami Digital Entertainment,0,0,0.26,0.01,0.27,76,34,8,28,,
Bloody Roar 4,PS2,2003,Fighting,Konami Digital Entertainment,0.05,0.04,0,0.01,0.09,59,25,8.6,43,Eighting,M
Boktai: The Sun is in Your Hand,GBA,2003,Role-Playing,Konami Digital Entertainment,0.1,0.04,0,0,0.15,83,31,9.6,16,KCEJ,E
Castlevania: Aria of Sorrow,GBA,2003,Platform,Konami Digital Entertainment,0.2,0.07,0,0,0.28,91,29,9.1,127,KCET,T
Castlevania: Lament of Innocence,PS2,2003,Action,Konami Digital Entertainment,0.46,0.36,0,0.12,0.94,79,45,8.4,74,KCET,M
Dance Dance Revolution Ultramix,XB,2003,Simulation,Konami Digital Entertainment,0.42,0.11,0,0.02,0.54,82,24,8.8,10,Konami Computer Entertainment Hawaii,E
DDRMAX2: Dance Dance Revolution,PS2,2003,Simulation,Konami Digital Entertainment,1.05,0.59,0,0.18,1.81,82,27,8.2,11,Konami,E
Fisherman's Challenge,PS2,2003,Sports,Konami Digital Entertainment,0.02,0.02,0,0.01,0.04,67,7,7.5,4,Konami,E
Frogger's Adventures: The Rescue,PS2,2003,Platform,Konami Digital Entertainment,0.16,0.12,0,0.04,0.32,59,12,8.5,6,Konami,E
Frogger's Adventures: The Rescue,GC,2003,Platform,Konami Digital Entertainment,0.12,0.03,0,0,0.15,61,4,10,97,Konami,E
Frogger's Journey: The Forgotten Relic,GBA,2003,Action,Konami Digital Entertainment,0.18,0.07,0,0,0.26,59,6,8,41,Konami Computer Entertainment Hawaii,E
Jikkyou Powerful Pro Yakyuu 10,PS2,2003,Sports,Konami Digital Entertainment,0,0,0.51,0,0.51,61,65,2,75,,
Jikkyou Powerful Pro Yakyuu 10,GC,2003,Sports,Konami Digital Entertainment,0,0,0.1,0,0.1,34,71,2,81,,
Jikkyou Powerful Pro Yakyuu 10 Chou Ketteiban: 2003 Memorial,PS2,2003,Sports,Konami Digital Entertainment,0,0,0.2,0,0.2,75,50,6,48,,
Jurassic Park: Operation Genesis,XB,2003,Simulation,Konami Digital Entertainment,0.05,0.01,0,0,0.07,69,21,8.8,19,Blue Tongue Entertainment,T
Jurassic Park: Operation Genesis,PS2,2003,Simulation,Konami Digital Entertainment,0.13,0.1,0,0.03,0.27,75,13,8.9,21,Blue Tongue Entertainment,T
Karaoke Revolution,PS2,2003,Misc,Konami Digital Entertainment,0.17,0.13,0,0.04,0.35,83,29,9.1,17,Harmonix Music Systems,E
Power Pro Kun Pocket 5,GBA,2003,Sports,Konami Digital Entertainment,0,0,0.25,0.01,0.26,98,84,9,37,,
Power Pro Kun Pocket 6,GBA,2003,Sports,Konami Digital Entertainment,0,0,0.29,0.01,0.3,60,12,7,65,,
Silent Hill 3,PS2,2003,Action,Konami Digital Entertainment,0.35,0.27,0,0.09,0.71,85,41,8.8,315,KCET,M
Teenage Mutant Ninja Turtles,XB,2003,Action,Konami Digital Entertainment,0.22,0.06,0,0.01,0.3,56,22,8.4,9,Konami,E
Teenage Mutant Ninja Turtles,PS2,2003,Action,Konami Digital Entertainment,0.45,0.35,0,0.12,0.92,59,29,8.7,31,KCE Studios,E
Teenage Mutant Ninja Turtles,GC,2003,Action,Konami Digital Entertainment,0.26,0.07,0,0.01,0.34,57,25,8,8,Konami,E
World Soccer Winning Eleven 7,PS2,2003,Sports,Konami Digital Entertainment,0.12,0.09,0,0.03,0.24,91,87,5,31,,
World Soccer Winning Eleven 7 International,PS2,2003,Sports,Konami Digital Entertainment,0.08,1.24,1.13,0.45,2.9,93,28,9,45,KCET,E
Yu-Gi-Oh! Reshef of Destruction,GBA,2003,Strategy,Konami Digital Entertainment,0.4,0.15,0,0.01,0.56,43,28,1,88,,
Yu-Gi-Oh! Worldwide Edition: Stairway to the Destined Duel,GBA,2003,Misc,Konami Digital Entertainment,0.68,0.25,0,0.02,0.95,77,60,6,71,,
Zone of the Enders: The 2nd Runner,PS2,2003,Simulation,Konami Digital Entertainment,0.15,0.12,0.11,0.04,0.41,82,33,8.9,65,KCEJ,M
AirForce Delta Strike,PS2,2004,Simulation,Konami Digital Entertainment,0.05,0.04,0,0.01,0.11,66,22,7,6,KCE Studios,T
Boktai 2: Solar Boy Django,GBA,2004,Role-Playing,Konami Digital Entertainment,0.03,0.01,0,0,0.04,78,20,8.5,11,KCEJ,T
Cy Girls,PS2,2004,Action,Konami Digital Entertainment,0.02,0.01,0,0,0.04,53,28,8.8,4,KCEJ,M
Dance Dance Revolution Extreme,PS2,2004,Simulation,Konami Digital Entertainment,1.04,0.81,0,0.27,2.13,77,26,9,20,KCET,E
Dance Dance Revolution Ultramix 2,XB,2004,Simulation,Konami Digital Entertainment,0.32,0.09,0,0.02,0.42,78,16,7.1,7,Konami Computer Entertainment Hawaii,E
Famicom Mini: Ganbare Goemon! Karakuri Douchuu,GBA,2004,Platform,Konami Digital Entertainment,0,0,0.2,0.01,0.21,35,88,2,44,,
Famicom Mini: TwinBee,GBA,2004,Shooter,Konami Digital Entertainment,0,0,0.12,0,0.12,65,37,0,96,,
Firefighter F.D.18,PS2,2004,Action,Konami Digital Entertainment,0.03,0.03,0,0.01,0.07,4,81,6,98,,
Gradius V,PS2,2004,Shooter,Konami Digital Entertainment,0.05,0.04,0,0.01,0.09,82,46,8.5,13,Treasure,T
Jikkyou Powerful Pro Yakyuu 11,PS2,2004,Sports,Konami Digital Entertainment,0,0,0.42,0,0.42,83,42,3,58,,
Jikkyou Powerful Pro Yakyuu 11,GC,2004,Sports,Konami Digital Entertainment,0,0,0.09,0,0.1,34,94,9,61,,
Karaoke Revolution,XB,2004,Misc,Konami Digital Entertainment,0.06,0.02,0,0,0.09,80,13,8.5,4,Secret Level,E
Karaoke Revolution Volume 2,PS2,2004,Misc,Konami Digital Entertainment,0.11,0.09,0,0.03,0.23,76,26,7,4,Harmonix Music Systems,E
Karaoke Revolution Volume 3,PS2,2004,Misc,Konami Digital Entertainment,0.16,0.12,0,0.04,0.32,82,25,7.8,10,Harmonix Music Systems,E
King Arthur,XB,2004,Action,Konami Digital Entertainment,0.04,0.01,0,0,0.05,61,15,9,86,Krome Studios,T
King Arthur,PS2,2004,Action,Konami Digital Entertainment,0.07,0.05,0,0.02,0.13,59,22,8,10,Krome Studios,T
King Arthur,GC,2004,Action,Konami Digital Entertainment,0.03,0.01,0,0,0.04,60,14,3,80,Krome Studios,T
Mahjong Fight Club,PSP,2004,Misc,Konami Digital Entertainment,0,0,0.17,0,0.17,60,88,7,9,,
Metal Gear Ac!d,PSP,2004,Strategy,Konami Digital Entertainment,0.32,0.26,0.12,0.17,0.87,17,71,4,58,,
Metal Gear Solid 3: Snake Eater,PS2,2004,Action,Konami Digital Entertainment,1.46,0,0.83,1.93,4.23,91,68,9.3,955,KCEJ,M
Metal Gear Solid: The Twin Snakes,GC,2004,Action,Konami Digital Entertainment,0.3,0.08,0.07,0.01,0.47,85,54,9,142,Silicon Knights,M
Neo Contra,PS2,2004,Shooter,Konami Digital Entertainment,0.1,0.08,0,0.03,0.21,65,37,7.1,8,KCET,M
Power Pro Kun Pocket 1+2,GBA,2004,Sports,Konami Digital Entertainment,0,0,0.14,0,0.15,14,6,1,55,,
Rumble Roses,PS2,2004,Fighting,Konami Digital Entertainment,0.19,0.15,0,0.05,0.39,66,44,8.5,20,Yuke's,M
Shaman King: Power of Spirit,PS2,2004,Adventure,Konami Digital Entertainment,0.06,0.05,0,0.02,0.13,54,9,8.2,17,WinkySoft,T
Shonen Jump's Shaman King: Master of Spirits,GBA,2004,Role-Playing,Konami Digital Entertainment,0.1,0.04,0,0,0.14,6,43,10,80,,
Silent Hill 4: The Room,XB,2004,Action,Konami Digital Entertainment,0.14,0.04,0,0.01,0.18,76,43,8.3,26,KCET,M
Silent Hill 4: The Room,PS2,2004,Action,Konami Digital Entertainment,0.25,0.19,0,0.06,0.51,76,54,7.8,191,KCET,M
Silent Scope Complete,XB,2004,Shooter,Konami Digital Entertainment,0.07,0.02,0,0,0.1,69,25,7.4,5,Konami,M
Suikoden IV,PS2,2004,Role-Playing,Konami Digital Entertainment,0.17,0.13,0.3,0.05,0.66,63,44,7.3,47,KCET,T
Teenage Mutant Ninja Turtles 2: Battle Nexus,XB,2004,Action,Konami Digital Entertainment,0.1,0.03,0,0,0.13,48,20,5.6,8,Konami,T
Teenage Mutant Ninja Turtles 2: Battle Nexus,PS2,2004,Action,Konami Digital Entertainment,0.22,0.17,0,0.06,0.44,47,25,7.8,12,KCE Studios,T
Teenage Mutant Ninja Turtles 2: Battle Nexus,GC,2004,Action,Konami Digital Entertainment,0.15,0.04,0,0.01,0.19,49,16,4.6,7,Konami,T
Teenage Mutant Ninja Turtles 2: Battle Nexus,GBA,2004,Action,Konami Digital Entertainment,0.23,0.09,0,0.01,0.32,65,9,7,51,Konami,E
Tennis no Oji-Sama: 2005 Crystal Drive,DS,2004,Sports,Konami Digital Entertainment,0,0,0.05,0,0.05,24,43,7,73,,
World Soccer Winning Eleven 7 International (JP version),PS2,2004,Sports,Konami Digital Entertainment,0,0,0.54,0,0.54,54,10,7,45,,
World Soccer Winning Eleven 8 International,XB,2004,Sports,Konami Digital Entertainment,0.07,0.02,0,0,0.09,90,25,8.4,11,KCET,E
World Soccer Winning Eleven 8 International,PS2,2004,Sports,Konami Digital Entertainment,0.16,1.89,1.12,0.68,3.85,91,26,9.1,38,KCET,E
Yu-Gi-Oh! Capsule Monster Coliseum,PS2,2004,Misc,Konami Digital Entertainment,0.22,0.17,0,0.06,0.44,97,4,10,8,,
Yu-Gi-Oh! Destiny Board Traveler,GBA,2004,Misc,Konami Digital Entertainment,0.32,0.12,0,0.01,0.45,82,28,5,91,,
Yu-Gi-Oh! The Dawn of Destiny,XB,2004,Strategy,Konami Digital Entertainment,0.23,0.07,0,0.01,0.31,91,19,9,45,,
Yu-Gi-Oh! World Championship Tournament 2004,GBA,2004,Misc,Konami Digital Entertainment,0.4,0.15,0,0.01,0.56,37,75,9,16,,
Castlevania: Curse of Darkness,XB,2005,Action,Konami Digital Entertainment,0.09,0.03,0,0,0.12,74,26,7,13,Konami,M
Castlevania: Curse of Darkness,PS2,2005,Action,Konami Digital Entertainment,0.18,0.14,0.05,0.05,0.42,70,30,7.5,46,Konami,M
Castlevania: Dawn of Sorrow,DS,2005,Platform,Konami Digital Entertainment,0.34,0.03,0.03,0.03,0.43,89,52,8.5,171,Konami,T
Coded Arms,PSP,2005,Shooter,Konami Digital Entertainment,0.28,0.29,0,0.17,0.75,59,42,6.5,61,Konami,T
Crime Life: Gang Wars,XB,2005,Action,Konami Digital Entertainment,0.04,0.01,0,0,0.05,30,19,3.4,9,Hothouse Creations,M
Dance Dance Revolution Extreme 2,PS2,2005,Simulation,Konami Digital Entertainment,0.95,0.04,0,0.16,1.14,76,27,9,21,Konami Computer Entertainment Hawaii,E10+
Dance Dance Revolution Ultramix 3,XB,2005,Simulation,Konami Digital Entertainment,0.28,0.08,0,0.01,0.38,75,16,8.6,8,Konami,E10+
Death Jr.,PSP,2005,Platform,Konami Digital Entertainment,0.17,0,0,0.01,0.19,61,40,7.3,21,Backbone Entertainment,T
Dragon Booster,DS,2005,Shooter,Konami Digital Entertainment,0.02,0,0,0,0.02,33,14,7,9,Konami Computer Entertainment Hawaii,E
Enthusia Professional Racing,PS2,2005,Racing,Konami Digital Entertainment,0.07,0.06,0,0.02,0.15,70,43,7.6,17,Konami,E
Frogger: Ancient Shadow,XB,2005,Platform,Konami Digital Entertainment,0.02,0.01,0,0,0.03,47,11,6,92,Hudson Soft,E
Frogger: Ancient Shadow,PS2,2005,Platform,Konami Digital Entertainment,0.05,0.04,0,0.01,0.1,54,17,4,5,Hudson Soft,E
Frogger: Ancient Shadow,GC,2005,Platform,Konami Digital Entertainment,0.04,0.01,0,0,0.05,54,9,6,88,Hudson Soft,E
Frogger: Helmet Chaos,PSP,2005,Platform,Konami Digital Entertainment,0.1,0,0,0.01,0.11,66,18,6.4,5,Konami Computer Entertainment Hawaii,E
Frogger: Helmet Chaos,DS,2005,Platform,Konami Digital Entertainment,0.06,0,0,0,0.06,69,10,6,41,Konami Computer Entertainment Hawaii,E
Ganbare Goemon: Toukai Douchuu Ooedo Tengurigaeshi no Maki,DS,2005,Action,Konami Digital Entertainment,0,0,0.03,0,0.03,84,73,8,28,,
Jikkyou Powerful Pro Yakyuu 12,PS2,2005,Sports,Konami Digital Entertainment,0,0,0.45,0,0.45,57,53,8,56,,
Jikkyou Powerful Pro Yakyuu 12,GC,2005,Sports,Konami Digital Entertainment,0,0,0.08,0,0.08,12,47,1,10,,
Jikkyou Powerful Pro Yakyuu 12 Ketteiban,PS2,2005,Sports,Konami Digital Entertainment,0,0,0.11,0,0.11,9,99,5,29,,
Jikkyou Powerful Pro Yakyuu 12 Ketteiban,GC,2005,Sports,Konami Digital Entertainment,0,0,0.02,0,0.02,34,29,5,83,,
J-League Winning Eleven 9: Asia Championship,PS2,2005,Sports,Konami Digital Entertainment,0,0,0.11,0,0.11,67,74,8,46,,
Karaoke Revolution Party,XB,2005,Misc,Konami Digital Entertainment,0.05,0.01,0,0,0.07,80,24,3,72,Harmonix Music Systems,E10+
Karaoke Revolution Party,PS2,2005,Misc,Konami Digital Entertainment,0.15,0.12,0,0.04,0.3,78,25,9,94,Harmonix Music Systems,E10+
Karaoke Revolution Party,GC,2005,Misc,Konami Digital Entertainment,0.05,0.01,0,0,0.07,80,22,7,73,Harmonix Music Systems,E10+
Lost in Blue,DS,2005,Adventure,Konami Digital Entertainment,0.07,0.02,0.02,0.01,0.11,69,33,7.8,21,Konami Computer Entertainment Hawaii,E10+
Metal Gear Ac!d 2,PSP,2005,Strategy,Konami Digital Entertainment,0.11,0,0.05,0.01,0.18,39,28,3,65,,
Metal Gear Solid 3: Subsistence,PS2,2005,Action,Konami Digital Entertainment,0.34,0.01,0.15,0.06,0.55,94,53,9.3,439,Aspect,M
NanoBreaker,PS2,2005,Action,Konami Digital Entertainment,0.03,0.02,0,0.01,0.06,51,38,6.7,11,KCET,M
Power Pocket Koushien,DS,2005,Sports,Konami Digital Entertainment,0,0,0.1,0,0.1,68,99,2,57,,
Power Pro Kun Pocket 8,DS,2005,Sports,Konami Digital Entertainment,0,0,0.14,0,0.14,59,96,10,58,,
Rengoku: The Tower of Purgatory,PSP,2005,Action,Konami Digital Entertainment,0.1,0,0,0.01,0.11,43,30,5.6,22,Neverland,M
S.L.A.I.: Steel Lancer Arena International,PS2,2005,Simulation,Konami Digital Entertainment,0.01,0.01,0,0,0.03,66,16,7.8,10,Genki,T
Shonen Jump's Shaman King: Legacy of the Spirits - Soaring Hawk/Sprinting Wolf,GBA,2005,Action,Konami Digital Entertainment,0.04,0.02,0,0,0.06,43,8,10,20,,
Shonen Jump's Shaman King: Master of Spirits 2,GBA,2005,Role-Playing,Konami Digital Entertainment,0.01,0.01,0,0,0.02,89,17,9,37,,
Street Supremacy,PSP,2005,Racing,Konami Digital Entertainment,0.03,0,0,0,0.03,41,31,10,6,Genki,E
Suikoden Tactics,PS2,2005,Strategy,Konami Digital Entertainment,0.06,0.05,0.07,0.02,0.2,68,31,8.6,17,Konami,T
Tao Adventure: Curse Demon,DS,2005,Role-Playing,Konami Digital Entertainment,0.03,0,0,0,0.04,39,41,7,43,,
Teenage Mutant Ninja Turtles 3: Mutant Nightmare,XB,2005,Action,Konami Digital Entertainment,0.03,0.01,0,0,0.04,56,13,10,90,Konami,E10+
Teenage Mutant Ninja Turtles 3: Mutant Nightmare,PS2,2005,Action,Konami Digital Entertainment,0.1,0.08,0,0.03,0.2,53,20,7,10,KCE Studios,E10+
Teenage Mutant Ninja Turtles 3: Mutant Nightmare,GC,2005,Action,Konami Digital Entertainment,0.09,0.02,0,0,0.12,57,10,2,64,Konami,E10+
Teenage Mutant Ninja Turtles 3: Mutant Nightmare,DS,2005,Action,Konami Digital Entertainment,0.05,0,0,0,0.06,58,10,7,5,Konami,E
TMNT: Mutant Melee,XB,2005,Fighting,Konami Digital Entertainment,0.01,0,0,0,0.02,43,13,4.8,5,Konami Computer Entertainment Hawaii,T
TMNT: Mutant Melee,GC,2005,Fighting,Konami Digital Entertainment,0.06,0.01,0,0,0.07,44,16,2.8,4,Konami Computer Entertainment Hawaii,T
Wallace & Gromit: Curse of the Were-Rabbit,XB,2005,Adventure,Konami Digital Entertainment,0.01,0,0,0,0.01,19,25,2,5,,
Wallace & Gromit: Curse of the Were-Rabbit,PS2,2005,Adventure,Konami Digital Entertainment,0.06,0.05,0,0.02,0.12,35,11,8,11,,
Winx Club,GBA,2005,Shooter,Konami Digital Entertainment,0.05,0.02,0,0,0.07,62,33,9,99,Rainbow Studios,E
World Soccer Winning Eleven 8: Liveware Evolution,PS2,2005,Sports,Konami Digital Entertainment,0,0,0.47,0,0.47,56,48,10,5,,
World Soccer Winning Eleven 9,XB,2005,Sports,Konami Digital Entertainment,0.06,0.33,0.02,0.03,0.44,89,19,7.9,9,KCET,E
World Soccer Winning Eleven 9,PS2,2005,Sports,Konami Digital Entertainment,0.12,2.26,0.9,0.77,4.06,94,44,8.2,23,Konami,E
World Soccer Winning Eleven 9 (JP & Others sales),PSP,2005,Sports,Konami Digital Entertainment,0.01,0.88,0.31,0,1.2,23,91,3,26,,
World Soccer Winning Eleven 9 (US sales),PSP,2005,Sports,Konami Digital Entertainment,0.05,0,0,0,0.06,5,12,8,76,,
Ys: The Ark of Napishtim,PS2,2005,Role-Playing,Konami Digital Entertainment,0.07,0.05,0,0.02,0.13,72,35,8.8,14,Falcom,T
Yu-Gi-Oh! 7 Trials to Glory: World Championship Tournament 2005,GBA,2005,Misc,Konami Digital Entertainment,0.3,0.11,0,0.01,0.42,96,86,6,45,,
Yu-Gi-Oh! GX: Duel Academy,GBA,2005,Misc,Konami Digital Entertainment,0.17,0.06,0,0,0.23,55,69,9,83,,
Yu-Gi-Oh! Nightmare Troubadour (JP sales),DS,2005,Action,Konami Digital Entertainment,0,0.03,0.1,0,0.13,70,45,6,9,,
Yu-Gi-Oh! Nightmare Troubadour (US sales),DS,2005,Action,Konami Digital Entertainment,0.15,0,0,0,0.15,75,81,3,27,,
BeatMania,PS2,2006,Simulation,Konami Digital Entertainment,0.03,0.03,0,0.01,0.07,67,30,8.9,11,Konami,E10+
BeatMania IIDX 11: IIDX Red,PS2,2006,Simulation,Konami Digital Entertainment,0,0,0.02,0,0.02,73,67,6,69,,
Bomberman,PSP,2006,Puzzle,Konami Digital Entertainment,0.14,0,0,0.01,0.15,73,30,7,7,Hudson,E
Bomberman (jp sales),PSP,2006,Puzzle,Konami Digital Entertainment,0,0,0.01,0,0.01,98,41,10,69,,
Bomberman: Act Zero,X360,2006,Puzzle,Konami Digital Entertainment,0.04,0,0,0,0.04,34,41,2.2,42,Hudson,T
Castlevania Double Pack,GBA,2006,Platform,Konami Digital Entertainment,0.07,0.03,0,0,0.1,86,4,8.4,12,KCET,T
Castlevania: Portrait of Ruin,DS,2006,Platform,Konami Digital Entertainment,0.31,0.02,0.04,0.03,0.4,85,51,8.3,87,Konami,T
CMT Presents: Karaoke Revolution Country,PS2,2006,Misc,Konami Digital Entertainment,0.03,0.02,0,0.01,0.06,71,24,10,53,Harmonix Music Systems,E10+
Dance Dance Revolution SuperNOVA,PS2,2006,Simulation,Konami Digital Entertainment,0.87,0.03,0,0.14,1.04,73,25,8.7,6,Konami,E10+
Death Jr. II: Root of Evil,PSP,2006,Platform,Konami Digital Entertainment,0.05,0,0,0,0.05,68,34,7.3,9,Backbone Entertainment,T
Elebits,Wii,2006,Action,Konami Digital Entertainment,0.22,0.01,0.08,0.02,0.32,75,46,7.4,33,Konami,E
Eyeshield 21: Portable Edition,PSP,2006,Role-Playing,Konami Digital Entertainment,0,0,0.02,0,0.02,39,14,1,23,,
Gensou Suikoden I & II,PSP,2006,Role-Playing,Konami Digital Entertainment,0,0,0.03,0,0.03,56,96,5,49,,
Gradius Collection,PSP,2006,Shooter,Konami Digital Entertainment,0.04,0,0.02,0,0.06,76,44,8.5,4,M2,E
Guitar Freaks V & DrumMania V,PS2,2006,Simulation,Konami Digital Entertainment,0,0,0.03,0,0.03,8,42,9,72,,
Guitar Freaks V2 & DrumMania V2,PS2,2006,Simulation,Konami Digital Entertainment,0,0,0.02,0,0.02,34,87,4,53,,
Honeycomb Beat,DS,2006,Puzzle,Konami Digital Entertainment,0.05,0,0,0,0.06,61,28,7,73,Hudson,E
Jikkyou Powerful Major League,PS2,2006,Sports,Konami Digital Entertainment,0,0,0.22,0,0.22,28,90,0,98,,
Jikkyou Powerful Major League,GC,2006,Sports,Konami Digital Entertainment,0,0,0.04,0,0.04,83,90,0,8,,
Jikkyou Powerful Pro Yakyuu 13,PS2,2006,Sports,Konami Digital Entertainment,0,0,0.35,0,0.35,4,55,1,43,,
Jikkyou Powerful Pro Yakyuu 13 Ketteiban,PS2,2006,Sports,Konami Digital Entertainment,0,0,0.11,0,0.11,83,21,1,53,,
Jikkyou Powerful Pro Yakyuu Portable,PSP,2006,Sports,Konami Digital Entertainment,0,0,0.15,0,0.15,59,98,9,74,,
J-League Winning Eleven 10 + Europa League 06-07,PS2,2006,Sports,Konami Digital Entertainment,0,0,0.21,0,0.21,89,81,4,13,,
Kabushiki Baibai Trainer: Kabutore!,DS,2006,Simulation,Konami Digital Entertainment,0,0,0.1,0,0.1,25,4,2,9,,
"Kilari: Na-san, Mon Meilleur Ami",DS,2006,Simulation,Konami Digital Entertainment,0,0,0.12,0,0.12,61,68,10,58,,
Kinnikuman Muscle Grand Prix Max,PS2,2006,Fighting,Konami Digital Entertainment,0,0,0.05,0,0.05,12,60,3,68,,
Kirarin * Revolution: Kira Kira Idol Audition,DS,2006,Simulation,Konami Digital Entertainment,0,0,0.11,0,0.11,78,49,0,59,,
Lunar Knights,DS,2006,Role-Playing,Konami Digital Entertainment,0.17,0.01,0.04,0.01,0.23,82,39,7.8,25,Kojima Productions,E10+
Mahjong Fight Club DS: Wi-Fi Taiou,DS,2006,Misc,Konami Digital Entertainment,0,0,0.07,0,0.07,77,58,8,21,,
Mahjong Kakutou Club: Zenkoku Taisenban,PS3,2006,Misc,Konami Digital Entertainment,0,0,0.03,0,0.03,31,49,8,43,,
Mahou Sensei Negima! Kagai Jugyou ~Otome no Dokidoki Beachside~,PS2,2006,Adventure,Konami Digital Entertainment,0,0,0.03,0,0.03,14,35,5,45,,
Mar Heaven: Karudea no Akuma,DS,2006,Role-Playing,Konami Digital Entertainment,0,0,0.02,0,0.02,15,6,2,54,,
Metal Gear Solid: Digital Graphic Novel,PSP,2006,Misc,Konami Digital Entertainment,0.02,0,0.02,0,0.04,78,22,7.2,21,Kojima Productions,M
Metal Gear Solid: Portable Ops,PSP,2006,Action,Konami Digital Entertainment,0.38,0.35,0.38,0.08,1.18,87,54,8.2,147,Kojima Productions,M
My Frogger: Toy Trials,DS,2006,Action,Konami Digital Entertainment,0.02,0,0,0,0.03,66,10,5,90,Konami,E
Negima!? 3-Jikanme ~Koi to Mahou to Sekaiju Densetsu~,PS2,2006,Adventure,Konami Digital Entertainment,0,0,0.04,0,0.04,53,76,6,9,,
Online Chess Kingdoms,PSP,2006,Misc,Konami Digital Entertainment,0.01,0,0,0,0.02,60,17,6.8,6,Konami,E
Pop'n Music 12 Iroha,PS2,2006,Simulation,Konami Digital Entertainment,0,0,0.02,0,0.02,20,46,4,87,,
Pop'n Music 13 Carnival,PS2,2006,Simulation,Konami Digital Entertainment,0,0,0.03,0,0.03,31,16,6,39,,
Power Poke Dash,GBA,2006,Sports,Konami Digital Entertainment,0,0,0.03,0,0.03,66,65,10,77,,
Power Pro Kun Pocket 9,DS,2006,Sports,Konami Digital Entertainment,0,0,0.15,0,0.15,92,52,4,90,,
Pro Yaky? Spirits 3,PS2,2006,Sports,Konami Digital Entertainment,0,0,0.16,0,0.16,21,67,4,63,,
Rengoku II:  The Stairway To H.E.A.V.E.N.,PSP,2006,Action,Konami Digital Entertainment,0.02,0,0,0,0.02,51,24,7.6,14,Neverland,T
Rengoku II: The Stairway to H.E.A.V.E.N. (jp sales),PSP,2006,Action,Konami Digital Entertainment,0,0,0.01,0,0.01,67,29,6,53,,
Rumble Roses XX,X360,2006,Fighting,Konami Digital Entertainment,0.07,0.01,0.04,0.01,0.13,62,54,6.6,28,Konami,M
Suikoden V,PS2,2006,Role-Playing,Konami Digital Entertainment,0.08,0.06,0.19,0.02,0.35,76,43,7.6,109,Konami,T
Teenage Mutant Ninja Turtles Double Pack,GBA,2006,Action,Konami Digital Entertainment,0.01,0,0,0,0.02,73,89,9,18,,
Tennis no Oji-Sama: DokiDoki Survival - Sanroku no Mystic,PS2,2006,Adventure,Konami Digital Entertainment,0,0,0.04,0,0.04,43,38,1,62,,
Tokimeki Memorial Girl's Side 2nd Kiss,PS2,2006,Adventure,Konami Digital Entertainment,0,0,0.05,0,0.05,61,15,2,72,,
Wing Island,Wii,2006,Simulation,Konami Digital Entertainment,0.03,0.01,0.01,0,0.05,47,32,4.9,8,CAProduction,E
Winning Eleven: Pro Evolution Soccer 2007,X360,2006,Sports,Konami Digital Entertainment,0.09,0,0,0.01,0.1,79,22,6.5,33,KCET,E
Winning Eleven: Pro Evolution Soccer 2007,PSP,2006,Sports,Konami Digital Entertainment,0.01,0.72,0.12,0.01,0.86,81,10,8.3,14,KCET,E
Winning Eleven: Pro Evolution Soccer 2007,PS2,2006,Sports,Konami Digital Entertainment,0.1,2.39,1.05,0.86,4.39,86,19,8.9,33,Konami,E
Winning Eleven: Pro Evolution Soccer 2007,PC,2006,Sports,Konami Digital Entertainment,0,0.01,0,0,0.01,88,6,3,97,KCET,E
Winning Eleven: Pro Evolution Soccer 2007,DS,2006,Sports,Konami Digital Entertainment,0,0,0.17,0,0.17,63,5,7.9,12,KCET,E
Winning Eleven: Pro Evolution Soccer 2007 (All Region sales),X360,2006,Sports,Konami Digital Entertainment,0.08,0.9,0.02,0,1,61,49,6,26,,
Winx Club: Quest for the Codex,DS,2006,Action,Konami Digital Entertainment,0.03,0.02,0,0,0.06,37,36,6.8,6,Powerhead Games,E
World Soccer Winning Eleven 9 Bonus Pack,PS2,2006,Sports,Konami Digital Entertainment,0,0,0.14,0,0.14,10,46,1,51,,
Xiaolin Showdown,PSP,2006,Action,Konami Digital Entertainment,0.05,0,0,0,0.06,59,4,2,17,BottleRocket Entertainment,E10+
Xiaolin Showdown,DS,2006,Action,Konami Digital Entertainment,0.05,0,0,0,0.05,58,7,1,11,Razorback Developments,E
Ys: The Ark of Napishtim,PSP,2006,Role-Playing,Konami Digital Entertainment,0.04,0,0,0,0.05,64,29,7.3,13,Konami Software Shanghai,E10+
Yu-Gi-Oh! Double Pack,GBA,2006,Role-Playing,Konami Digital Entertainment,0.2,0.08,0,0.01,0.28,21,64,10,34,,
Yu-Gi-Oh! GX: Spirit Caller (American Sales),DS,2006,Misc,Konami Digital Entertainment,0.18,0.02,0,0.02,0.22,47,22,9,74,,
Yu-Gi-Oh! GX: Spirit Caller (Japan Sales),DS,2006,Misc,Konami Digital Entertainment,0,0,0.05,0,0.05,38,78,8,94,,
Yu-Gi-Oh! GX: Tag Force,PSP,2006,Strategy,Konami Digital Entertainment,0.09,0.02,0,0.02,0.13,30,9,1,83,,
Yu-Gi-Oh! Ultimate Masters: World Championship Tournament 2006,GBA,2006,Misc,Konami Digital Entertainment,0.14,0.05,0.07,0.01,0.26,64,79,0,13,,
BeatMania IIDX 13: DistorteD,PS2,2007,Simulation,Konami Digital Entertainment,0,0,0.03,0,0.03,34,95,4,72,,
Brooktown High: Senior Year,PSP,2007,Simulation,Konami Digital Entertainment,0.09,0,0,0.01,0.1,51,25,2,18,Backbone Entertainment,T
Castlevania: The Dracula X Chronicles,PSP,2007,Platform,Konami Digital Entertainment,0.22,0.09,0.04,0.07,0.41,80,43,7.8,62,Konami,T
Coded Arms: Contagion,PSP,2007,Shooter,Konami Digital Entertainment,0.05,0,0,0.01,0.06,56,20,6.6,28,Creat Studios,T
Contra 4,DS,2007,Shooter,Konami Digital Entertainment,0.28,0,0.01,0.02,0.3,83,38,8.4,45,WayForward,T
D.Gray-man: Kami no Shitotachi,DS,2007,Adventure,Konami Digital Entertainment,0,0,0.05,0,0.05,82,94,9,39,,
Dance Dance Revolution SuperNOVA 2,PS2,2007,Simulation,Konami Digital Entertainment,0.64,0.03,0.02,0.1,0.79,70,10,1,90,Konami,E10+
Dance Dance Revolution Universe,X360,2007,Simulation,Konami Digital Entertainment,0.3,0,0,0.02,0.32,74,26,8.8,5,Konami,E10+
Dance Dance Revolution Universe 2,X360,2007,Simulation,Konami Digital Entertainment,0.46,0,0,0.04,0.5,65,10,7.4,5,Konami,E10+
Dance Dance Revolution: Hottest Party,Wii,2007,Simulation,Konami Digital Entertainment,1.35,0.52,0,0.19,2.07,73,16,7.1,27,Konami,E10+
Death Jr. and the Science Fair of Doom,DS,2007,Platform,Konami Digital Entertainment,0.08,0,0,0.01,0.08,47,23,7.5,6,Foundation 9 Entertainment,E10+
DEATH NOTE: Kira Game,DS,2007,Adventure,Konami Digital Entertainment,0,0,0.12,0,0.12,27,5,4,54,,
DEATH NOTE: L o Tsugu Mono,DS,2007,Adventure,Konami Digital Entertainment,0,0,0.02,0,0.02,50,81,7,63,,
Dewy's Adventure,Wii,2007,Platform,Konami Digital Entertainment,0.14,0,0.01,0.01,0.16,67,29,6.3,15,Konami,E
Fishing Master,Wii,2007,Misc,Konami Digital Entertainment,0.29,0,0,0.02,0.31,58,9,8.1,9,Hudson Soft,E
Fishing Master (jp sales),Wii,2007,Sports,Konami Digital Entertainment,0,0,0.06,0,0.06,17,43,0,96,,
Guitar Freaks & DrumMania: Masterpiece Gold,PS2,2007,Simulation,Konami Digital Entertainment,0,0,0.02,0,0.02,41,84,3,68,,
Guitar Freaks V3 & DrumMania V3,PS2,2007,Simulation,Konami Digital Entertainment,0,0,0.02,0,0.02,65,82,4,5,,
Jikkyou Powerful Pro Yakyuu 14,PS2,2007,Sports,Konami Digital Entertainment,0,0,0.31,0,0.31,58,39,10,45,,
Jikkyou Powerful Pro Yakyuu 14 Ketteiban,PS2,2007,Sports,Konami Digital Entertainment,0,0,0.09,0,0.09,50,88,1,74,,
Jikkyou Powerful Pro Yakyuu Portable 2,PSP,2007,Sports,Konami Digital Entertainment,0,0,0.09,0,0.09,98,57,0,50,,
Jikkyou Powerful Pro Yakyuu Wii,Wii,2007,Sports,Konami Digital Entertainment,0,0,0.14,0,0.14,22,5,0,1,,
Jikkyou Powerful Pro Yakyuu Wii Ketteiban,Wii,2007,Sports,Konami Digital Entertainment,0,0,0.03,0,0.03,92,59,6,96,,
J-League Winning Eleven 2007: Club Championship,PS2,2007,Sports,Konami Digital Entertainment,0,0,0.31,0,0.31,12,75,2,19,,
Kabushiki Baibai Trainer: Kabutore! Next,DS,2007,Simulation,Konami Digital Entertainment,0,0,0.02,0,0.02,100,26,4,2,,
Kirarin * Revolution: Mezase! Idol Queen,DS,2007,Simulation,Konami Digital Entertainment,0,0,0.1,0,0.1,7,99,7,57,,
Kirarin * Revolution: Tsukutte Misechao! Kime * Kira Stage,DS,2007,Simulation,Konami Digital Entertainment,0,0,0.1,0,0.1,64,50,10,54,,
Konami Classics Series: Arcade Hits,DS,2007,Misc,Konami Digital Entertainment,0.01,0,0.02,0,0.03,76,29,8,63,M2,E10+
Let's Pilates!,DS,2007,Misc,Konami Digital Entertainment,0.02,0,0,0,0.02,25,81,7,6,Vanpool,E
Let's Yoga!,DS,2007,Misc,Konami Digital Entertainment,0,0,0.02,0,0.02,96,97,4,98,Vanpool,E
Lost in Blue 2,DS,2007,Adventure,Konami Digital Entertainment,0.01,0.01,0.05,0,0.06,58,29,2,82,Matrix Software,E10+
Lost in Blue 3,DS,2007,Adventure,Konami Digital Entertainment,0.09,0.02,0.06,0.01,0.17,59,19,4,0,Matrix Software,E10+
Marvel Trading Card Game,DS,2007,Misc,Konami Digital Entertainment,0.11,0,0,0.01,0.12,61,17,4.9,7,1st Playable Productions,T
Metal Gear Solid: Portable Ops Plus,PSP,2007,Action,Konami Digital Entertainment,0.26,0,0.26,0.17,0.69,65,19,7.5,27,Kojima Productions,T
Metal Gear Solid: The Essential Collection,PS2,2007,Adventure,Konami Digital Entertainment,0.23,0.18,0,0.06,0.46,75,51,8.9,9,Konami,M
Metal Gear Solid: The Essential Collection (JP sales),PS2,2007,Adventure,Konami Digital Entertainment,0,0,0.03,0,0.03,65,24,5,5,,
MLB Power Pros,Wii,2007,Sports,Konami Digital Entertainment,0.23,0,0.04,0.02,0.29,83,12,8.4,45,Konami,E
MLB Power Pros,PS2,2007,Sports,Konami Digital Entertainment,0,0,0.11,0,0.11,80,10,8.8,11,Konami,E
NANA: Live Staff Daiboshuu! Shoshinsha Kangei,DS,2007,Action,Konami Digital Entertainment,0,0,0.02,0,0.02,57,43,5,100,,
Negima!? Dream Tactic Yumemiru Otome Princess,PS2,2007,Strategy,Konami Digital Entertainment,0,0,0.03,0,0.03,20,94,2,99,,
Nova Usagi no Game de Ryuugaku!? DS,DS,2007,Misc,Konami Digital Entertainment,0,0,0.01,0,0.01,45,46,3,76,,
Pop'n Music 14 Fever!,PS2,2007,Misc,Konami Digital Entertainment,0,0,0.03,0,0.03,21,10,1,63,,
Power Pro Kun Pocket 10,DS,2007,Sports,Konami Digital Entertainment,0,0,0.3,0,0.3,25,0,6,67,,
Pro Evolution Soccer 2008,X360,2007,Sports,Konami Digital Entertainment,0.08,0.9,0.04,0.05,1.07,76,29,7.8,36,Konami,E
Pro Evolution Soccer 2008,PS3,2007,Sports,Konami Digital Entertainment,0.04,1.1,0.32,0.13,1.59,74,19,6.1,47,Konami,E
Pro Evolution Soccer 2008,PS2,2007,Sports,Konami Digital Entertainment,0.05,0,0.64,2.93,3.63,82,10,7.9,38,Konami,E
Pro Evolution Soccer 2008 (JP sales),DS,2007,Sports,Konami Digital Entertainment,0,0,0.08,0,0.08,37,30,6,19,,
Pro Yaky? Spirits 4,PS3,2007,Sports,Konami Digital Entertainment,0,0,0.07,0,0.07,21,47,7,34,,
Pro Yaky? Spirits 4,PS2,2007,Sports,Konami Digital Entertainment,0,0,0.19,0,0.19,77,42,5,82,,
Silent Hill: Origins,PSP,2007,Action,Konami Digital Entertainment,0.22,0.15,0.04,0.1,0.52,78,40,7.8,107,"Climax Group, Climax Studios",M
Tengen Toppa Gurren-Lagann,DS,2007,Action,Konami Digital Entertainment,0,0,0.02,0,0.02,85,87,5,14,,
Tennis no Oji-Sama: Card Hunter,PS2,2007,Strategy,Konami Digital Entertainment,0,0,0.02,0,0.02,34,51,9,3,,
Tennis no Oji-Sama: DokiDoki Survival - Umibe no Secret,PS2,2007,Sports,Konami Digital Entertainment,0,0,0.04,0,0.04,54,99,0,13,,
Tokimeki Memorial: Girls Side 1st Love,DS,2007,Adventure,Konami Digital Entertainment,0,0,0.05,0,0.05,69,41,6,46,,
Yu-Gi-Oh! GX: Tag Force 2,PSP,2007,Strategy,Konami Digital Entertainment,0.03,0.19,0.1,0.1,0.41,87,56,9,34,,
Yu-Gi-Oh! GX: The Beginning of Destiny (JP sales),PS2,2007,Strategy,Konami Digital Entertainment,0,0,0.02,0,0.02,74,24,7,34,,
Yu-Gi-Oh! GX: The Beginning of Destiny (US sales),PS2,2007,Strategy,Konami Digital Entertainment,0.05,0.04,0,0.01,0.09,48,40,0,99,,
Yu-Gi-Oh! World Championship 2007,DS,2007,Strategy,Konami Digital Entertainment,0,0.01,0.04,0,0.05,32,96,2,97,,
Yu-Gi-Oh! World Championship 2008,DS,2007,Strategy,Konami Digital Entertainment,0.13,0.02,0.12,0.01,0.28,36,94,2,38,,
BeatMania IIDX 14 Gold,PS2,2008,Simulation,Konami Digital Entertainment,0,0,0.03,0,0.03,37,65,0,76,,
BeatMania IIDX 15: DJ Troopers,PS2,2008,Simulation,Konami Digital Entertainment,0,0,0.03,0,0.03,96,54,4,72,,
Castlevania Judgment,Wii,2008,Fighting,Konami Digital Entertainment,0.12,0.02,0.01,0.01,0.16,49,33,5.9,56,Eighting,T
Castlevania: Order of Ecclesia,DS,2008,Platform,Konami Digital Entertainment,0.27,0.02,0.04,0.03,0.36,85,46,8.7,111,Konami,T
D.Gray-man: Sousha no Shikaku,PS2,2008,Adventure,Konami Digital Entertainment,0,0,0.02,0,0.02,82,34,9,48,,
Dance Dance Revolution Universe 3,X360,2008,Simulation,Konami Digital Entertainment,0.28,0,0,0.02,0.3,65,6,7.7,7,Konami,E
Dance Dance Revolution X,PS2,2008,Simulation,Konami Digital Entertainment,0.85,0.66,0.01,0.22,1.75,55,6,6.2,6,Konami,E10+
Dance Dance Revolution: Disney Channel Edition,PS2,2008,Simulation,Konami Digital Entertainment,0.12,0.09,0,0.03,0.24,61,9,5,69,Keen Games,E
Dance Dance Revolution: Hottest Party 2,Wii,2008,Simulation,Konami Digital Entertainment,0.94,0.48,0.01,0.15,1.58,69,8,6.8,6,Konami,E10+
Deca Sports,Wii,2008,Sports,Konami Digital Entertainment,1.11,0.85,0.29,0.25,2.5,50,23,5.4,16,CAProduction,E
Diary Girl,DS,2008,Misc,Konami Digital Entertainment,0.01,0,0,0,0.01,74,47,10,37,Konami,E
Elebits: The Adventures of Kai and Zero,DS,2008,Adventure,Konami Digital Entertainment,0.07,0,0,0.01,0.08,75,15,8.3,4,Konami,E
GoPets: Vacation Island,DS,2008,Simulation,Konami Digital Entertainment,0.03,0,0,0,0.04,47,97,5,15,1st Playable Productions,E
Hanayori Danshi: Koi Seyo Onago,DS,2008,Adventure,Konami Digital Entertainment,0,0,0.04,0,0.04,81,85,10,37,,
Hayate no Gotoku! Ojousama Produce Daisakusen Boku Iro ni Somare! Gakkou-Hen,DS,2008,Simulation,Konami Digital Entertainment,0,0,0.04,0,0.04,55,48,6,94,,
Hayate no Gotoku! Ojousama Produce Daisakusen Boku Iro ni Somare! Oyashiki-Hen,DS,2008,Simulation,Konami Digital Entertainment,0,0,0.03,0,0.03,66,16,8,43,,
Hellboy: The Science of Evil,X360,2008,Action,Konami Digital Entertainment,0.1,0,0,0.01,0.11,44,31,5.7,9,Krome Studios,T
Hellboy: The Science of Evil,PSP,2008,Action,Konami Digital Entertainment,0.04,0,0,0,0.04,42,14,7.1,13,Krome Studios,T
Hellboy: The Science of Evil,PS3,2008,Action,Konami Digital Entertainment,0.13,0.02,0,0.02,0.17,47,23,6.1,10,Krome Studios,T
Houkago Shounen,DS,2008,Misc,Konami Digital Entertainment,0,0,0.05,0,0.05,59,27,0,9,,
Jikkyou Powerful Pro Yakyuu 15,Wii,2008,Sports,Konami Digital Entertainment,0,0,0.08,0,0.08,63,32,7,3,,
Jikkyou Powerful Pro Yakyuu 15,PS2,2008,Sports,Konami Digital Entertainment,0,0,0.24,0,0.24,88,33,3,54,,
Jikkyou Powerful Pro Yakyuu Portable 3,PSP,2008,Sports,Konami Digital Entertainment,0,0,0.31,0,0.31,54,32,10,51,,
J-League Winning Eleven 2008: Club Championship,PS2,2008,Sports,Konami Digital Entertainment,0,0,0.22,0,0.22,88,19,5,6,,
Karaoke Revolution Presents American Idol Encore,X360,2008,Misc,Konami Digital Entertainment,0.1,0,0,0.01,0.11,70,7,7,6,Blitz Games,E
Karaoke Revolution Presents American Idol Encore,Wii,2008,Misc,Konami Digital Entertainment,0.42,0,0,0.03,0.45,60,25,7.8,21,Blitz Games,E
Karaoke Revolution Presents American Idol Encore,PS3,2008,Misc,Konami Digital Entertainment,0.08,0,0,0.01,0.09,7,72,6.6,7,Blitz Games,E
Karaoke Revolution Presents American Idol Encore,PS2,2008,Misc,Konami Digital Entertainment,0.19,0.15,0,0.05,0.39,76,4,7,42,Blitz Games,E
Karaoke Revolution Presents American Idol Encore 2,X360,2008,Misc,Konami Digital Entertainment,0.08,0,0,0.01,0.09,24,75,2,43,Blitz Games,E10+
Karaoke Revolution Presents American Idol Encore 2,Wii,2008,Misc,Konami Digital Entertainment,0.3,0,0,0.02,0.32,71,28,10,57,Blitz Games,E10+
Karaoke Revolution Presents American Idol Encore 2,PS3,2008,Misc,Konami Digital Entertainment,0.11,0,0,0.01,0.11,93,63,3,40,Blitz Games,E10+
Kirarin * Revolution: Minna de Odorou Furi Furi Debut!,DS,2008,Simulation,Konami Digital Entertainment,0,0,0.06,0,0.06,80,81,6,42,,
L: the proLogue to DEATH NOTE - Rasen no Wana,DS,2008,Adventure,Konami Digital Entertainment,0,0,0.09,0,0.09,29,45,1,69,,
Lost in Blue: Shipwrecked,Wii,2008,Adventure,Konami Digital Entertainment,0.07,0,0,0.01,0.08,54,11,6,6,Hudson Soft,E10+
Magician's Quest: Mysterious Times,DS,2008,Role-Playing,Konami Digital Entertainment,0.04,0.01,0.48,0,0.53,69,13,7.6,9,Konami,E10+
Metal Gear Solid 4: Guns of the Patriots,PS3,2008,Action,Konami Digital Entertainment,2.63,1.71,0.83,0.82,5.99,94,82,8.7,3558,Kojima Productions,M
MLB Power Pros 2008,Wii,2008,Sports,Konami Digital Entertainment,0.11,0,0.01,0.01,0.13,79,16,8.7,21,Konami,E
MLB Power Pros 2008,PS2,2008,Sports,Konami Digital Entertainment,0.05,0.04,0.05,0.01,0.15,67,9,8.5,8,Konami,E
New International Track & Field,DS,2008,Sports,Konami Digital Entertainment,0.07,0,0,0.01,0.08,99,40,8,31,,
Otomedius Gorgeous,X360,2008,Shooter,Konami Digital Entertainment,0,0,0.03,0,0.03,67,3,7,22,,
Penguin no Mondai: Saikyou Penguin Densetsu! A Penguin's Troubles,DS,2008,Adventure,Konami Digital Entertainment,0,0,0.29,0,0.29,78,14,1,43,,
PES 2009: Pro Evolution Soccer,X360,2008,Sports,Konami Digital Entertainment,0.13,0.76,0.03,0.09,1,74,33,7,30,,
PES 2009: Pro Evolution Soccer,PS3,2008,Sports,Konami Digital Entertainment,0.11,1.33,0.4,0.26,2.11,12,93,5,35,,
PES 2009: Pro Evolution Soccer,PS2,2008,Sports,Konami Digital Entertainment,0.13,0.07,0.26,2.05,2.5,7,77,2,43,,
Power Pro Kun Pocket 11,DS,2008,Sports,Konami Digital Entertainment,0,0,0.29,0,0.29,96,44,6,100,,
Pro Evolution Soccer 2008,Wii,2008,Sports,Konami Digital Entertainment,0.09,0.84,0.11,0.15,1.19,83,19,8.4,43,Konami,E
Pro Evolution Soccer 2008,PSP,2008,Sports,Konami Digital Entertainment,0.02,0.53,0.19,0.25,0.98,80,17,6.8,11,Konami,E
Pro Yaky? Spirits 5,PS3,2008,Sports,Konami Digital Entertainment,0,0,0.11,0,0.11,28,91,1,63,,
Pro Yaky? Spirits 5,PS2,2008,Sports,Konami Digital Entertainment,0,0,0.18,0,0.18,42,14,1,99,,
Pro Yakyuu Spirits 5 Kanzenban,PS3,2008,Sports,Konami Digital Entertainment,0,0,0.03,0,0.03,42,9,1,67,,
Pro Yakyuu Spirits 5 Kanzenban,PS2,2008,Sports,Konami Digital Entertainment,0,0,0.05,0,0.05,54,35,0,66,,
Quiz Magic Academy DS,DS,2008,Misc,Konami Digital Entertainment,0,0,0.32,0,0.32,44,8,0,48,,
Rock Revolution,X360,2008,Misc,Konami Digital Entertainment,0.25,0,0,0.02,0.27,38,28,5.1,17,"Zoe Mode, HB Studios Multimedia",T
Rock Revolution,DS,2008,Misc,Konami Digital Entertainment,0.1,0,0,0.01,0.1,40,77,6.8,8,"Zoe Mode, HB Studios Multimedia",E10+
Shugo Chara! 3-tsu no Tamagoto Koisuru Joker,DS,2008,Action,Konami Digital Entertainment,0,0,0.05,0,0.05,14,94,3,8,,
Shugo Chara! Amunonijiro Chara Change,DS,2008,Action,Konami Digital Entertainment,0,0,0.03,0,0.03,78,47,9,62,,
Silent Hill: Origins,PS2,2008,Action,Konami Digital Entertainment,0.03,0.03,0,0.01,0.07,70,21,7.4,59,Climax Group,M
Suikoden Tierkreis,DS,2008,Role-Playing,Konami Digital Entertainment,0.09,0.01,0.15,0.01,0.26,76,24,7.4,37,Konami,E10+
Target: Terror,Wii,2008,Shooter,Konami Digital Entertainment,0.06,0,0,0.01,0.07,33,19,2.7,16,Leviathan Games,M
Tennis no Oji-Sama: Driving Smash! Side King,DS,2008,Sports,Konami Digital Entertainment,0,0,0.02,0,0.02,89,17,2,22,,
Time Hollow,DS,2008,Adventure,Konami Digital Entertainment,0.03,0.01,0.11,0,0.16,64,24,7.8,21,Tenky,T
Tokimeki Memorial: Girl's Side 2nd Season,DS,2008,Adventure,Konami Digital Entertainment,0,0,0.11,0,0.11,20,17,3,80,,
Winx Club: Mission Enchantix,DS,2008,Adventure,Konami Digital Entertainment,0.03,0.02,0,0,0.06,85,75,3,88,Powerhead Games,E
Yu-Gi-Oh! GX: Tag Force 3,PSP,2008,Strategy,Konami Digital Entertainment,0,0.03,0.18,0.01,0.22,35,80,9,48,,
Ant Nation,DS,2009,Simulation,Konami Digital Entertainment,0.06,0.01,0,0.01,0.07,64,67,5,74,Kouyousha,E
BeatMania IIDX 16: Empress + Premium Best,PS2,2009,Simulation,Konami Digital Entertainment,0,0,0.04,0,0.04,43,65,4,47,,
Beyblade: Metal Fusion - Battle Fortress,Wii,2009,Action,Konami Digital Entertainment,0.15,0,0.03,0.01,0.19,46,17,8,86,,
Calling,Wii,2009,Adventure,Konami Digital Entertainment,0.06,0.04,0,0.01,0.11,49,28,6.7,16,Hudson Entertainment,T
Dance Dance Revolution X2,PS2,2009,Simulation,Konami Digital Entertainment,1.09,0.85,0,0.28,2.23,30,1,5,81,Konami,E10+
Dance Dance Revolution: Disney Grooves,Wii,2009,Simulation,Konami Digital Entertainment,0.17,0,0,0.01,0.18,48,86,2,64,Konami,E
Dance Dance Revolution: Hottest Party 3,Wii,2009,Simulation,Konami Digital Entertainment,0.26,0.14,0,0.04,0.44,66,5,8.2,5,Konami,E10+
Gokuhou!! Mecha Mote Iinchou: Girls Motekawa Box,DS,2009,Simulation,Konami Digital Entertainment,0,0,0.01,0,0.01,7,12,6,74,,
Gokuhou!! Mecha Mote Iinchou: MM Town de Miracle Change!,DS,2009,Simulation,Konami Digital Entertainment,0,0,0.1,0,0.1,38,38,2,82,,
Hayate no Gotoku! Nightmare Paradise,PSP,2009,Adventure,Konami Digital Entertainment,0,0,0.03,0,0.03,27,100,8,32,,
Jikkyou Powerful Major League 2009,Wii,2009,Sports,Konami Digital Entertainment,0,0,0.04,0,0.04,47,85,10,77,,
Jikkyou Powerful Major League 2009,PS2,2009,Sports,Konami Digital Entertainment,0,0,0.08,0,0.08,26,85,10,16,,
Jikkyou Powerful Pro Yakyuu 2009,PS2,2009,Sports,Konami Digital Entertainment,0,0,0.15,0,0.15,27,42,3,81,,
Jikkyou Powerful Pro Yakyuu Next,Wii,2009,Sports,Konami Digital Entertainment,0,0,0.08,0,0.08,68,71,2,32,,
Jikkyou Powerful Pro Yakyuu Portable 4,PSP,2009,Sports,Konami Digital Entertainment,0,0,0.27,0,0.27,73,98,6,91,,
J-League Winning Eleven 2009: Club Championship,PS2,2009,Sports,Konami Digital Entertainment,0,0,0.08,0,0.08,91,34,0,66,,
Karaoke Revolution,X360,2009,Misc,Konami Digital Entertainment,0.12,0,0,0.01,0.12,62,5,5,44,Blitz Games Studios,T
Karaoke Revolution,Wii,2009,Misc,Konami Digital Entertainment,0.24,0.15,0,0.04,0.44,63,4,4,26,Blitz Games Studios,T
Karaoke Revolution,PS3,2009,Misc,Konami Digital Entertainment,0.07,0.02,0,0.01,0.1,66,8,9,9,Blitz Games Studios,T
Konami Classics Vol. 1,X360,2009,Misc,Konami Digital Entertainment,0.08,0,0,0.01,0.08,86,79,7,16,Konami,T
Konami Classics Vol. 2,X360,2009,Misc,Konami Digital Entertainment,0.01,0,0,0,0.01,7,33,7,12,Konami,E10+
Love Plus,DS,2009,Simulation,Konami Digital Entertainment,0,0,0.26,0,0.26,34,93,2,24,,
Marble Saga: Kororinpa,Wii,2009,Puzzle,Konami Digital Entertainment,0.09,0.05,0,0.01,0.16,74,16,7.3,6,Hudson Entertainment,E
Miami Law,DS,2009,Adventure,Konami Digital Entertainment,0.09,0,0,0.01,0.1,56,14,8.8,4,Hudson Entertainment,T
Ookami Kakushi,PSP,2009,Action,Konami Digital Entertainment,0,0,0.04,0,0.04,14,32,4,20,,
Pen 1 Grand Prix: Penguin no Mondai Special,DS,2009,Fighting,Konami Digital Entertainment,0,0,0.16,0,0.16,57,98,7,75,,
Penguin no Mondai X: Tenkuu no 7 Senshi,DS,2009,Action,Konami Digital Entertainment,0,0,0.19,0,0.19,79,98,9,88,,
PES 2009: Pro Evolution Soccer,Wii,2009,Sports,Konami Digital Entertainment,0.09,0.26,0.05,0.05,0.45,7,18,7,80,,
Pop'n Music,Wii,2009,Misc,Konami Digital Entertainment,0.07,0,0,0.01,0.08,96,25,3,68,Konami,E
Power Pro Kun Pocket 12,DS,2009,Sports,Konami Digital Entertainment,0,0,0.19,0,0.19,25,87,2,38,,
Pro Evolution Soccer 2010,X360,2009,Sports,Konami Digital Entertainment,0.12,0.58,0.03,0.08,0.81,78,34,7.6,29,Konami,E
Pro Evolution Soccer 2010,Wii,2009,Sports,Konami Digital Entertainment,0.12,0.27,0.06,0.05,0.51,82,13,8.4,17,Konami,E
Pro Evolution Soccer 2010,PSP,2009,Sports,Konami Digital Entertainment,0.09,0.33,0.2,0.18,0.8,72,9,4.6,5,Konami,E
Pro Evolution Soccer 2010,PS3,2009,Sports,Konami Digital Entertainment,0.3,1.27,0.46,0.26,2.28,78,42,6.7,76,Konami,E
Pro Evolution Soccer 2010,PS2,2009,Sports,Konami Digital Entertainment,0.1,0.18,0.12,1.16,1.57,56,26,8.1,15,Konami,E
Pro Evolution Soccer 2010,PC,2009,Sports,Konami Digital Entertainment,0,0.01,0,0,0.01,78,8,6.9,49,Konami,E
Pro Yaky? Spirits 6,PS3,2009,Sports,Konami Digital Entertainment,0,0,0.15,0,0.15,63,41,3,63,,
Pro Yaky? Spirits 6,PS2,2009,Sports,Konami Digital Entertainment,0,0,0.13,0,0.13,54,36,4,57,,
SAW,X360,2009,Action,Konami Digital Entertainment,0.13,0.12,0,0.03,0.28,59,39,7.4,50,Zombie Studios,M
SAW,PS3,2009,Action,Konami Digital Entertainment,0.13,0.17,0,0.06,0.36,59,41,6.4,28,Zombie Studios,M
SAW,PC,2009,Action,Konami Digital Entertainment,0,0.02,0,0,0.02,55,6,6,31,Zombie Studios,M
Scene It? Twilight,Wii,2009,Misc,Konami Digital Entertainment,0.16,0.07,0,0.02,0.26,49,5,4,3,Artificial Mind and Movement,T
Shadow of Destiny,PSP,2009,Adventure,Konami Digital Entertainment,0.08,0,0,0.01,0.09,54,6,8.2,5,Konami,T
Shounen Sunday x Shounen Magazine: Nettou! Dream Nine,DS,2009,Sports,Konami Digital Entertainment,0,0,0.07,0,0.07,45,59,5,63,,
Silent Hill: Shattered Memories,Wii,2009,Action,Konami Digital Entertainment,0.22,0.19,0.01,0.05,0.47,79,56,8,226,"Climax Group, Climax Studios",M
Storybook Workshop,Wii,2009,Misc,Konami Digital Entertainment,0.06,0,0,0.01,0.07,42,85,2,58,Konami,E
Sunday vs Magazine Shuuketsu! Choujou Daikessen,PSP,2009,Fighting,Konami Digital Entertainment,0,0,0.03,0,0.03,50,53,0,89,,
"Tennis no Oji-Sama: Doubles no Oji-Sama - Boys, Be Glorious!",DS,2009,Sports,Konami Digital Entertainment,0,0,0.01,0,0.01,46,18,3,66,,
"Tennis no Oji-Sama: Doubles no Oji-Sama - Girls, Be Gracious!",DS,2009,Sports,Konami Digital Entertainment,0,0,0.06,0,0.06,91,59,9,100,,
Tokimeki Memorial 4,PSP,2009,Adventure,Konami Digital Entertainment,0,0,0.08,0,0.08,24,15,0,75,,
Tokimeki Memorial Girl's Side 1st Love Plus,DS,2009,Adventure,Konami Digital Entertainment,0,0,0.03,0,0.03,53,27,2,3,,
Tornado Outbreak,X360,2009,Action,Konami Digital Entertainment,0.07,0,0,0.01,0.08,62,12,8,6,Loose Cannon Studios,E10+
Tornado Outbreak,Wii,2009,Action,Konami Digital Entertainment,0.09,0,0,0.01,0.1,71,7,8.2,5,Loose Cannon Studios,E10+
Tornado Outbreak,PS3,2009,Action,Konami Digital Entertainment,0.08,0,0,0.01,0.09,69,15,7.6,8,Loose Cannon Studios,E10+
Ultimate Party Challenge,Wii,2009,Misc,Konami Digital Entertainment,0.07,0,0,0.01,0.08,61,9,5,37,Konami,E
WireWay,DS,2009,Adventure,Konami Digital Entertainment,0.1,0,0,0.01,0.1,62,9,7,0,Konami,E
Yu-Gi-Oh! 5D's Stardust Accelerator: World Championship 2009,DS,2009,Action,Konami Digital Entertainment,0.27,0.01,0.09,0.03,0.4,87,36,6,74,,
Yu-Gi-Oh! 5D's Tag Force 4,PSP,2009,Strategy,Konami Digital Entertainment,0.19,0.07,0.12,0.05,0.43,1,84,8,26,,
Yu-Gi-Oh! 5D's Wheelie Breakers,Wii,2009,Racing,Konami Digital Entertainment,0.09,0.01,0,0.01,0.1,25,8,7,71,,
Adrenalin Misfits,X360,2010,Racing,Konami Digital Entertainment,0.12,0.02,0,0.01,0.14,50,32,9,75,Konami,E
Beyblade: Metal Masters,DS,2010,Action,Konami Digital Entertainment,0.14,0.09,0,0.03,0.27,65,4,5,98,Amble,E
Busou Shinki: Battle Masters,PSP,2010,Action,Konami Digital Entertainment,0,0,0.07,0,0.07,45,91,6,76,,
Captain Tsubasa: New Kick Off,DS,2010,Sports,Konami Digital Entertainment,0,0.02,0.06,0,0.08,25,88,0,60,,
Castlevania: Lords of Shadow,X360,2010,Action,Konami Digital Entertainment,0.42,0.17,0.01,0.05,0.66,83,70,7.8,237,Mercury Steam,M
Castlevania: Lords of Shadow,PS3,2010,Action,Konami Digital Entertainment,0.5,0.35,0.1,0.15,1.1,85,62,8,468,Mercury Steam,M
DanceDanceRevolution,Wii,2010,Simulation,Konami Digital Entertainment,0.28,0.04,0,0.02,0.34,36,94,9,27,Konami,E
DanceDanceRevolution,PS3,2010,Simulation,Konami Digital Entertainment,0.12,0.05,0,0.02,0.19,60,5,2,39,Konami,E10+
DanceMasters,X360,2010,Misc,Konami Digital Entertainment,0.15,0.02,0.02,0.01,0.19,63,30,5.9,7,GCP1,E10+
Def Jam Rapstar,X360,2010,Misc,Konami Digital Entertainment,0.25,0.02,0,0.02,0.29,74,36,5.4,9,"Terminal Reality, 4mm Games",T
Def Jam Rapstar,Wii,2010,Misc,Konami Digital Entertainment,0.29,0.02,0,0.02,0.33,65,5,10,15,"Terminal Reality, 4mm Games",T
Def Jam Rapstar,PS3,2010,Misc,Konami Digital Entertainment,0.25,0.04,0,0.03,0.32,75,25,6.3,4,"Terminal Reality, 4mm Games",T
Fairy Tail: Portable Guild,PSP,2010,Fighting,Konami Digital Entertainment,0,0,0.11,0,0.11,30,8,1,84,,
Gokujou!! Mecha Mote Iinchou: MM My Best Friend!,DS,2010,Simulation,Konami Digital Entertainment,0,0,0.03,0,0.03,78,97,1,7,,
Gormiti: The Lords of Nature!,Wii,2010,Adventure,Konami Digital Entertainment,0.03,0,0,0,0.04,33,11,7,28,,
Gormiti: The Lords of Nature!,DS,2010,Adventure,Konami Digital Entertainment,0.05,0,0,0,0.06,80,17,7,90,,
GTI Club: Supermini Festa!,Wii,2010,Racing,Konami Digital Entertainment,0.01,0,0,0,0.02,47,18,3,73,,
Jikkyou Powerful Pro Yakyuu 2010,PSP,2010,Sports,Konami Digital Entertainment,0,0,0.2,0,0.2,80,49,0,57,,
Jikkyou Powerful Pro Yakyuu 2010,PS3,2010,Sports,Konami Digital Entertainment,0,0,0.27,0,0.27,99,44,2,8,,
J-League Winning Eleven 2010: Club Championship,PS2,2010,Sports,Konami Digital Entertainment,0,0,0.05,0,0.05,9,89,1,77,,
Karaoke Revolution Glee,Wii,2010,Misc,Konami Digital Entertainment,0.51,0.24,0,0.07,0.82,68,54,7,60,Konami,T
Keshisasu-Kun: Battle Kas-tival,DS,2010,Action,Konami Digital Entertainment,0,0,0.03,0,0.03,36,40,7,33,,
Kingdom: Ikkitousen no Ken,PSP,2010,Action,Konami Digital Entertainment,0,0,0.02,0,0.02,45,63,0,13,,
Lost in Shadow,Wii,2010,Platform,Konami Digital Entertainment,0.09,0,0.01,0.01,0.12,68,38,8.7,18,Hudson Soft,E10+
Love Plus +,DS,2010,Simulation,Konami Digital Entertainment,0,0,0.23,0,0.23,8,62,9,83,,
Lucha Libre AAA: Heroes del Ring,X360,2010,Fighting,Konami Digital Entertainment,0.05,0,0,0,0.05,49,11,6.3,12,Immersion Software & Graphics,T
Lucha Libre AAA: Heroes del Ring,PS3,2010,Fighting,Konami Digital Entertainment,0.1,0,0,0.01,0.11,54,6,7.1,10,Immersion Software & Graphics,T
Metal Gear Solid: Peace Walker,PSP,2010,Action,Konami Digital Entertainment,0.46,0.41,0.96,0.24,2.06,89,66,8.9,443,Kojima Productions,T
Nettou! Powerful Koushien,DS,2010,Sports,Konami Digital Entertainment,0,0,0.03,0,0.03,92,14,3,20,,
No More Heroes: Heroes' Paradise,PS3,2010,Action,Konami Digital Entertainment,0.1,0.04,0.04,0.02,0.19,72,38,7.3,38,FeelPlus,M
Penguin no Mondai: The World,DS,2010,Adventure,Konami Digital Entertainment,0,0,0.1,0,0.1,82,63,5,27,,
Pop'n Music Portable,PSP,2010,Misc,Konami Digital Entertainment,0,0,0.13,0,0.13,76,49,10,79,,
Power Pro Kun Pocket 13,DS,2010,Sports,Konami Digital Entertainment,0,0,0.13,0,0.13,63,94,8,2,,
Power Pro Success Legends,PSP,2010,Sports,Konami Digital Entertainment,0,0,0.06,0,0.06,1,86,6,66,,
pro evolution soccer 2011,X360,2010,Sports,Konami Digital Entertainment,0.09,0.44,0,0.07,0.61,79,43,5.9,33,Konami,E
pro evolution soccer 2011,Wii,2010,Sports,Konami Digital Entertainment,0.07,0.1,0.03,0.02,0.22,78,9,5.4,7,Konami,E
pro evolution soccer 2011,PSP,2010,Sports,Konami Digital Entertainment,0.05,0.3,0.29,0.16,0.79,74,10,5.8,5,Konami,E
pro evolution soccer 2011,PS3,2010,Sports,Konami Digital Entertainment,0.29,1.17,0.54,0.41,2.41,77,40,6.8,85,Konami,E
pro evolution soccer 2011,PS2,2010,Sports,Konami Digital Entertainment,0.04,0.21,0.05,0.11,0.41,100,47,6.7,7,Konami,E
pro evolution soccer 2011,PC,2010,Sports,Konami Digital Entertainment,0,0.05,0,0.01,0.06,79,9,6,25,Konami,
Pro Yaky? Spirits 2010,PSP,2010,Sports,Konami Digital Entertainment,0,0,0.24,0,0.24,41,30,8,68,,
Pro Yaky? Spirits 2010,PS3,2010,Sports,Konami Digital Entertainment,0,0,0.21,0,0.21,12,29,4,61,,
Pro Yaky? Spirits 2010,PS2,2010,Sports,Konami Digital Entertainment,0,0,0.1,0,0.1,83,76,5,42,,
Puzzle Chronicles,PSP,2010,Puzzle,Konami Digital Entertainment,0.07,0,0,0.01,0.08,62,19,6,65,Konami,E10+
Quiz Magic Academy DS: Futatsu no Jikuu Koku,DS,2010,Misc,Konami Digital Entertainment,0,0,0.09,0,0.09,53,26,6,28,,
Saw II: Flesh & Blood,X360,2010,Action,Konami Digital Entertainment,0.1,0.04,0,0.01,0.15,33,0,10,51,,
Saw II: Flesh & Blood,PS3,2010,Action,Konami Digital Entertainment,0.1,0.06,0,0.02,0.18,2,91,0,21,,
Scene It? Twilight,DS,2010,Misc,Konami Digital Entertainment,0.11,0.06,0,0.02,0.19,52,7,9,94,Konami,T
Silent Hill: Shattered Memories,PSP,2010,Action,Konami Digital Entertainment,0.09,0.13,0.01,0.07,0.3,73,28,7.5,43,"Climax Group, Climax Studios",M
Silent Hill: Shattered Memories,PS2,2010,Action,Konami Digital Entertainment,0.13,0.22,0.01,0.23,0.59,77,8,6.8,82,Climax Group,M
Tegami Bachi: Kokoro Tsumugu Mono e,PSP,2010,Role-Playing,Konami Digital Entertainment,0,0,0.02,0,0.02,94,50,2,62,,
Tennis no Oji-Sama: Motto Gakuensai no Ouji-Sama - More Sweet Edition,DS,2010,Sports,Konami Digital Entertainment,0,0,0.1,0,0.1,35,20,3,89,,
The Cages: Pro Style Batting Practice,Wii,2010,Sports,Konami Digital Entertainment,0.01,0,0,0,0.01,81,96,4,21,Alpha Unit,E
Tokimeki Memorial Girl's Side 3rd Story,DS,2010,Adventure,Konami Digital Entertainment,0,0,0.19,0,0.19,99,91,6,67,,
Tongari Boushi to Mahou no Otana,DS,2010,Simulation,Konami Digital Entertainment,0,0,0.44,0,0.44,58,4,9,9,,
Trick DS-han: Kakushi Kami no Sumukan,DS,2010,Misc,Konami Digital Entertainment,0,0,0.07,0,0.07,90,2,10,91,,
Walk it Out!,Wii,2010,Sports,Konami Digital Entertainment,0.35,0.05,0,0.03,0.44,32,18,9,88,,
Winning Eleven Playmaker 2010: Aoki Samurai no Chousen,Wii,2010,Sports,Konami Digital Entertainment,0,0,0.07,0,0.07,98,61,6,17,,
World Soccer Winning Eleven 2010: Aoki Samurai no Chousen,PSP,2010,Sports,Konami Digital Entertainment,0,0,0.16,0,0.16,67,34,5,30,,
World Soccer Winning Eleven 2010: Aoki Samurai no Chousen,PS3,2010,Sports,Konami Digital Entertainment,0,0,0.23,0,0.23,54,1,5,35,,
World Soccer Winning Eleven 2010: Aoki Samurai no Chousen,PS2,2010,Sports,Konami Digital Entertainment,0,0,0.09,0,0.09,94,94,1,53,,
Yard Sale Hidden Treasures: Sunnyville,DS,2010,Puzzle,Konami Digital Entertainment,0.1,0,0,0.01,0.11,84,69,7,38,Konami,E10+
Yu-Gi-Oh! 5D's Tag Force 5,PSP,2010,Strategy,Konami Digital Entertainment,0.13,0.04,0.14,0.03,0.34,72,71,7,10,,
Yu-Gi-Oh! 5D's World Championship 2010 Reverse of Arcadia,DS,2010,Strategy,Konami Digital Entertainment,0.18,0.01,0.09,0.02,0.31,62,45,10,31,,
Yu-Gi-Oh! 5D's: Duel Transer,Wii,2010,Strategy,Konami Digital Entertainment,0.11,0.02,0.02,0.01,0.16,28,15,7,84,,
Yumeiro Patissiere: My Sweets Cooking,DS,2010,Simulation,Konami Digital Entertainment,0,0,0.03,0,0.03,21,45,10,84,,
Zac to Ombra: Maboroshi no Yuuenchi,DS,2010,Adventure,Konami Digital Entertainment,0,0,0.04,0,0.04,72,71,2,22,,
Busou Shinki: Battle Masters Mk. 2,PSP,2011,Action,Konami Digital Entertainment,0,0,0.11,0,0.11,80,82,4,63,,
Castlevania: Lords of Shadow - Reverie,X360,2011,Action,Konami Digital Entertainment,0.02,0,0,0,0.02,49,39,3,88,,
Castlevania: Lords of Shadow - Reverie,PS3,2011,Action,Konami Digital Entertainment,0.02,0,0,0.01,0.03,94,76,6,33,,
Dance Dance Revolution: Hottest Party 5,Wii,2011,Misc,Konami Digital Entertainment,0,0.02,0,0,0.02,50,35,8,14,,
DanceDanceRevolution,X360,2011,Simulation,Konami Digital Entertainment,0.08,0,0,0.01,0.08,7,1,7,81,Konami,E10+
Doctor Lautrec and the Forgotten Knights,3DS,2011,Adventure,Konami Digital Entertainment,0.07,0.05,0.03,0.01,0.16,53,19,6.1,8,WinkySoft,E10+
Fairy Tail: Portable Guild 2,PSP,2011,Fighting,Konami Digital Entertainment,0,0,0.08,0,0.08,45,44,0,65,,
Frogger 3D,3DS,2011,Action,Konami Digital Entertainment,0.16,0.03,0,0.01,0.21,54,11,5.5,8,Alpha Unit,E
Frontier Gate,PSP,2011,Role-Playing,Konami Digital Entertainment,0,0,0.11,0,0.11,94,43,0,3,,
Jikkyou Powerful Pro Yakyuu 2011,PSP,2011,Sports,Konami Digital Entertainment,0,0,0.2,0,0.2,32,40,0,30,,
Jikkyou Powerful Pro Yakyuu 2011,PS3,2011,Sports,Konami Digital Entertainment,0,0,0.26,0,0.26,75,95,8,4,,
Jikkyou Powerful Pro Yakyuu 2011 Ketteiban,PSP,2011,Sports,Konami Digital Entertainment,0,0,0.13,0,0.13,85,34,7,5,,
Jikkyou Powerful Pro Yakyuu 2011 Ketteiban,PS3,2011,Sports,Konami Digital Entertainment,0,0,0.07,0,0.07,13,62,0,70,,
Jimmie Johnson's Anything With an Engine,X360,2011,Racing,Konami Digital Entertainment,0.08,0,0,0.01,0.09,65,5,8.8,8,Isopod Labs,E10+
Jimmie Johnson's Anything With an Engine,Wii,2011,Racing,Konami Digital Entertainment,0.07,0,0,0,0.07,54,25,8,97,Isopod Labs,E10+
Jimmie Johnson's Anything With an Engine,PS3,2011,Racing,Konami Digital Entertainment,0.07,0,0,0.01,0.08,67,5,6.8,4,Isopod Labs,E10+
Karaoke Revolution Glee 2: Road to Regionals,Wii,2011,Misc,Konami Digital Entertainment,0.14,0.06,0,0.02,0.22,87,26,0,55,,
Karaoke Revolution Glee: Volume 3,X360,2011,Misc,Konami Digital Entertainment,0.13,0,0,0.01,0.14,60,0,6,86,Hijinx Studios,T
Karaoke Revolution Glee: Volume 3,Wii,2011,Misc,Konami Digital Entertainment,0.23,0.04,0,0.02,0.29,77,36,2,49,Hijinx Studios,T
Metal Gear Solid HD Edition,X360,2011,Action,Konami Digital Entertainment,0,0,0.01,0,0.01,22,20,5,71,Konami,M
Metal Gear Solid HD Edition,PS3,2011,Action,Konami Digital Entertainment,0,0,0.1,0,0.1,93,54,1,54,,
Metal Gear Solid: Peace Walker HD Edition,PS3,2011,Action,Konami Digital Entertainment,0,0,0.15,0,0.15,69,68,8,60,"Genki, Kojima Productions",T
Nurarihyon no Mago: Hyakki Ryouran Taisen,PS3,2011,Fighting,Konami Digital Entertainment,0,0,0.02,0,0.02,93,61,10,43,,
Omerta: City of Gangsters,X360,2011,Simulation,Konami Digital Entertainment,0.42,0.22,0,0.06,0.7,43,18,3.3,25,Kalypso,T
Omerta: City of Gangsters,PS3,2011,Simulation,Konami Digital Entertainment,0.52,0.42,0,0.15,1.1,68,28,9,94,,
Pop'n Music Portable 2,PSP,2011,Misc,Konami Digital Entertainment,0,0,0.06,0,0.06,2,26,6,69,,
Power Pro Kun Pocket 14,DS,2011,Sports,Konami Digital Entertainment,0,0,0.12,0,0.12,45,100,10,63,,
Powerful Golf,DS,2011,Sports,Konami Digital Entertainment,0,0,0.05,0,0.05,53,29,5,84,,
Pro Evolution Soccer 2011 3D,3DS,2011,Sports,Konami Digital Entertainment,0.11,0.13,0.11,0.02,0.38,73,43,6.7,18,Konami,E
Pro Evolution Soccer 2012,X360,2011,Action,Konami Digital Entertainment,0.1,0.34,0,0.07,0.5,78,36,6.6,55,Konami,E
Pro Evolution Soccer 2012,Wii,2011,Action,Konami Digital Entertainment,0.08,0.08,0.03,0.02,0.21,79,9,7,12,Konami,E
Pro Evolution Soccer 2012,PSP,2011,Action,Konami Digital Entertainment,0.1,0.11,0.29,0.06,0.57,74,4,6.3,8,Konami,E
Pro Evolution Soccer 2012,PS3,2011,Action,Konami Digital Entertainment,0.34,0.96,0.55,0.33,2.19,80,41,6.6,132,Konami,E
Pro Evolution Soccer 2012,PS2,2011,Action,Konami Digital Entertainment,0,0,0.06,0,0.06,8,4,8.2,11,Konami,E
Pro Evolution Soccer 2012,PC,2011,Action,Konami Digital Entertainment,0,0.07,0,0.02,0.09,77,13,6.4,88,Konami,
Pro Evolution Soccer 2012,3DS,2011,Action,Konami Digital Entertainment,0.02,0,0,0,0.03,22,35,1,78,,
Pro Yaky? Spirits 2011,PSP,2011,Sports,Konami Digital Entertainment,0,0,0.24,0,0.24,40,51,7,71,,
Pro Yaky? Spirits 2011,PS3,2011,Sports,Konami Digital Entertainment,0,0,0.18,0,0.18,99,91,9,35,,
Pro Yaky? Spirits 2011,3DS,2011,Sports,Konami Digital Entertainment,0,0,0.07,0,0.07,23,80,9,37,,
Senritsu no Stratus,PSP,2011,Role-Playing,Konami Digital Entertainment,0,0,0.06,0,0.06,22,53,10,34,,
Tennis no Oji-Sama Gyutto! DokiDoki Survival - Umi to Yama no Love Passion,DS,2011,Sports,Konami Digital Entertainment,0,0,0.08,0,0.08,4,50,5,69,,
Tongari Boushi to Oshare na Mahou Tsukai,DS,2011,Action,Konami Digital Entertainment,0,0,0.24,0,0.24,9,72,1,78,,
Yu-Gi-Oh! 5D's Tag Force 6,PSP,2011,Strategy,Konami Digital Entertainment,0,0,0.16,0,0.16,97,92,0,97,,
Yu-Gi-Oh! 5D's World Championship 2011: Over the Nexus,DS,2011,Strategy,Konami Digital Entertainment,0.1,0.03,0.07,0.01,0.21,38,76,6,60,,
Birds of Steel,X360,2012,Simulation,Konami Digital Entertainment,0.11,0.03,0,0.01,0.15,77,18,8.9,18,Gaijin Entertainment,T
Birds of Steel,PS3,2012,Simulation,Konami Digital Entertainment,0.1,0.08,0.02,0.03,0.23,73,27,8.4,18,Gaijin Entertainment,T
Blades of Time,X360,2012,Action,Konami Digital Entertainment,0.07,0.02,0,0.01,0.1,52,23,6.5,30,Gaijin Entertainment,M
Blades of Time,PS3,2012,Action,Konami Digital Entertainment,0.04,0.03,0.01,0.01,0.1,53,19,7.2,22,Gaijin Entertainment,M
Jikkyou Powerful Pro Yakyuu 2012,PSV,2012,Action,Konami Digital Entertainment,0,0,0.09,0,0.09,49,31,2,73,,
Jikkyou Powerful Pro Yakyuu 2012,PSP,2012,Action,Konami Digital Entertainment,0,0,0.15,0,0.15,65,39,2,60,,
Jikkyou Powerful Pro Yakyuu 2012,PS3,2012,Action,Konami Digital Entertainment,0,0,0.21,0,0.21,9,24,3,60,,
Magician's Quest: Town of Magic,3DS,2012,Simulation,Konami Digital Entertainment,0,0,0.21,0,0.21,72,84,2,45,,
Metal Gear Solid HD Edition,PSV,2012,Action,Konami Digital Entertainment,0.12,0.16,0.05,0.06,0.39,54,25,2,1,,
Metal Gear Solid: Snake Eater 3D,3DS,2012,Action,Konami Digital Entertainment,0.15,0.11,0.1,0.02,0.38,78,46,7.8,167,Kojima Productions,M
NeverDead,X360,2012,Shooter,Konami Digital Entertainment,0.06,0.03,0,0.01,0.1,52,46,5.5,65,Rebellion,M
NeverDead,PS3,2012,Shooter,Konami Digital Entertainment,0.06,0.04,0.01,0.02,0.12,50,32,4.7,47,Rebellion,M
New Love Plus,3DS,2012,Simulation,Konami Digital Entertainment,0,0,0.19,0,0.19,34,30,5,77,,
Ou to Maou to 7-nin no Himegimitachi: Shin Ousama Monogatari,PSV,2012,Action,Konami Digital Entertainment,0,0,0.04,0,0.04,53,27,4,68,,
Pro Evolution Soccer 2013,X360,2012,Sports,Konami Digital Entertainment,0.08,0.2,0,0.03,0.31,82,33,6.9,77,Konami,E
Pro Evolution Soccer 2013,Wii,2012,Sports,Konami Digital Entertainment,0,0.03,0.06,0,0.09,18,51,3,49,Konami,E
Pro Evolution Soccer 2013,PSP,2012,Sports,Konami Digital Entertainment,0,0.07,0.18,0.03,0.27,50,90,5,71,Konami,E
Pro Evolution Soccer 2013,PS3,2012,Sports,Konami Digital Entertainment,0.18,0.63,0.49,0.24,1.53,82,37,6.7,146,Konami,E
Pro Evolution Soccer 2013,PC,2012,Sports,Konami Digital Entertainment,0,0.07,0,0.01,0.08,80,8,6.9,182,Konami,E
Pro Evolution Soccer 2013,3DS,2012,Sports,Konami Digital Entertainment,0.05,0.02,0.1,0.01,0.18,3,86,2,68,,
Pro Yaky? Spirits 2012,PSV,2012,Sports,Konami Digital Entertainment,0,0,0.06,0,0.06,10,93,6,39,,
Pro Yaky? Spirits 2012,PSP,2012,Sports,Konami Digital Entertainment,0,0,0.2,0,0.2,8,92,6,98,,
Pro Yaky? Spirits 2012,PS3,2012,Sports,Konami Digital Entertainment,0,0,0.19,0,0.19,69,86,5,93,,
Silent Hill HD Collection,X360,2012,Action,Konami Digital Entertainment,0.11,0.06,0.01,0.02,0.19,69,17,5.6,98,Konami,M
Silent Hill HD Collection,PS3,2012,Action,Konami Digital Entertainment,0.15,0.1,0.03,0.04,0.32,70,33,4.8,136,Hijinx Studios,M
Silent Hill: Book of Memories,PSV,2012,Action,Konami Digital Entertainment,0.1,0.05,0,0.04,0.2,58,57,5.1,102,WayForward,M
Silent Hill: Downpour,X360,2012,Action,Konami Digital Entertainment,0.22,0.08,0,0.02,0.32,68,38,7.3,269,Konami,M
Silent Hill: Downpour,PS3,2012,Action,Konami Digital Entertainment,0.21,0.15,0.04,0.06,0.46,64,41,6.9,262,Vatra,M
Suikoden: Tsumugareshi Hyakunen no Toki,PSP,2012,Role-Playing,Konami Digital Entertainment,0,0,0.13,0,0.13,38,82,5,33,,
Tokimeki Memorial Girl's Side Premium: 3rd Story,PSP,2012,Adventure,Konami Digital Entertainment,0,0,0.07,0,0.07,18,92,8,64,,
Zone of the Enders HD Collection,X360,2012,Simulation,Konami Digital Entertainment,0.14,0.03,0.01,0.02,0.2,75,21,8.8,20,High Voltage Software,M
Zone of the Enders HD Collection,PS3,2012,Simulation,Konami Digital Entertainment,0.21,0.07,0.09,0.05,0.42,73,27,8,42,High Voltage Software,M
Castlevania: Lords of Shadow - Mirror of Fate,3DS,2013,Action,Konami Digital Entertainment,0.04,0.07,0.03,0.01,0.15,49,40,8,2,,
Jikkyou Powerful Pro Yakyuu 2013,PSV,2013,Sports,Konami Digital Entertainment,0,0,0.1,0,0.1,38,53,5,44,,
Jikkyou Powerful Pro Yakyuu 2013,PSP,2013,Sports,Konami Digital Entertainment,0,0,0.17,0,0.17,60,66,3,39,,
Jikkyou Powerful Pro Yakyuu 2013,PS3,2013,Sports,Konami Digital Entertainment,0,0,0.26,0,0.26,5,41,6,29,,
Metal Gear Rising: Revengeance,X360,2013,Action,Konami Digital Entertainment,0.3,0.14,0,0.04,0.48,82,46,7.8,358,PlatinumGames,M
Metal Gear Rising: Revengeance,PS3,2013,Action,Konami Digital Entertainment,0.45,0.37,0.44,0.16,1.42,80,61,7.9,746,PlatinumGames,M
Metal Gear Solid: The Legacy Collection,PS3,2013,Adventure,Konami Digital Entertainment,0.31,0.01,0.03,0.06,0.4,93,4,9,255,Konami,M
Pro Evolution Soccer 2014,X360,2013,Action,Konami Digital Entertainment,0.07,0.15,0,0.02,0.24,80,23,4.3,113,Konami,E
Pro Evolution Soccer 2014,PSP,2013,Action,Konami Digital Entertainment,0,0.02,0.14,0,0.16,17,1,1,36,Konami,E
Pro Evolution Soccer 2014,PS3,2013,Action,Konami Digital Entertainment,0.03,0.41,0.51,0,0.95,78,39,4.1,303,Konami,E
Pro Evolution Soccer 2014,PC,2013,Action,Konami Digital Entertainment,0,0.1,0,0.01,0.1,74,9,4.4,239,Konami,E
Pro Evolution Soccer 2014,3DS,2013,Action,Konami Digital Entertainment,0,0,0.19,0,0.19,48,0,3,30,Konami,E
Pro Yaky? Spirits 2013,PSV,2013,Sports,Konami Digital Entertainment,0,0,0.06,0,0.06,23,42,3,29,,
Pro Yaky? Spirits 2013,PSP,2013,Sports,Konami Digital Entertainment,0,0,0.2,0,0.2,38,13,2,75,,
Pro Yaky? Spirits 2013,PS3,2013,Sports,Konami Digital Entertainment,0,0,0.2,0,0.2,91,89,3,93,,
Yu-Gi-Oh! Zexal World Duel Carnival,3DS,2013,Misc,Konami Digital Entertainment,0,0.08,0.08,0.01,0.17,36,83,7,40,,
Castlevania: Lords of Shadow 2,X360,2014,Action,Konami Digital Entertainment,0.02,0.06,0,0.01,0.09,70,22,7.8,239,Mercury Steam,M
Castlevania: Lords of Shadow 2,PS3,2014,Action,Konami Digital Entertainment,0.03,0.12,0.02,0.03,0.2,63,55,7.8,528,Mercury Steam,M
Castlevania: Lords of Shadow 2,PC,2014,Action,Konami Digital Entertainment,0.01,0.03,0,0,0.04,58,16,7.7,498,Mercury Steam,M
Jikkyou Powerful Pro Yakyuu 2014,PSV,2014,Sports,Konami Digital Entertainment,0,0,0.12,0,0.12,52,72,7,41,,
Jikkyou Powerful Pro Yakyuu 2014,PS3,2014,Sports,Konami Digital Entertainment,0,0,0.17,0,0.17,85,7,1,81,,
Metal Gear Solid V: Ground Zeroes,XOne,2014,Action,Konami Digital Entertainment,0.15,0.11,0,0.02,0.29,76,13,5.4,348,Kojima Productions,M
Metal Gear Solid V: Ground Zeroes,X360,2014,Action,Konami Digital Entertainment,0.07,0.05,0.01,0.01,0.14,52,82,5.7,148,Kojima Productions,M
Metal Gear Solid V: Ground Zeroes,PS4,2014,Action,Konami Digital Entertainment,0.45,0.47,0.17,0.18,1.27,75,70,6.2,1311,Kojima Productions,M
Metal Gear Solid V: Ground Zeroes,PS3,2014,Action,Konami Digital Entertainment,0.14,0.12,0.27,0.05,0.59,66,5,5.9,242,Kojima Productions,M
Metal Gear Solid V: Ground Zeroes,PC,2014,Action,Konami Digital Entertainment,0,0.01,0,0,0.01,80,20,7.6,412,Kojima Productions,M
Nisekoi: Yomeiri!?,PSV,2014,Adventure,Konami Digital Entertainment,0,0,0.03,0,0.03,5,67,8,61,,
Pro Evolution Soccer 2015,XOne,2014,Sports,Konami Digital Entertainment,0.03,0.1,0,0.01,0.14,79,9,7.3,65,Konami,E
Pro Evolution Soccer 2015,X360,2014,Sports,Konami Digital Entertainment,0.05,0.08,0,0.01,0.14,24,53,6.8,29,Konami,E
Pro Evolution Soccer 2015,PS4,2014,Sports,Konami Digital Entertainment,0.09,0.45,0.11,0.1,0.75,82,56,7.2,386,Konami,E
Pro Evolution Soccer 2015,PS3,2014,Sports,Konami Digital Entertainment,0.1,0.2,0.22,0.06,0.58,1,97,7.8,34,Konami,E
Pro Evolution Soccer 2015,PC,2014,Sports,Konami Digital Entertainment,0,0.06,0,0,0.06,82,8,5.8,173,Konami,
Pro Yaky? Spirits 2014,PSV,2014,Sports,Konami Digital Entertainment,0,0,0.07,0,0.07,28,52,2,90,,
Pro Yaky? Spirits 2014,PSP,2014,Sports,Konami Digital Entertainment,0,0,0.09,0,0.09,19,73,9,11,,
Pro Yaky? Spirits 2014,PS3,2014,Sports,Konami Digital Entertainment,0,0,0.14,0,0.14,23,83,8,23,,
Metal Gear Solid V: The Phantom Pain,XOne,2015,Action,Konami Digital Entertainment,0.41,0.26,0.01,0.07,0.75,95,10,7.3,900,"Kojima Productions, Moby Dick Studio",M
Metal Gear Solid V: The Phantom Pain,X360,2015,Action,Konami Digital Entertainment,0.12,0.04,0,0.02,0.18,93,9,7.2,159,"Kojima Productions, Moby Dick Studio",M
Metal Gear Solid V: The Phantom Pain,PS4,2015,Action,Konami Digital Entertainment,1.09,1.36,0.49,0.48,3.41,93,86,8.2,3943,"Kojima Productions, Moby Dick Studio",M
Metal Gear Solid V: The Phantom Pain,PS3,2015,Action,Konami Digital Entertainment,0.22,0.13,0.22,0.07,0.64,27,98,7.2,168,"Kojima Productions, Moby Dick Studio",M
Metal Gear Solid V: The Phantom Pain,PC,2015,Action,Konami Digital Entertainment,0,0.07,0,0,0.08,91,13,7.7,1963,Kojima Productions,M
Pro Baseball Spirits 2015,PSV,2015,Action,Konami Digital Entertainment,0,0,0.13,0,0.13,49,19,8,70,,
Pro Baseball Spirits 2015,PS3,2015,Action,Konami Digital Entertainment,0,0,0.15,0,0.15,98,90,1,12,,
Pro Evolution Soccer 2016,XOne,2015,Sports,Konami Digital Entertainment,0.04,0.06,0,0.01,0.11,85,14,6.2,144,Konami,E
Pro Evolution Soccer 2016,X360,2015,Sports,Konami Digital Entertainment,0.04,0.05,0,0.01,0.1,95,37,7,34,Konami,E
Pro Evolution Soccer 2016,PS4,2015,Sports,Konami Digital Entertainment,0.13,0.42,0.13,0.1,0.79,87,54,7.1,680,Konami,E
Pro Evolution Soccer 2016,PS3,2015,Sports,Konami Digital Entertainment,0.09,0.12,0.15,0.04,0.4,76,91,7.2,40,Konami,E
Pro Evolution Soccer 2016,PC,2015,Sports,Konami Digital Entertainment,0,0.04,0,0,0.04,76,12,4.3,286,Konami,E
Jikkyou Powerful Pro Baseball 2016,PSV,2016,Sports,Konami Digital Entertainment,0,0,0.18,0,0.18,70,12,8,82,,
Jikkyou Powerful Pro Baseball 2016,PS4,2016,Sports,Konami Digital Entertainment,0,0,0.17,0,0.17,18,85,8,8,,
Jikkyou Powerful Pro Baseball 2016,PS3,2016,Sports,Konami Digital Entertainment,0,0,0.12,0,0.12,53,2,1,50,,
Metal Gear Solid V: The Definitive Experience,XOne,2016,Action,Konami Digital Entertainment,0.01,0,0,0,0.01,35,16,4,68,Kojima Productions,M
Metal Gear Solid V: The Definitive Experience,PS4,2016,Action,Konami Digital Entertainment,0.01,0.02,0.01,0,0.04,90,97,7.8,11,Kojima Productions,M
Pro Evolution Soccer 2017,XOne,2016,Sports,Konami Digital Entertainment,0.01,0.03,0,0,0.05,87,12,6.1,84,Konami,E
Pro Evolution Soccer 2017,X360,2016,Sports,Konami Digital Entertainment,0.01,0.02,0,0,0.04,59,26,6.5,17,Konami,E
Pro Evolution Soccer 2017,PS4,2016,Sports,Konami Digital Entertainment,0.02,0.27,0.11,0.05,0.45,85,61,7.6,478,Konami,E
Pro Evolution Soccer 2017,PS3,2016,Sports,Konami Digital Entertainment,0.01,0.05,0.06,0.01,0.13,46,8,7.2,19,Konami,E
Pro Evolution Soccer 2017,PC,2016,Sports,Konami Digital Entertainment,0,0.02,0,0,0.02,69,9,3.7,137,Konami,E
UEFA Euro 2016,PS4,2016,Sports,Konami Digital Entertainment,0,0.22,0.04,0.04,0.29,72,7,6.6,8,Konami,E
UEFA Euro 2016,PS3,2016,Sports,Konami Digital Entertainment,0,0.04,0.03,0.01,0.08,50,23,0,31,,
DanceDanceRevolution II,Wii,N/A,Misc,Konami Digital Entertainment,0.2,0,0,0.01,0.21,75,95,10,72,Konami,E10+
Demon Chaos,PS2,N/A,Action,Konami Digital Entertainment,0,0,0.09,0,0.09,51,85,9,35,,
Frogger's Adventures: Temple of the Frog,GBA,N/A,Adventure,Konami Digital Entertainment,2.15,0.18,0,0.07,2.39,73,4,6,53,Konami Computer Entertainment Hawaii,E
McFarlane's Evil Prophecy,PS2,N/A,Action,Konami Digital Entertainment,0.03,0.03,0,0.01,0.07,34,28,3.2,5,Konami,M
Metal Gear Solid 2: Substance,XB,N/A,Action,Konami Digital Entertainment,0.38,0.22,0,0.03,0.62,87,28,8.5,39,KCEJ,M
PES 2009: Pro Evolution Soccer,PSP,N/A,Sports,Konami Digital Entertainment,0.04,0.33,0.26,0.17,0.8,64,84,6,62,,
Shonen Jump's Yu-Gi-Oh! GX Card Almanac,DS,N/A,Misc,Konami Digital Entertainment,0,0,0.02,0,0.02,49,72,4,39,,
Silent Hill: Homecoming,X360,N/A,Action,Konami Digital Entertainment,0.25,0.15,0,0.04,0.45,70,54,6.9,180,Double Helix Games,M
Silent Hill: Homecoming,PS3,N/A,Action,Konami Digital Entertainment,0.18,0.14,0,0.06,0.38,71,41,6.9,143,Double Helix Games,M
