﻿Name,Platform,Year_of_Release,Genre,Publisher,NA_Sales,EU_Sales,JP_Sales,Other_Sales,Global_Sales,Critic_Score,Critic_Count,User_Score,User_Count,Developer,Rating
Microsoft Flight Simulator,PC,1996,Simulation,Microsoft Game Studios,3.22,1.69,0,0.2,5.12,76,68,7,3,,
Age of Empires II: The Age of Kings,PC,1999,Strategy,Microsoft Game Studios,0.01,0.08,0,0.01,0.09,92,21,9,801,Ensemble Studios,T
NFL Fever 2002,XB,2000,Sports,Microsoft Game Studios,0.74,0.21,0,0.04,0.99,79,24,8.5,10,Microsoft Game Studios,E
Amped: Freestyle Snowboarding,XB,2001,Sports,Microsoft Game Studios,0.69,0.11,0,0.02,0.82,78,30,9,20,Indie Built,E
Azurik: Rise of Perathia,XB,2001,Action,Microsoft Game Studios,0.18,0.05,0,0.01,0.24,52,26,8.5,14,Adrenium,T
Blood Wake,XB,2001,Shooter,Microsoft Game Studios,0.43,0.12,0,0.02,0.57,71,30,7.5,13,Stormfront Studios,T
Dead or Alive 3,XB,2001,Fighting,Microsoft Game Studios,1.19,0.29,0.24,0.06,1.77,87,35,8.6,44,Team Ninja,T
Exhibition,XB,2001,Misc,Microsoft Game Studios,0.19,0.05,0,0.01,0.25,37,53,4,83,,
Fuzion Frenzy,XB,2001,Misc,Microsoft Game Studios,0.93,0.24,0,0.04,1.21,70,28,6.9,16,Blitz Games,E
Halo: Combat Evolved,XB,2001,Shooter,Microsoft Game Studios,4.98,1.3,0.08,0.07,6.43,97,68,8.6,1283,Bungie Software,M
Microsoft Train Simulator,PC,2001,Simulation,Microsoft Game Studios,0,0.04,0,0.01,0.05,84,16,8.4,21,Kuju Entertainment,E
Project Gotham Racing,XB,2001,Racing,Microsoft Game Studios,1.37,0.61,0.05,0.09,2.12,85,35,8.2,28,Bizarre Creations,E
Zoo Tycoon,PC,2001,Strategy,Microsoft Game Studios,0,0.03,0,0,0.03,23,9,9,1,,
Age of Mythology,PC,2002,Strategy,Microsoft Game Studios,0.02,0.06,0,0.01,0.09,89,31,8.9,484,Ensemble Studios,T
Blinx: The Time Sweeper,XB,2002,Platform,Microsoft Game Studios,0.39,0.15,0,0.02,0.56,71,36,8,41,Artoon,E
Combat Flight Simulator 3: Battle for Europe,PC,2002,Simulation,Microsoft Game Studios,0.01,0.01,0,0,0.02,69,16,6.5,22,Microsoft Game Studios,E
Impossible Creatures,PC,2002,Strategy,Microsoft Game Studios,0,0.01,0,0,0.01,72,30,8,39,Relic,T
Kakuto Chojin,XB,2002,Fighting,Microsoft Game Studios,0.04,0.01,0,0,0.05,46,26,7.2,17,DreamFactory,T
Maximum Chase,XB,2002,Racing,Microsoft Game Studios,0.05,0.02,0,0,0.07,56,13,1,35,Genki,T
MechAssault,XB,2002,Simulation,Microsoft Game Studios,1.01,0.1,0,0.03,1.13,87,32,8,47,Day 1 Studios,T
NBA Inside Drive 2002,XB,2002,Sports,Microsoft Game Studios,0.28,0.08,0,0.01,0.37,76,26,8,5,High Voltage Software,E
NBA Inside Drive 2003,XB,2002,Sports,Microsoft Game Studios,0.23,0.07,0,0.01,0.31,72,21,7.8,12,High Voltage Software,E
NFL Fever 2003,XB,2002,Sports,Microsoft Game Studios,0.46,0.13,0,0.02,0.61,72,25,8.6,12,Microsoft Game Studios,E
NightCaster,XB,2002,Action,Microsoft Game Studios,0.1,0.03,0,0,0.13,61,27,5.7,7,Jaleco Entertainment,T
Project Gotham Racing (JP weekly sales),XB,2002,Action,Microsoft Game Studios,1.54,0.44,0.04,0.07,2.1,37,66,4,10,,
Quantum Redshift,XB,2002,Racing,Microsoft Game Studios,0.09,0.03,0,0,0.13,70,21,8.1,15,Curly Monsters,T
RalliSport Challenge,XB,2002,Racing,Microsoft Game Studios,0.39,0.16,0,0.02,0.57,87,32,8.3,19,Digital Illusions,E
RalliSport Challenge(JP sales),XB,2002,Racing,Microsoft Game Studios,0,0,0.01,0,0.01,59,67,7,0,,
Shenmue II,XB,2002,Adventure,Microsoft Game Studios,0.22,0.08,0,0.01,0.32,80,31,9.3,96,Sega AM2,T
Sneakers,XB,2002,Puzzle,Microsoft Game Studios,0.07,0.02,0,0,0.1,28,13,4.6,8,Media Vision,E
Star Wars: The Clone Wars & Tetris Worlds,XB,2002,Misc,Microsoft Game Studios,0.14,0.04,0,0.01,0.19,89,44,9,94,,
Steel Battalion,XB,2002,Simulation,Microsoft Game Studios,0.05,0.02,0.02,0,0.1,83,20,8.5,20,Capcom,T
Whacked!,XB,2002,Misc,Microsoft Game Studios,0.07,0.02,0,0,0.09,47,54,9,54,,
Age of Mythology: The Titans,PC,2003,Strategy,Microsoft Game Studios,0.02,0.02,0,0,0.04,84,25,8.7,119,Ensemble Studios,T
Amped 2,XB,2003,Sports,Microsoft Game Studios,0.2,0.04,0,0.01,0.25,80,34,7.7,20,Indie Built,E
Brute Force,XB,2003,Shooter,Microsoft Game Studios,0.62,0.18,0.01,0.03,0.83,77,45,7.8,49,Digital Anvil,M
Counter-Strike,XB,2003,Shooter,Microsoft Game Studios,0.85,0.23,0,0.04,1.11,74,38,7.6,51,Valve Software,M
Crimson Skies: High Road to Revenge,XB,2003,Simulation,Microsoft Game Studios,0.65,0.19,0,0.03,0.87,88,49,8.8,45,FASA Studio,T
Dead or Alive Xtreme Beach Volleyball,XB,2003,Sports,Microsoft Game Studios,0.36,0.08,0.14,0.02,0.59,73,42,7.8,47,Team Ninja,M
Exhibition Volume 02,XB,2003,Misc,Microsoft Game Studios,0.13,0.04,0,0.01,0.17,70,59,8,57,,
Exhibition Volume 03,XB,2003,Misc,Microsoft Game Studios,0.07,0.02,0,0,0.1,15,0,7,6,,
Exhibition Volume 4,XB,2003,Misc,Microsoft Game Studios,0.05,0.02,0,0,0.07,93,60,5,49,,
Freelancer,PC,2003,Simulation,Microsoft Game Studios,0.02,0.02,0,0.01,0.05,85,39,9,185,Digital Anvil,T
Grabbed by the Ghoulies,XB,2003,Action,Microsoft Game Studios,0.11,0.03,0,0.01,0.14,66,42,7.3,28,Rare Ltd.,E
Halo: Combat Evolved,PC,2003,Shooter,Microsoft Game Studios,0.02,0.02,0,0,0.04,83,40,7.4,396,Gearbox Software,M
Kung Fu Chaos,XB,2003,Fighting,Microsoft Game Studios,0.21,0.06,0,0.01,0.28,68,41,8.5,27,Just Add Monsters,T
Links 2004,XB,2003,Sports,Microsoft Game Studios,0.21,0.06,0,0.01,0.29,80,41,9,9,Indie Built,E
Microsoft Flight Simulator 2004: A Century of Flight,PC,2003,Simulation,Microsoft Game Studios,0,0.06,0,0.01,0.07,88,22,8.2,49,Microsoft Game Studios,E
Midtown Madness 3,XB,2003,Racing,Microsoft Game Studios,0.23,0.07,0,0.01,0.3,76,41,8.3,30,Digital Illusions,E
MLB Inside Pitch 2003,XB,2003,Sports,Microsoft Game Studios,0.09,0.03,0,0,0.12,20,14,9,39,,
NBA Inside Drive 2004,XB,2003,Sports,Microsoft Game Studios,0.13,0.04,0,0.01,0.17,71,31,8.2,11,High Voltage Software,E
NFL Fever 2004,XB,2003,Sports,Microsoft Game Studios,0.24,0.07,0,0.01,0.32,74,29,8.8,16,Microsoft Game Studios,E
NHL Rivals 2004,XB,2003,Sports,Microsoft Game Studios,0.08,0.02,0,0,0.11,65,39,8.8,20,Microsoft Game Studios,E
PGR: Project Gotham Racing 2,XB,2003,Racing,Microsoft Game Studios,0.97,0.59,0.04,0.07,1.67,53,72,2,90,,
Project Gotham Racing 2 (JP weekly sales),XB,2003,Action,Microsoft Game Studios,0,0,0.03,0,0.03,46,65,1,96,,
Rise of Nations,PC,2003,Strategy,Microsoft Game Studios,0.01,0.02,0,0.01,0.04,89,30,9,274,Big Huge Games,T
Tao Feng: Fist of the Lotus,XB,2003,Fighting,Microsoft Game Studios,0.21,0.06,0,0.01,0.27,65,32,6.5,8,Studio Gigante,M
Top Spin,XB,2003,Sports,Microsoft Game Studios,0.36,0.08,0,0.02,0.46,89,44,8.2,31,Pam Development,E
Voodoo Vince,XB,2003,Platform,Microsoft Game Studios,0.09,0.03,0,0,0.12,73,38,8.4,22,Beep Industries,T
Xbox Music Mixer,XB,2003,Misc,Microsoft Game Studios,0.26,0.08,0,0.01,0.35,49,12,5,49,WildTangent,E
Zoo Tycoon: Complete Collection,PC,2003,Strategy,Microsoft Game Studios,0.03,0.02,0,0.01,0.06,75,88,8,8,Blue Fang Games,E
Blinx 2: Masters of Time & Space,XB,2004,Platform,Microsoft Game Studios,0.12,0.03,0,0.01,0.15,96,14,10,88,,
Exhibition Volume 5,XB,2004,Misc,Microsoft Game Studios,0.04,0.01,0,0,0.06,6,41,4,50,,
Exhibition Volume 6,XB,2004,Misc,Microsoft Game Studios,0.01,0,0,0,0.02,99,11,0,37,,
Fable,XB,2004,Role-Playing,Microsoft Game Studios,1.99,0.58,0,0.09,2.66,85,87,8.5,268,Big Blue Box,M
Fatal Frame II: Crimson Butterfly Director's Cut,XB,2004,Action,Microsoft Game Studios,0.04,0.01,0,0,0.05,84,37,8.3,16,Tecmo,M
GunGriffon: Allied Strike,XB,2004,Simulation,Microsoft Game Studios,0.02,0.01,0,0,0.03,55,21,6,48,Game Arts,T
Halo 2,XB,2004,Shooter,Microsoft Game Studios,6.82,1.53,0.05,0.08,8.49,95,91,8.2,1218,Bungie Software,M
MechAssault 2: Lone Wolf,XB,2004,Simulation,Microsoft Game Studios,0.27,0.08,0,0.01,0.36,81,66,7.5,23,Day 1 Studios,T
Ninja Gaiden,XB,2004,Action,Microsoft Game Studios,0.92,0.2,0.07,0.04,1.23,91,89,8.8,152,Team Ninja,M
Phantom Dust,XB,2004,Action,Microsoft Game Studios,0.08,0.02,0,0,0.11,81,37,8.5,35,Microsoft Game Studios Japan,T
RalliSport Challenge 2,XB,2004,Racing,Microsoft Game Studios,0.18,0.08,0,0.01,0.27,87,69,9.1,33,Digital Illusions,E
Sudeki,XB,2004,Role-Playing,Microsoft Game Studios,0.14,0.04,0,0.01,0.19,72,75,8.4,49,Climax Group,M
Zoo Tycoon 2,PC,2004,Strategy,Microsoft Game Studios,0,0.05,0,0.01,0.06,72,34,8.1,43,Blue Fang Games,E
Age of Empires III,PC,2005,Strategy,Microsoft Game Studios,0,0.33,0,0.05,0.38,81,52,7.7,519,Ensemble Studios,T
Conker: Live And Reloaded,XB,2005,Adventure,Microsoft Game Studios,0.49,0.2,0,0.02,0.71,66,17,5,6,,
Dungeon Siege II,PC,2005,Role-Playing,Microsoft Game Studios,0,0.02,0,0,0.03,80,51,7.9,159,Gas Powered Games,M
Fable: The Lost Chapters,PC,2005,Role-Playing,Microsoft Game Studios,0.01,0.05,0,0.01,0.07,83,54,8.7,489,Lionhead Studios,M
Forza Motorsport,XB,2005,Racing,Microsoft Game Studios,0.52,0.51,0,0.02,1.05,92,73,7.6,213,Microsoft Game Studios,E
Halo 2 Multiplayer Map Pack,XB,2005,Shooter,Microsoft Game Studios,0.54,0.13,0,0.02,0.69,89,37,7.4,34,Bungie Software,M
Halo Triple Pack,XB,2005,Shooter,Microsoft Game Studios,0.12,0.03,0,0.01,0.16,25,50,0,12,,
Jade Empire,XB,2005,Role-Playing,Microsoft Game Studios,0.48,0.19,0,0.03,0.7,89,84,8.6,113,BioWare,M
Kameo: Elements of Power,X360,2005,Action,Microsoft Game Studios,0.28,0.03,0,0.03,0.34,79,76,8.1,107,Rare Ltd.,T
Ninja Gaiden Black,XB,2005,Action,Microsoft Game Studios,0.07,0.02,0,0,0.09,94,32,8.7,121,Team Ninja,M
Perfect Dark Zero,X360,2005,Shooter,Microsoft Game Studios,0.66,0.02,0.03,0.06,0.77,81,75,7.3,229,Rare Ltd.,M
PGR3 - Project Gotham Racing 3,X360,2005,Racing,Microsoft Game Studios,0.49,0.03,0.03,0.05,0.6,74,36,7,31,,
Tecmo Classic Arcade,XB,2005,Misc,Microsoft Game Studios,0.05,0.01,0,0,0.06,55,26,9,94,Tecmo,E
Tork: Prehistoric Punk,XB,2005,Platform,Microsoft Game Studios,0.02,0.01,0,0,0.03,62,21,6.2,6,Tiwak,E
Blue Dragon,X360,2006,Role-Playing,Microsoft Game Studios,0.3,0.32,0.21,0.08,0.92,79,56,7.8,161,"Mistwalker, Artoon",T
Gears of War,X360,2006,Shooter,Microsoft Game Studios,3.54,1.88,0.07,0.6,6.09,94,88,8.3,2295,Epic Games,M
Microsoft Flight Simulator X,PC,2006,Simulation,Microsoft Game Studios,0.02,0.36,0,0.05,0.43,80,28,7.6,95,Microsoft Game Studios,E
N3: Ninety-Nine Nights,X360,2006,Action,Microsoft Game Studios,0.2,0.02,0.05,0.02,0.3,58,31,0,87,,
Project Sylpheed: Arc of Deception,X360,2006,Shooter,Microsoft Game Studios,0.12,0.01,0.02,0.01,0.15,64,45,8.6,24,"Game Arts, Seta Corporation",T
Rise of Nations: Rise of Legends,PC,2006,Strategy,Microsoft Game Studios,0,0.03,0,0.01,0.03,84,46,8.5,108,Big Huge Games,T
Tenchu Z,X360,2006,Action,Microsoft Game Studios,0.27,0.02,0.02,0.03,0.34,56,51,7.3,58,K2 LLC,M
Viva Pinata,X360,2006,Simulation,Microsoft Game Studios,0.45,0.95,0.02,0.2,1.62,84,65,8,131,Rare Ltd.,E
Xbox Live Arcade Unplugged Volume 1,X360,2006,Misc,Microsoft Game Studios,0.05,0.01,0,0.01,0.07,34,54,3,75,,
Age of Empires III: Gold Edition,PC,2007,Strategy,Microsoft Game Studios,0,0.02,0,0,0.03,13,63,7.8,6,Ensemble Studios,T
Age of Empires III: The Asian Dynasties,PC,2007,Strategy,Microsoft Game Studios,0,0.05,0,0.01,0.06,81,19,8.5,71,Big Huge Games,T
Crackdown,X360,2007,Shooter,Microsoft Game Studios,1,0.53,0.03,0.18,1.75,83,75,8,340,Realtime Worlds,M
Forza Motorsport 2,X360,2007,Racing,Microsoft Game Studios,2.35,1.27,0.03,0.41,4.05,90,66,8.3,381,Turn 10,E
Fuzion Frenzy 2,X360,2007,Misc,Microsoft Game Studios,0.14,0.01,0,0.01,0.17,49,47,5.2,31,Hudson Soft,E10+
Gears of War,PC,2007,Shooter,Microsoft Game Studios,0,0.01,0,0,0.02,87,36,7.8,567,Epic Games,M
Halo 2,PC,2007,Shooter,Microsoft Game Studios,0.01,0.06,0,0.02,0.09,72,32,5.6,216,Microsoft Game Studios,M
Halo 3,X360,2007,Shooter,Microsoft Game Studios,7.97,2.81,0.13,1.21,12.12,94,86,7.8,4100,"Bungie Software, Bungie",M
Kingdom Under Fire: Circle of Doom,X360,2007,Role-Playing,Microsoft Game Studios,0.18,0.12,0.04,0.03,0.37,55,44,5.9,49,Blueside,M
Lost Odyssey,X360,2007,Role-Playing,Microsoft Game Studios,0.45,0.26,0.11,0.08,0.9,78,68,8.3,432,Mistwalker,T
Mass Effect,X360,2007,Role-Playing,Microsoft Game Studios,1.83,0.79,0.03,0.27,2.91,91,74,8.7,1692,BioWare,M
Microsoft Flight Simulator X Acceleration Expansion Pack,PC,2007,Simulation,Microsoft Game Studios,0,0.04,0,0.01,0.05,7,89,1,62,,
PGR4 - Project Gotham Racing 4,X360,2007,Racing,Microsoft Game Studios,0.48,1.28,0.02,0.25,2.04,47,67,8,87,,
Scene It? Lights Camera Action,X360,2007,Misc,Microsoft Game Studios,0.43,0.01,0,0.04,0.48,73,41,8.1,21,"Screenlife Games, WXP",T
Shadowrun,X360,2007,Role-Playing,Microsoft Game Studios,0.41,0.02,0,0.04,0.47,66,57,7.5,156,FASA Studio,M
Vampire Rain,X360,2007,Action,Microsoft Game Studios,0.18,0,0.01,0.01,0.21,38,45,2.9,44,Artoon,M
Viva Pinata,PC,2007,Simulation,Microsoft Game Studios,0,0.02,0,0,0.02,78,20,7.8,20,"Climax Group, Climax Studios",E
Viva Pinata: Party Animals,X360,2007,Misc,Microsoft Game Studios,0.19,0.02,0,0.02,0.23,56,42,6.2,18,Krome Studios,E
Worms,X360,2007,Strategy,Microsoft Game Studios,0,0.02,0,0,0.02,75,25,6.9,28,Team 17,E10+
Banjo-Kazooie,X360,2008,Platform,Microsoft Game Studios,0,0.01,0,0,0.01,77,17,8.2,70,4J Studios,E
Banjo-Kazooie: Nuts & Bolts,X360,2008,Platform,Microsoft Game Studios,0.32,0.35,0,0.08,0.76,26,90,3,85,,
Fable II,X360,2008,Role-Playing,Microsoft Game Studios,2.51,1.24,0.11,0.41,4.27,89,95,6.5,2423,Lionhead Studios,M
Gears of War 2,X360,2008,Shooter,Microsoft Game Studios,4.15,1.9,0.06,0.64,6.75,93,90,7.7,2739,Epic Games,M
Lips,X360,2008,Misc,Microsoft Game Studios,0.12,0.56,0,0.1,0.77,71,43,7.4,34,iNiS,T
Scene It? Box Office Smash,X360,2008,Misc,Microsoft Game Studios,0.33,0.25,0,0.07,0.65,76,32,7.4,25,"Krome Studios, Screenlife Games",T
Too Human,X360,2008,Role-Playing,Microsoft Game Studios,0.38,0.29,0.03,0.08,0.78,65,80,7,458,Silicon Knights,T
Viva Pinata: Trouble in Paradise,X360,2008,Simulation,Microsoft Game Studios,0.16,0.25,0.01,0.05,0.47,82,64,7.9,61,Rare Ltd.,E
You're in the Movies,X360,2008,Misc,Microsoft Game Studios,0.27,0.17,0,0.05,0.48,55,21,5.5,20,Zoe Mode,E
Zoo Tycoon 2: Ultimate Collection,PC,2008,Strategy,Microsoft Game Studios,0.04,0.18,0,0.04,0.26,8,50,8.4,14,Blue Fang Games,E
Age of Empires III: Complete Collection,PC,2009,Strategy,Microsoft Game Studios,0.01,0.12,0,0.03,0.17,66,76,8.5,41,Microsoft Game Studios,T
Forza Motorsport 3,X360,2009,Racing,Microsoft Game Studios,2.99,1.9,0.1,0.5,5.49,92,90,8,516,Turn 10,E
Halo 3: ODST,X360,2009,Shooter,Microsoft Game Studios,4.34,1.34,0.06,0.61,6.34,83,94,7.1,1163,"Bungie Software, Bungie",M
Halo Wars,X360,2009,Strategy,Microsoft Game Studios,1.54,0.8,0.04,0.24,2.62,82,92,7.2,454,Ensemble Studios,T
Lips: Deutsche Partyknaller,X360,2009,Misc,Microsoft Game Studios,0,0.04,0,0.01,0.05,88,6,8,71,,
Lips: Number One Hits,X360,2009,Misc,Microsoft Game Studios,0.15,0.34,0,0.06,0.55,70,22,7.6,7,iNiS,T
Ninja Blade,X360,2009,Action,Microsoft Game Studios,0.14,0.14,0.02,0.03,0.33,68,65,6.8,55,From Software,M
Alan Wake,X360,2010,Action,Microsoft Game Studios,0.66,0.5,0.05,0.13,1.33,83,100,8.1,1156,Remedy Entertainment,T
Crackdown 2,X360,2010,Shooter,Microsoft Game Studios,0.63,0.36,0.02,0.1,1.12,70,91,6,202,Ruffian Games,M
Fable III,X360,2010,Role-Playing,Microsoft Game Studios,3.59,1.08,0.05,0.38,5.1,80,88,6.5,604,Lionhead Studios,M
Forza Motorsport 3: Ultimate Edition,X360,2010,Racing,Microsoft Game Studios,0,0.04,0,0.01,0.04,25,19,9,61,,
Halo: Reach,X360,2010,Shooter,Microsoft Game Studios,7.04,1.95,0.08,0.79,9.86,91,99,7.9,2045,Bungie,M
Kinect Adventures!,X360,2010,Misc,Microsoft Game Studios,15,4.89,0.24,1.69,21.81,61,45,6.3,106,Good Science Studio,E
Kinect Joy Ride,X360,2010,Racing,Microsoft Game Studios,0.92,0.39,0,0.12,1.43,52,46,5,20,BigPark,E
Kinect Sports,X360,2010,Sports,Microsoft Game Studios,3.92,1.73,0.03,0.51,6.19,73,51,7.4,95,Rare Ltd.,E10+
Kinectimals,X360,2010,Simulation,Microsoft Game Studios,1.02,0.46,0,0.13,1.62,74,50,3.1,69,Frontier Developments,E
Lips: I Love The 80s,X360,2010,Misc,Microsoft Game Studios,0,0.12,0,0.02,0.14,26,66,6,4,,
Lips: Party Classics,X360,2010,Misc,Microsoft Game Studios,0.05,0.11,0,0.02,0.18,69,10,4,63,iNiS,T
N3 II: Ninety-Nine Nights,X360,2010,Action,Microsoft Game Studios,0.06,0.06,0.04,0.01,0.17,54,12,5,86,,
Age of Empires Online,PC,2011,Strategy,Microsoft Game Studios,0.01,0.04,0,0.01,0.06,70,44,5.6,186,Gas Powered Games,E10+
Dance Central 2,X360,2011,Misc,Microsoft Game Studios,1.45,0.41,0.01,0.16,2.04,86,56,8.2,63,Harmonix Music Systems,T
Fable III,PC,2011,Role-Playing,Microsoft Game Studios,0.1,0.17,0,0.05,0.32,75,39,5.4,555,Lionhead Studios,M
Forza Motorsport 4,X360,2011,Racing,Microsoft Game Studios,2.08,1.97,0.06,0.46,4.57,91,83,8.2,617,Turn 10,E
Gears of War 3,X360,2011,Shooter,Microsoft Game Studios,4.05,1.59,0.07,0.5,6.21,91,96,7.8,1504,Epic Games,M
Halo: Combat Evolved Anniversary,X360,2011,Shooter,Microsoft Game Studios,1.44,0.7,0.04,0.22,2.4,82,73,8.1,487,343 Industries,M
Kinect Sports: Season Two,X360,2011,Sports,Microsoft Game Studios,1.38,0.72,0.02,0.22,2.34,66,46,6.5,39,"Rare Ltd., BigPark",E
Kinect: Disneyland Adventures,X360,2011,Misc,Microsoft Game Studios,1.73,0.43,0.02,0.17,2.35,73,33,2.9,67,Frontier Developments,E10+
Kinectimals: Now with Bears!,X360,2011,Misc,Microsoft Game Studios,0.27,0.06,0,0.03,0.35,84,52,2,9,,
The Gunstringer,X360,2011,Shooter,Microsoft Game Studios,0.26,0.1,0,0.04,0.4,77,60,8.1,40,Twisted Pixel Games,T
Triple Pack: Xbox Live Arcade Compilation,X360,2011,Misc,Microsoft Game Studios,0.03,0,0,0,0.03,92,22,2,71,Various,T
Dance Central 3,X360,2012,Misc,Microsoft Game Studios,0.57,0.18,0,0.06,0.81,86,43,8,45,Harmonix Music Systems,T
Fable: The Journey,X360,2012,Role-Playing,Microsoft Game Studios,0.18,0.08,0,0.02,0.28,61,70,4.8,80,Lionhead Studios,T
Forza Horizon,X360,2012,Racing,Microsoft Game Studios,0.82,0.93,0.04,0.18,1.96,85,83,8.4,431,"PLAYGROUND, Playground Games",T
Halo 4,X360,2012,Shooter,Microsoft Game Studios,6.65,2.28,0.04,0.74,9.71,87,87,7,3260,343 Industries,M
Kinect Rush: A Disney Pixar Adventure,X360,2012,Adventure,Microsoft Game Studios,0.38,0.15,0,0.05,0.58,68,31,5.1,15,Asobo Studio,E
Kinect Star Wars,X360,2012,Action,Microsoft Game Studios,1.05,0.52,0.03,0.14,1.74,55,61,3.5,145,Terminal Reality,T
Nike+ Kinect Training,X360,2012,Sports,Microsoft Game Studios,0.02,0.01,0,0,0.04,79,16,3,52,,
Dead Rising 3,XOne,2013,Action,Microsoft Game Studios,1.06,0.35,0.01,0.15,1.57,78,69,6.8,908,Capcom Vancouver,M
Forza Motorsport 5,XOne,2013,Racing,Microsoft Game Studios,1.21,0.79,0.01,0.19,2.2,79,76,5.9,1095,Turn 10,E
Gears of War: Judgment,X360,2013,Shooter,Microsoft Game Studios,0.92,0.5,0.03,0.12,1.57,79,81,5.4,779,Epic Games,M
Killer Instinct (2013),XOne,2013,Fighting,Microsoft Game Studios,0.04,0.03,0,0.01,0.07,77,94,1,42,,
Minecraft,X360,2013,Misc,Microsoft Game Studios,5.7,2.65,0.02,0.81,9.18,8,27,3,97,,
Ryse: Son of Rome,XOne,2013,Action,Microsoft Game Studios,0.83,0.43,0,0.13,1.38,60,77,6.1,1409,Crytek,M
Zoo Tycoon (2013),XOne,2013,Simulation,Microsoft Game Studios,0.18,0.15,0,0.03,0.36,92,72,9,1,,
Zoo Tycoon (2013),X360,2013,Simulation,Microsoft Game Studios,0.02,0.06,0,0.01,0.08,17,83,6,69,,
Dance Central: Spotlight,XOne,2014,Misc,Microsoft Game Studios,0.15,0.03,0,0,0.19,74,19,7,47,Harmonix Music Systems,T
Fable,X360,2014,Role-Playing,Microsoft Game Studios,0.25,0.15,0.01,0.04,0.44,96,30,2,56,,
Forza Horizon 2,XOne,2014,Racing,Microsoft Game Studios,0.5,0.78,0.01,0.11,1.4,86,85,8.2,977,Playground Games,E10+
Forza Horizon 2,X360,2014,Racing,Microsoft Game Studios,0.35,0.37,0,0.06,0.78,38,65,5.1,116,"Sumo Digital, Playground Games",E10+
Halo: The Master Chief Collection,XOne,2014,Shooter,Microsoft Game Studios,1.91,1,0.03,0.29,3.23,85,69,7.2,1267,343 Industries,M
Kinect Sports Rivals,XOne,2014,Sports,Microsoft Game Studios,0.3,0.23,0.02,0.05,0.6,60,53,5.1,144,Microsoft Game Studios,E10+
Minecraft,XOne,2014,Misc,Microsoft Game Studios,1.61,0.9,0,0.25,2.76,4,91,3,8,,
Project Spark,XOne,2014,Misc,Microsoft Game Studios,0.11,0.05,0,0.02,0.17,73,26,7,151,Microsoft Game Studios,E10+
Sunset Overdrive,XOne,2014,Shooter,Microsoft Game Studios,0.63,0.4,0,0.1,1.14,81,89,7.7,1137,Insomniac Games,M
Forza Motorsport 6,XOne,2015,Racing,Microsoft Game Studios,0.73,0.9,0.03,0.14,1.8,87,85,7.9,863,Turn 10,E
Gears of War: Ultimate Edition,XOne,2015,Shooter,Microsoft Game Studios,2.61,0.33,0,0.34,3.28,82,74,7.5,563,"Splash Damage, The Coalition",M
Halo 5: Guardians,XOne,2015,Shooter,Microsoft Game Studios,2.78,1.27,0.03,0.41,4.48,84,101,6.4,2438,343 Industries,T
Rare Replay,XOne,2015,Misc,Microsoft Game Studios,0.49,0.22,0.01,0.07,0.79,84,75,7.7,325,Rare Ltd.,M
State of Decay,XOne,2015,Strategy,Microsoft Game Studios,0.14,0.05,0,0.02,0.21,84,61,7,61,,
Forza Horizon 3,XOne,2016,Racing,Microsoft Game Studios,0.42,0.58,0,0.08,1.08,91,90,7.4,594,Playground Games,E
Gears of War 4,XOne,2016,Shooter,Microsoft Game Studios,0.78,0.44,0,0.12,1.35,84,96,6.2,815,The Coalition,M
Minecraft,WiiU,2016,Misc,Microsoft Game Studios,0.28,0.17,0.18,0.04,0.68,51,91,1,37,,
Quantum Break,XOne,2016,Action,Microsoft Game Studios,0.3,0.2,0.01,0.05,0.56,77,106,6.8,1659,Remedy Entertainment,M
Quantum Break,PC,2016,Action,Microsoft Game Studios,0,0.01,0,0,0.02,66,14,4.3,539,Remedy Entertainment,M
ReCore,XOne,2016,Action,Microsoft Game Studios,0.08,0.05,0,0.01,0.15,63,75,6.6,445,"Armature Studio, comcept",T
