﻿Name,Platform,Year_of_Release,Genre,Publisher,NA_Sales,EU_Sales,JP_Sales,Other_Sales,Global_Sales,Critic_Score,Critic_Count,User_Score,User_Count,Developer,Rating
Baseball,NES,1983,Sports,Nintendo,0.73,0.1,2.35,0.02,3.2,37,70,8,64,,
Donkey Kong,NES,1983,Platform,Nintendo,0.23,0.05,0.84,0.01,1.13,21,42,5,37,,
Donkey Kong Jr.,NES,1983,Platform,Nintendo,0.33,0.07,0.7,0.01,1.11,27,9,10,44,,
Mahjong,NES,1983,Misc,Nintendo,0.01,0,2.13,0,2.14,59,11,1,60,,
Mario Bros.,NES,1983,Platform,Nintendo,0.51,0.12,1.63,0.02,2.28,1,44,10,57,,
Popeye,NES,1983,Platform,Nintendo,0.51,0.12,0.45,0.02,1.1,77,7,1,52,,
4 Nin uchi Mahjong,NES,1984,Misc,Nintendo,0,0,1.45,0,1.45,17,46,9,65,,
Clu Clu Land,NES,1984,Puzzle,Nintendo,0.42,0.1,0.28,0.02,0.82,95,68,1,22,,
Duck Hunt,NES,1984,Shooter,Nintendo,26.93,0.63,0.28,0.47,28.31,35,70,7,63,,
Excitebike,NES,1984,Racing,Nintendo,2.04,0.48,1.57,0.07,4.16,7,31,4,12,,
F1 Race,NES,1984,Racing,Nintendo,0,0,1.52,0,1.52,65,78,1,3,,
Golf,NES,1984,Sports,Nintendo,1.22,0.28,2.46,0.04,4.01,54,29,10,91,,
Hogan's Alley,NES,1984,Shooter,Nintendo,0.68,0.16,0.41,0.02,1.27,88,82,4,52,,
Pinball,NES,1984,Action,Nintendo,0.8,0.19,0.83,0.03,1.85,30,24,6,30,,
Tennis,NES,1984,Sports,Nintendo,0.48,0.11,1.56,0.02,2.17,1,68,7,39,,
Balloon Fight,NES,1985,Platform,Nintendo,0.39,0.09,0.43,0.01,0.92,10,34,6,30,,
Gyromite,NES,1985,Puzzle,Nintendo,0.73,0.16,0.4,0.03,1.32,41,24,9,97,,
Ice Climber,NES,1985,Platform,Nintendo,0.46,0.1,0.92,0.02,1.5,40,43,2,73,,
Kung Fu,NES,1985,Action,Nintendo,1.64,0.38,1.42,0.06,3.5,64,35,8,94,,
Soccer,NES,1985,Sports,Nintendo,0.18,0.23,1.53,0.02,1.96,87,77,4,47,,
Super Mario Bros.,NES,1985,Platform,Nintendo,29.08,3.58,6.81,0.77,40.24,83,79,4,70,,
Wrecking Crew,NES,1985,Platform,Nintendo,0,0,0.51,0,0.51,47,3,6,32,,
Kid Icarus,NES,1986,Platform,Nintendo,0.53,0.12,1.09,0.02,1.76,15,85,7,95,,
Metroid,NES,1986,Action,Nintendo,1.33,0.31,1.04,0.05,2.73,4,89,2,30,,
Rad Racer,NES,1986,Racing,Nintendo,1.13,0.37,0.41,0.05,1.96,63,75,2,62,,
Super Mario Bros.: The Lost Levels,NES,1986,Platform,Nintendo,0,0,2.65,0,2.65,4,30,9,77,,
The Legend of Zelda,NES,1986,Action,Nintendo,3.74,0.93,1.69,0.14,6.51,35,80,5,93,,
The Mysterious Murasame Castle,NES,1986,Action,Nintendo,0,0,0.57,0,0.57,90,64,7,65,,
Mike Tyson's Punch-Out!!,NES,1987,Fighting,Nintendo,2.03,0.47,0.45,0.07,3.02,61,82,10,60,,
Pro Wrestling,NES,1987,Fighting,Nintendo,0.77,0.18,1.42,0.03,2.4,36,27,6,59,,
Volleyball,NES,1987,Sports,Nintendo,0.14,0.03,1.98,0,2.15,35,47,2,15,,
Zelda II: The Adventure of Link,NES,1987,Adventure,Nintendo,2.19,0.5,1.61,0.08,4.38,95,12,8,99,,
Donkey Kong Classics,NES,1988,Platform,Nintendo,0.59,0.14,0.81,0.02,1.56,45,16,0,92,,
Ice Hockey,NES,1988,Sports,Nintendo,1.27,0.32,0.78,0.05,2.42,69,35,0,83,,
R.C. Pro-Am,NES,1988,Racing,Nintendo,1.47,0.38,0.19,0.1,2.14,99,33,4,18,,
Super Mario Bros. 2,NES,1988,Platform,Nintendo,5.39,1.18,0.7,0.19,7.46,40,42,4,47,,
Super Mario Bros. 3,NES,1988,Platform,Nintendo,9.54,3.44,3.84,0.46,17.28,67,88,2,8,,
Tetris,NES,1988,Puzzle,Nintendo,2.97,0.69,1.81,0.11,5.58,40,78,10,84,,
Alleyway,GB,1989,Puzzle,Nintendo,0.96,0.38,0.55,0.05,1.94,75,67,6,48,,
Baseball,GB,1989,Sports,Nintendo,0.66,0.27,0.65,0.03,1.61,34,57,10,90,,
Dr. Mario,GB,1989,Puzzle,Nintendo,2.18,0.96,2,0.2,5.34,56,96,1,72,,
Golf,GB,1989,Sports,Nintendo,0.83,0.33,0.92,0.04,2.12,88,53,6,85,,
SolarStriker,GB,1989,Shooter,Nintendo,0.4,0.39,0.36,0.04,1.2,25,35,6,54,,
Super Mario Land,GB,1989,Platform,Nintendo,10.83,2.71,4.18,0.42,18.14,88,2,9,65,,
Tennis,GB,1989,Sports,Nintendo,0.75,0.3,0.9,0.04,1.99,4,31,6,50,,
Tetris,GB,1989,Puzzle,Nintendo,23.2,2.26,4.22,0.58,30.26,55,29,8,40,,
Yakuman,GB,1989,Misc,Nintendo,0,0,1.28,0,1.28,8,48,8,77,,
Dr. Mario,NES,1990,Puzzle,Nintendo,2.62,0.6,1.52,0.1,4.85,28,47,3,40,,
F-1 Race,GB,1990,Racing,Nintendo,1.73,0.69,0.59,0.4,3.41,30,94,10,74,,
F-Zero,SNES,1990,Racing,Nintendo,1.37,0.51,0.89,0.07,2.85,35,27,3,68,,
Nintendo World Cup,NES,1990,Sports,Nintendo,0.28,0.5,0.65,0.05,1.48,35,89,0,48,,
Pilotwings,SNES,1990,Simulation,Nintendo,0.46,0.17,0.48,0.02,1.14,29,85,6,61,,
Qix,GB,1990,Puzzle,Nintendo,0.51,0.2,0.41,0.03,1.15,33,18,1,93,,
Super Mario World,SNES,1990,Platform,Nintendo,12.78,3.75,3.54,0.55,20.61,93,68,1,15,,
GameBoy Wars,GB,1991,Strategy,Nintendo,0,0,0.18,0,0.18,66,20,10,56,,
Mega Man II,GB,1991,Platform,Nintendo,0,0,0.28,0,0.28,19,50,7,63,,
Mega Man: Dr. Wily's Revenge,GB,1991,Platform,Nintendo,0,0,0.28,0,0.28,87,3,2,39,,
Metroid II: Return of Samus,GB,1991,Adventure,Nintendo,0.85,0.31,0.56,0.04,1.76,59,21,10,69,,
NES Open Tournament Golf,NES,1991,Sports,Nintendo,0.41,0.1,0.47,0.02,1,84,25,7,27,,
SimCity,SNES,1991,Simulation,Nintendo,0.93,0.27,0.75,0.04,1.98,94,62,6,0,,
Super R.C. Pro-Am,GB,1991,Racing,Nintendo,0.58,0.37,0.15,0.04,1.14,37,78,4,99,,
Super R-Type,SNES,1991,Shooter,Nintendo,0,0,0.23,0,0.23,5,26,0,25,,
Super Scope 6,SNES,1991,Shooter,Nintendo,1.06,0.38,0.15,0.05,1.65,43,18,9,2,,
Super Soccer,SNES,1991,Sports,Nintendo,0,0,0.38,0,0.38,99,50,6,38,,
The Legend of Zelda: A Link to the Past,SNES,1991,Action,Nintendo,2.42,0.91,1.15,0.13,4.61,40,61,6,65,,
Yoshi,NES,1991,Puzzle,Nintendo,0.7,0.13,0.91,0.01,1.75,87,89,5,9,,
Yoshi,GB,1991,Puzzle,Nintendo,0,0,0.73,0,0.73,6,43,4,50,,
Kirby's Dream Land,GB,1992,Platform,Nintendo,2.71,0.61,1.7,0.11,5.13,55,67,7,80,,
Kirby's Pinball Land,GB,1992,Misc,Nintendo,0.87,0.17,1.1,0.05,2.19,83,49,5,46,,
Mario Paint,SNES,1992,Misc,Nintendo,1.43,0.54,0.71,0.07,2.75,19,13,9,4,,
Super Mario Kart,SNES,1992,Racing,Nintendo,3.54,1.24,3.81,0.18,8.76,44,95,3,48,,
Super Mario Land 2: 6 Golden Coins,GB,1992,Adventure,Nintendo,6.16,2.04,2.69,0.29,11.18,100,30,5,51,,
Tetris 2 (All region sales),GB,1992,Puzzle,Nintendo,0.56,0.22,0.43,0.03,1.24,99,75,2,96,,
Tetris 2 (weekly jp sales),GB,1992,Puzzle,Nintendo,0,0,0.23,0,0.23,45,58,6,76,,
The Legend of Zelda: Link's Awakening,GB,1992,Action,Nintendo,2.21,0.96,0.54,0.13,3.83,99,91,7,30,,
Yoshi's Cookie,NES,1992,Puzzle,Nintendo,0.41,0.06,0.63,0.02,1.12,58,86,3,77,,
Yoshi's Cookie,GB,1992,Puzzle,Nintendo,0.59,0.24,0.82,0.03,1.68,61,67,1,10,,
Capcom's Soccer Shootout,SNES,1993,Sports,Nintendo,0,0,0.8,0,0.8,37,98,9,42,,
Illusion of Gaia,SNES,1993,Role-Playing,Nintendo,0,0,0.13,0,0.13,49,18,1,0,,
Kirby's Adventure,NES,1993,Platform,Nintendo,0.79,0.14,0.8,0.02,1.75,68,57,1,93,,
Mario & Wario,SNES,1993,Puzzle,Nintendo,0,0,0.49,0,0.49,81,21,5,55,,
Star Fox,SNES,1993,Shooter,Nintendo,1.61,0.51,0.8,0.07,2.99,28,59,0,11,,
Stunt Race FX,SNES,1993,Racing,Nintendo,0,0,0.35,0,0.35,68,40,2,81,,
Super Mario All-Stars,SNES,1993,Platform,Nintendo,5.99,2.15,2.12,0.29,10.55,49,95,8,33,,
Super Street Fighter II,SNES,1993,Fighting,Nintendo,0.52,0.16,1.29,0.03,2,49,60,2,32,,
Tetris 2,NES,1993,Puzzle,Nintendo,0.62,0.13,0.21,0.02,0.98,38,11,8,30,,
Donkey Kong,GB,1994,Platform,Nintendo,1.57,0.62,0.55,0.34,3.07,21,31,8,76,,
Donkey Kong Country,SNES,1994,Platform,Nintendo,4.36,1.71,3,0.23,9.3,83,89,4,81,,
Donkey Kong Land,GB,1994,Platform,Nintendo,1.97,0.76,1.07,0.11,3.91,84,11,7,10,,
EarthBound,SNES,1994,Role-Playing,Nintendo,0,0,0.81,0,0.81,53,56,0,89,,
Fire Emblem: Monsh? no Nazo,SNES,1994,Role-Playing,Nintendo,0,0,0.7,0,0.7,76,93,6,90,,
Kirby's Dream Course,SNES,1994,Sports,Nintendo,0,0,0.59,0,0.59,66,63,4,1,,
Super Mario Land 3: Wario Land,GB,1994,Platform,Nintendo,2.49,0.98,1.57,0.15,5.19,45,67,0,52,,
Super Metroid,SNES,1994,Action,Nintendo,0.57,0.12,0.71,0.02,1.42,96,30,10,68,,
Donkey Kong Country 2: Diddy's Kong Quest,SNES,1995,Platform,Nintendo,2.1,0.74,2.2,0.11,5.15,24,90,4,19,,
Gameboy Gallery,GB,1995,Misc,Nintendo,0,0,0.3,0,0.3,85,23,9,67,,
Killer Instinct,SNES,1995,Fighting,Nintendo,2.26,0.72,0.12,0.1,3.2,46,19,9,24,,
Kirby's Block Ball,GB,1995,Puzzle,Nintendo,0,0,0.32,0,0.32,8,33,3,4,,
Kirby's Dream Land 2,GB,1995,Platform,Nintendo,0.69,0.14,1.48,0.05,2.36,97,98,10,39,,
Mario no Super Picross,SNES,1995,Puzzle,Nintendo,0,0,0.41,0,0.41,40,54,9,79,,
Mario's Picross,GB,1995,Puzzle,Nintendo,0,0,0.62,0,0.62,62,50,0,54,,
Super Mario World 2: Yoshi's Island,SNES,1995,Platform,Nintendo,1.65,0.61,1.76,0.09,4.12,72,30,4,24,,
Terranigma,SNES,1995,Role-Playing,Nintendo,0,0,0.09,0,0.09,78,60,8,92,,
Tetris Attack,SNES,1995,Puzzle,Nintendo,0,0,0.15,0,0.15,59,83,10,92,,
Cruis'n USA,N64,1996,Racing,Nintendo,1.69,0.04,0,0.01,1.74,14,4,1,100,,
Donkey Kong Country 3: Dixie Kong's Double Trouble!,SNES,1996,Platform,Nintendo,1.17,0.5,1.75,0.08,3.51,4,73,2,54,,
Donkey Kong Land II,GB,1996,Platform,Nintendo,1.39,0.48,0.4,0.08,2.35,2,90,8,9,,
Fire Emblem: Seisen no Keifu,SNES,1996,Strategy,Nintendo,0,0,0.58,0,0.58,55,66,3,32,,
Killer Instinct Gold,N64,1996,Fighting,Nintendo,0.61,0.19,0,0.01,0.82,76,0,0,94,,
Kirby Super Star,SNES,1996,Platform,Nintendo,0.26,0.07,1.09,0.02,1.44,12,38,2,22,,
Mario Kart 64,N64,1996,Racing,Nintendo,5.55,1.94,2.23,0.15,9.87,66,66,3,60,,
Picross 2,GB,1996,Puzzle,Nintendo,0,0,0.35,0,0.35,16,46,0,46,,
Pilotwings 64,N64,1996,Simulation,Nintendo,0.56,0.24,0.3,0.02,1.12,22,2,9,79,,
Pokemon Red/Pokemon Blue,GB,1996,Role-Playing,Nintendo,11.27,8.89,10.22,1,31.37,42,26,2,2,,
Star Wars: Shadows of the Empire,N64,1996,Action,Nintendo,2,0.5,0.12,0.03,2.65,3,93,4,61,,
Street Fighter Alpha 2,SNES,1996,Fighting,Nintendo,0,0,0.17,0,0.17,15,98,6,59,,
Super Mario 64,N64,1996,Platform,Nintendo,6.91,2.85,1.91,0.23,11.89,11,58,5,40,,
Super Mario RPG: Legend of the Seven Stars,SNES,1996,Role-Playing,Nintendo,0.66,0,1.45,0.03,2.14,26,3,5,97,,
Tetris Attack,GB,1996,Puzzle,Nintendo,0,0,0.23,0,0.23,29,11,2,95,,
Wave Race 64,N64,1996,Racing,Nintendo,1.98,0.58,0.34,0.04,2.94,72,70,7,81,,
Wayne Gretzky's 3D Hockey,N64,1996,Sports,Nintendo,0.49,0.03,0,0,0.53,10,65,9,89,,
Blast Corps,N64,1997,Action,Nintendo,0.39,0.09,0.17,0.06,0.71,26,5,8,24,,
Diddy Kong Racing,N64,1997,Racing,Nintendo,2.91,0.99,0.89,0.1,4.88,79,81,1,5,,
Game & Watch Gallery,GB,1997,Misc,Nintendo,0.63,0.25,0.09,0.03,1,84,23,6,98,,
Game & Watch Gallery 2,GB,1997,Misc,Nintendo,0.76,0.3,0.12,0.04,1.22,100,40,2,52,,
GoldenEye 007,N64,1997,Shooter,Nintendo,5.8,2.01,0.13,0.15,8.09,75,72,5,45,,
Itoi Shigesato no Bass Tsuri No. 1,SNES,1997,Sports,Nintendo,0,0,0.17,0,0.17,24,3,0,28,,
Kirby's Dream Land 3,SNES,1997,Platform,Nintendo,0,0,0.36,0,0.36,64,52,1,68,,
Kirby's Star Stacker,GB,1997,Puzzle,Nintendo,0,0,0.22,0,0.22,100,92,2,98,,
Mischief Makers,N64,1997,Platform,Nintendo,0.25,0.06,0.07,0.06,0.43,63,80,2,94,,
Star Fox 64,N64,1997,Shooter,Nintendo,2.78,0.58,0.64,0.04,4.03,79,14,3,99,,
Tetrisphere,N64,1997,Puzzle,Nintendo,0.29,0.06,0,0,0.36,64,45,0,62,,
Wario Land II,GB,1997,Platform,Nintendo,0.7,0.35,0.39,0.04,1.48,41,93,4,70,,
Yoshi's Story,N64,1997,Platform,Nintendo,1.29,0.53,0.98,0.05,2.85,53,4,9,35,,
1080Â°: TenEighty Snowboarding,N64,1998,Sports,Nintendo,1.25,0.61,0.13,0.05,2.03,27,30,7,0,,
Banjo-Kazooie,N64,1998,Platform,Nintendo,1.87,1.13,0.55,0.1,3.65,32,3,1,7,,
Bomberman Hero,N64,1998,Platform,Nintendo,0.27,0.06,0.08,0.05,0.47,98,94,1,80,,
Cruis'n World,N64,1998,Racing,Nintendo,0.59,0.04,0,0.01,0.64,32,18,2,58,,
F-Zero X,N64,1998,Racing,Nintendo,0.45,0.33,0.29,0.03,1.1,23,90,0,71,,
"Hey You, Pikachu!",N64,1998,Simulation,Nintendo,0.83,0.06,0.93,0,1.83,90,96,1,57,,
Kobe Bryant in NBA Courtside,N64,1998,Sports,Nintendo,1.02,0.13,0.04,0.01,1.19,59,3,9,61,,
Major League Baseball Featuring Ken Griffey Jr,N64,1998,Sports,Nintendo,0.75,0.03,0,0.01,0.79,72,82,10,11,,
Mario Party,N64,1998,Misc,Nintendo,1.25,0.53,0.87,0.05,2.7,14,41,2,39,,
Pocket Monsters Stadium,N64,1998,Strategy,Nintendo,0,0,1.37,0,1.37,52,5,4,26,,
PokÃ©mon Trading Card Game,GB,1998,Strategy,Nintendo,1.49,0.73,1.38,0.1,3.7,22,18,10,35,,
PokÃ©mon Yellow: Special Pikachu Edition,GB,1998,Role-Playing,Nintendo,5.89,5.04,3.12,0.59,14.64,49,88,3,30,,
Star Wars: Rogue Squadron,N64,1998,Simulation,Nintendo,1.6,0.46,0.08,0.03,2.17,74,40,4,41,,
Tetris DX,GB,1998,Puzzle,Nintendo,1.06,0.6,0.2,0.07,1.93,4,28,4,17,,
The Legend of Zelda: Link's Awakening DX,GB,1998,Adventure,Nintendo,1,0.63,0.45,0.13,2.22,9,82,0,34,,
The Legend of Zelda: Ocarina of Time,N64,1998,Action,Nintendo,4.1,1.89,1.45,0.16,7.6,4,94,8,57,,
Wario Land II (GBC),GB,1998,Platform,Nintendo,0,0,0.38,0,0.38,4,96,0,1,,
Command & Conquer,N64,1999,Strategy,Nintendo,0.22,0.05,0,0,0.27,5,64,1,60,,
Donkey Kong 64,N64,1999,Platform,Nintendo,3.33,0.79,1.09,0.06,5.27,8,83,5,25,,
Fire Emblem: Thracia 776,SNES,1999,Strategy,Nintendo,0,0,0.26,0,0.26,64,70,5,90,,
Game & Watch Gallery 3,GB,1999,Misc,Nintendo,0.79,0.31,0.08,0.04,1.22,0,43,9,75,,
Jet Force Gemini,N64,1999,Shooter,Nintendo,0.78,0.28,0.07,0.02,1.16,77,14,6,7,,
Ken Griffey Jr.'s Slugfest,N64,1999,Sports,Nintendo,0.23,0.06,0,0,0.29,83,29,8,89,,
Mario Golf,N64,1999,Action,Nintendo,0.62,0.18,0.65,0.02,1.47,62,24,7,28,,
Mario Golf,GB,1999,Action,Nintendo,0,0,0.31,0,0.31,58,47,5,13,,
Mario Party 2,N64,1999,Misc,Nintendo,1.28,0.14,1.08,0.01,2.5,94,16,3,33,,
NBA Courtside 2 featuring Kobe Bryant,N64,1999,Sports,Nintendo,0.2,0.05,0,0,0.25,52,18,7,26,,
Ogre Battle 64: Person of Lordly Caliber,N64,1999,Role-Playing,Nintendo,0.1,0.02,0.25,0.04,0.41,58,98,6,17,,
Pokemon Gold/Pokemon Silver,GB,1999,Role-Playing,Nintendo,9,6.18,7.2,0.71,23.1,98,60,2,90,,
Pokemon Pinball,GB,1999,Misc,Nintendo,3.02,1.12,1.01,0.16,5.31,39,85,5,70,,
Pokemon Snap,N64,1999,Simulation,Nintendo,2.23,0.68,0.66,0.06,3.63,23,56,9,80,,
Pokemon Stadium,N64,1999,Strategy,Nintendo,3.18,1.24,0.94,0.09,5.45,5,21,5,35,,
RR64: Ridge Racer 64,N64,1999,Racing,Nintendo,0.32,0.07,0,0,0.4,88,87,6,42,,
Star Wars Episode I Racer,N64,1999,Racing,Nintendo,2.31,0.62,0.14,0.04,3.12,45,33,9,35,,
Super Mario Bros.,GB,1999,Platform,Nintendo,3.4,1.3,0.15,0.22,5.07,19,68,9,80,,
Super Smash Bros.,N64,1999,Fighting,Nintendo,2.95,0.6,1.97,0.04,5.55,66,28,9,64,,
The New Tetris,N64,1999,Puzzle,Nintendo,0.22,0.05,0.02,0,0.29,77,15,3,10,,
Banjo-Tooie,N64,2000,Platform,Nintendo,0.82,0.36,0.25,0.06,1.49,48,16,0,18,,
Custom Robo V2,N64,2000,Fighting,Nintendo,0,0,0.34,0.05,0.39,3,11,8,33,,
Donkey Kong Country,GB,2000,Platform,Nintendo,1.04,0.72,0.3,0.13,2.19,84,32,8,35,,
Donkey Kong GB: Dinky Kong & Dixie Kong,GB,2000,Platform,Nintendo,0,0,0.28,0,0.28,31,61,0,9,,
Excitebike 64,N64,2000,Racing,Nintendo,0.65,0.15,0.19,0.01,1,23,29,6,43,,
Itoi Shigesato no Bass Tsuri No. 1 Ketteihan!,N64,2000,Sports,Nintendo,0,0,0.07,0,0.07,66,100,3,97,,
Kirby 64: The Crystal Shards,N64,2000,Platform,Nintendo,0.63,0.06,1.03,0.04,1.77,86,79,2,62,,
Kirby Tilt 'n' Tumble,GB,2000,Puzzle,Nintendo,0.29,0.17,0.75,0.02,1.23,40,80,7,84,,
Mario Party 3,N64,2000,Misc,Nintendo,0.72,0.16,1.01,0.02,1.91,71,52,0,80,,
Mario Tennis,N64,2000,Sports,Nintendo,0.78,0.4,1.06,0.07,2.32,7,9,8,30,,
Mario Tennis,GB,2000,Sports,Nintendo,0.5,0.18,0.44,0.06,1.18,14,35,2,44,,
Mickey's Speedway USA,N64,2000,Racing,Nintendo,0.37,0.08,0.14,0.01,0.6,38,51,3,60,,
Mickey's Speedway USA (weekly JP sales),N64,2000,Racing,Nintendo,0,0,0.1,0,0.1,7,95,5,20,,
Paper Mario,N64,2000,Role-Playing,Nintendo,0.58,0.18,0.59,0.02,1.38,43,50,2,4,,
Perfect Dark,N64,2000,Action,Nintendo,1.55,0.75,0.16,0.06,2.52,44,1,10,47,,
PokÃ©mon Crystal Version,GB,2000,Role-Playing,Nintendo,2.55,1.56,1.29,0.99,6.39,91,33,6,34,,
PokÃ©mon Stadium 2,N64,2000,Strategy,Nintendo,1.02,0.36,1.13,0.23,2.73,87,66,4,60,,
Pokemon Puzzle League,N64,2000,Puzzle,Nintendo,0.36,0.08,0,0.01,0.45,72,25,4,41,,
Sin and Punishment,N64,2000,Shooter,Nintendo,0,0,0.13,0,0.13,100,38,5,68,,
Starcraft 64,N64,2000,Strategy,Nintendo,0.13,0.03,0,0,0.16,5,65,10,89,,
The Legend of Zelda: Majora's Mask,N64,2000,Action,Nintendo,1.9,0.67,0.73,0.06,3.36,22,21,9,19,,
Trade & Battle: Card Hero,GB,2000,Strategy,Nintendo,0,0,0.2,0,0.2,14,10,5,8,,
Wario Land 3,GB,2000,Platform,Nintendo,1.11,0.51,0.34,0.23,2.2,47,24,6,23,,
Advance Wars,GBA,2001,Strategy,Nintendo,0.5,0.19,0,0.01,0.7,92,28,9,95,Intelligent Systems,E
Animal Crossing,GC,2001,Simulation,Nintendo,1.92,0.16,0.99,0.09,3.15,87,42,8.9,137,Nintendo,E
Doubutsu no Mori,N64,2001,Simulation,Nintendo,0,0,0.26,0.05,0.31,88,100,7,38,,
Dr. Mario 64,N64,2001,Puzzle,Nintendo,0.34,0.07,0,0,0.42,70,5,9,17,,
F-Zero: Maximum Velocity,GBA,2001,Racing,Nintendo,0.39,0.16,0.37,0.12,1.04,86,19,8.5,22,Nd Cube,E
Golden Sun,GBA,2001,Role-Playing,Nintendo,0.93,0.38,0.4,0.06,1.76,91,29,9.3,198,Camelot Software Planning,E
Hamtaro: Ham-Hams Unite!,GB,2001,Role-Playing,Nintendo,0,0,0.56,0,0.56,44,100,5,93,,
KuruKuru Kururin,GBA,2001,Puzzle,Nintendo,0,0,0.3,0.01,0.31,15,97,9,5,,
L'Aigle de Guerre,GBA,2001,Strategy,Nintendo,0,0,0.1,0,0.1,90,22,5,52,,
Luigi's Mansion,GC,2001,Action,Nintendo,2.38,0.67,0.46,0.1,3.6,78,34,8.5,161,Nintendo,E
Magical Vacation,GBA,2001,Role-Playing,Nintendo,0,0,0.26,0.01,0.27,82,38,6,24,,
Mario Kart: Super Circuit,GBA,2001,Racing,Nintendo,2.62,1.64,0.99,0.23,5.47,93,24,8.3,108,Intelligent Systems,E
Pikmin,GC,2001,Strategy,Nintendo,0.78,0.25,0.56,0.04,1.63,89,39,8.7,121,Nintendo,E
Pokemon Card GB2: Here Comes Team GR!,GB,2001,Strategy,Nintendo,0,0,0.89,0,0.89,73,2,4,8,,
Super Mario Advance,GBA,2001,Platform,Nintendo,3.14,1.24,0.91,0.2,5.49,84,19,7.8,41,Nintendo,E
Super Mario World,GBA,2001,Platform,Nintendo,3.21,1.11,0.95,0.2,5.46,29,3,7,1,,
Super Smash Bros. Melee,GC,2001,Fighting,Nintendo,4.41,1.04,1.39,0.22,7.07,92,38,9.1,568,HAL Labs,T
Tactics Ogre: The Knight of Lodis,GBA,2001,Role-Playing,Nintendo,0.13,0.05,0.31,0.01,0.5,88,20,9.1,26,Quest,E
The Legend of Zelda: Oracle of Ages,GB,2001,Action,Nintendo,0.92,0.53,0.41,0.06,1.92,70,82,0,87,,
The Legend of Zelda: Oracle of Seasons,GB,2001,Adventure,Nintendo,0.87,0.52,0.41,0.06,1.86,89,41,9,5,,
Wario Land 4,GBA,2001,Platform,Nintendo,0.9,0.73,0.54,0.09,2.26,88,17,8.9,42,Nintendo,E
Wave Race: Blue Storm,GC,2001,Racing,Nintendo,0.4,0.1,0.09,0.02,0.6,80,21,8.3,29,Nintendo,E
Cubivore: Survival of the Fittest,GC,2002,Adventure,Nintendo,0.01,0,0.15,0,0.17,71,12,8.5,21,Nintendo,E
Densetsu no Stafi,GBA,2002,Platform,Nintendo,0,0,0.46,0.01,0.47,67,72,8,40,,
Disney's Magical Mirror Starring Mickey Mouse,GC,2002,Adventure,Nintendo,0.15,0.04,0,0.01,0.19,50,9,8.9,10,Capcom,E
Disney's Magical Quest Starring Mickey and Minnie,GBA,2002,Action,Nintendo,0.16,0.06,0,0,0.22,10,21,2,3,,
Doshin the Giant,GC,2002,Simulation,Nintendo,0,0,0.14,0,0.14,20,3,1,14,,
Eternal Darkness: Sanity's Requiem,GC,2002,Adventure,Nintendo,0.34,0.09,0,0.01,0.44,92,41,8.7,173,Silicon Knights,M
Fire Emblem: Fuuin no Tsurugi,GBA,2002,Role-Playing,Nintendo,0,0,0.39,0,0.39,60,62,3,32,,
Game & Watch Gallery 4,GBA,2002,Misc,Nintendo,0.43,0.16,0,0.01,0.61,50,19,6,60,,
Golden Sun: The Lost Age,GBA,2002,Role-Playing,Nintendo,0.61,0.27,0.27,0.07,1.22,86,29,9.5,150,Camelot Software Planning,E
Hamtaro: Ham-Ham Heartbreak,GBA,2002,Action,Nintendo,0.26,0.1,0,0.01,0.36,72,7,9.3,18,Pax Softonica,E
Kirby: Nightmare in Dream Land,GBA,2002,Platform,Nintendo,1.22,0.1,0.91,0.04,2.27,81,24,8.9,54,HAL Labs,E
Mario Party 4,GC,2002,Misc,Nintendo,1.13,0.36,0.92,0.07,2.47,70,26,7.4,74,Hudson,E
Metroid Fusion,GBA,2002,Action,Nintendo,1.18,0.27,0.17,0.06,1.68,92,44,9.1,200,Nintendo,E
Metroid Prime,GC,2002,Shooter,Nintendo,1.96,0.67,0.1,0.09,2.82,97,70,9.3,747,Retro Studios,T
NBA Courtside 2002,GC,2002,Sports,Nintendo,0.19,0.05,0,0.01,0.25,71,18,7.4,7,Left Field Productions,E
Pac-Man World 2,GC,2002,Action,Nintendo,0.28,0.07,0,0.01,0.37,74,18,8.3,19,Namco,E
Pokemon Ruby/Pokemon Sapphire,GBA,2002,Role-Playing,Nintendo,6.06,3.9,5.38,0.5,15.85,21,6,0,27,,
Star Fox Adventures,GC,2002,Adventure,Nintendo,0.96,0.53,0.3,0.09,1.87,82,39,7.7,145,Rare Ltd.,T
Super Mario Sunshine,GC,2002,Platform,Nintendo,4.01,1.26,0.87,0.17,6.31,92,61,8.6,439,Nintendo,E
Super Mario World 2: Yoshi's Island,GBA,2002,Platform,Nintendo,1.75,0.45,0.62,0.09,2.91,77,11,2,62,,
The Legend of Zelda: A Link to the Past,GBA,2002,Action,Nintendo,1.75,0.52,0.33,0.1,2.7,95,30,9.1,314,Capcom,E
The Legend of Zelda: The Wind Waker,GC,2002,Action,Nintendo,2.6,0.99,0.89,0.13,4.6,96,80,8.9,968,Nintendo,E
Advance Wars 2: Black Hole Rising,GBA,2003,Strategy,Nintendo,0.47,0.17,0,0.01,0.65,89,34,9.4,97,Intelligent Systems,E
Baten Kaitos: Eternal Wings and the Lost Ocean,GC,2003,Role-Playing,Nintendo,0.21,0.05,0,0.01,0.27,80,48,9,59,Monolith Soft,T
Densetsu no Stafi 2,GBA,2003,Platform,Nintendo,0,0,0.43,0.01,0.44,55,0,3,30,,
Donkey Kong Country,GBA,2003,Platform,Nintendo,1.2,0.48,0.29,0.07,2.04,78,26,8.9,53,Rare Ltd.,E
Donkey Konga,GC,2003,Misc,Nintendo,0.5,0.16,0.46,0.03,1.15,76,55,8.3,21,Namco,E
Final Fantasy: Crystal Chronicles,GC,2003,Role-Playing,Nintendo,0.72,0.38,0.36,0.04,1.49,80,55,8.1,94,Square Enix,T
Fire Emblem,GBA,2003,Strategy,Nintendo,0.49,0.18,0.29,0.01,0.97,88,31,9.2,144,Intelligent Systems,E
F-Zero GX,GC,2003,Racing,Nintendo,0.41,0.11,0.12,0.02,0.65,89,50,8.5,161,Amusement Vision,T
F-Zero: GP Legend,GBA,2003,Racing,Nintendo,0.11,0.04,0,0,0.16,77,31,8.5,18,Suzak,E
Kirby Air Ride,GC,2003,Racing,Nintendo,1.01,0.11,0.45,0.04,1.62,61,28,7.9,69,HAL Labs,E
Mario & Luigi: Superstar Saga,GBA,2003,Role-Playing,Nintendo,1.48,0.17,0.47,0.06,2.17,63,87,5,99,,
Mario Golf: Toadstool Tour,GC,2003,Sports,Nintendo,1.09,0.15,0.25,0.04,1.53,81,49,8,56,Camelot Software Planning,E
Mario Kart: Double Dash!!,GC,2003,Racing,Nintendo,4.12,1.77,0.87,0.19,6.95,87,59,10,8,,
Mario Party 5,GC,2003,Misc,Nintendo,0.97,0.33,0.73,0.06,2.08,69,33,8.2,57,Hudson,E
Mother 1+2,GBA,2003,Role-Playing,Nintendo,0,0,0.45,0.01,0.46,71,67,5,5,,
Naruto: Clash of Ninja 2,GC,2003,Fighting,Nintendo,0.44,0.12,0.45,0.03,1.04,74,22,8.9,39,8ing/Raizing,T
PokÃ©mon Colosseum,GC,2003,Role-Playing,Nintendo,1.21,0.57,0.7,0.07,2.54,73,37,8,89,Genius Sonority Inc.,E
Pokemon Box: Ruby & Sapphire,GC,2003,Misc,Nintendo,0,0,0.27,0.01,0.28,32,87,8,79,,
Pokemon Channel,GC,2003,Adventure,Nintendo,0.24,0.06,0.07,0.01,0.38,55,21,6,22,Ambrella,E
Pokemon Pinball: Ruby & Sapphire,GBA,2003,Misc,Nintendo,0.68,0.38,0.44,0.05,1.56,27,4,6,94,,
Super Mario Bros. 3,GBA,2003,Platform,Nintendo,2.93,1.25,0.83,0.2,5.2,65,71,5,47,,
Sword of Mana,GBA,2003,Role-Playing,Nintendo,0.31,0.11,0.3,0.02,0.74,72,31,8.3,25,Brownie Brown,E
Tales of Phantasia,GBA,2003,Role-Playing,Nintendo,0.08,0.03,0.17,0.01,0.29,76,29,8.1,24,Namco,E10+
Tales of Symphonia,GC,2003,Role-Playing,Nintendo,0.54,0.21,0.31,0.04,1.1,86,60,8.5,176,Namco,T
Wario World,GC,2003,Platform,Nintendo,0.34,0.09,0,0.01,0.44,71,30,7.2,44,Treasure,E
"WarioWare, Inc.: Mega MicroGame$",GBA,2003,Puzzle,Nintendo,0.4,0.11,0.7,0.02,1.23,22,30,0,5,,
"WarioWare, Inc.: Mega Party Game$",GC,2003,Puzzle,Nintendo,0.2,0.05,0.44,0.02,0.71,56,49,7,4,,
Classic NES Series: Bomberman,GBA,2004,Action,Nintendo,0.1,0.04,0.11,0.01,0.26,55,74,0,39,,
Classic NES Series: Castlevania,GBA,2004,Platform,Nintendo,0.17,0.06,0.09,0.01,0.33,74,10,8.6,12,Konami,E
Classic NES Series: Donkey Kong,GBA,2004,Platform,Nintendo,0.4,0.15,0.17,0.01,0.73,55,15,4.8,4,Nintendo,E
Classic NES Series: Dr. Mario,GBA,2004,Puzzle,Nintendo,0.31,0.11,0.13,0.01,0.56,66,10,7.5,6,Nintendo,E
Classic NES Series: Excitebike,GBA,2004,Racing,Nintendo,0.11,0.04,0.1,0.01,0.25,66,12,4,66,Nintendo,E
Classic NES Series: Ice Climber,GBA,2004,Platform,Nintendo,0.1,0.04,0.2,0.01,0.34,66,12,1,64,Nintendo,E
Classic NES Series: Metroid,GBA,2004,Adventure,Nintendo,0.26,0.1,0.07,0.01,0.43,58,9,8.6,18,Nintendo,E
Classic NES Series: Pac-Man,GBA,2004,Puzzle,Nintendo,0.25,0.09,0.12,0.01,0.46,53,13,8,18,Nintendo,E
Classic NES Series: Super Mario Bros.,GBA,2004,Platform,Nintendo,0,0,1.39,0.03,1.43,84,14,8.6,44,Nintendo,E
Classic NES Series: The Legend of Zelda,GBA,2004,Adventure,Nintendo,0.46,0.17,0.24,0.02,0.89,84,16,8.6,58,Nintendo,E
Classic NES Series: Xevious,GBA,2004,Shooter,Nintendo,0.08,0.03,0.12,0.01,0.25,26,75,9,61,,
Classic NES Series: Zelda II: The Adventure of Link,GBA,2004,Adventure,Nintendo,0.37,0.14,0.17,0.01,0.7,73,8,7.5,39,Nintendo,E
Custom Robo,GC,2004,Role-Playing,Nintendo,0.29,0.07,0,0.01,0.37,65,31,8.1,27,Noise Inc.,T
Daigasso! Band Brothers,DS,2004,Misc,Nintendo,0,0,0.19,0,0.19,26,46,9,49,,
Densetsu no Stafi 3,GBA,2004,Platform,Nintendo,0,0,0.23,0.01,0.24,22,22,6,97,,
Donkey Kong Country 2,GBA,2004,Platform,Nintendo,0.79,0.27,0.12,0.04,1.23,80,22,9.1,37,Rare Ltd.,E
Donkey Kong Jungle Beat,GC,2004,Platform,Nintendo,0.84,0.22,0.24,0.04,1.34,80,49,8.3,30,Nintendo,E10+
Donkey Konga 2,GC,2004,Misc,Nintendo,0.3,0.08,0,0.01,0.39,69,30,6,9,Namco,T
Famicom Mini: Balloon Fight,GBA,2004,Action,Nintendo,0,0,0.06,0,0.06,76,17,5,81,,
Famicom Mini: Clu Clu Land,GBA,2004,Puzzle,Nintendo,0,0,0.04,0,0.04,79,22,10,82,,
Famicom Mini: Famicom Mukashi Banashi - Shin Oniga Shima Zenkouhen,GBA,2004,Adventure,Nintendo,0,0,0.08,0,0.08,39,9,3,70,,
Famicom Mini: Famicom Tantei Club - Kieta Koukeisha Zenkouhen,GBA,2004,Adventure,Nintendo,0,0,0.11,0,0.11,10,74,7,28,,
Famicom Mini: Famicom Tantei Club Part II - Ushiro ni Tatsu Shoujo Zenkouhen,GBA,2004,Adventure,Nintendo,0,0,0.1,0,0.1,43,40,3,8,,
Famicom Mini: Hikari Shinwa: Palutena no Kagami,GBA,2004,Platform,Nintendo,0,0,0.07,0,0.07,74,72,1,60,,
Famicom Mini: Mappy,GBA,2004,Platform,Nintendo,0,0,0.09,0,0.1,31,34,4,48,,
Famicom Mini: Mario Bros.,GBA,2004,Platform,Nintendo,0,0,0.08,0,0.08,54,97,10,66,,
Famicom Mini: Nazo no Murasame-Jou,GBA,2004,Action,Nintendo,0,0,0.07,0,0.07,18,94,0,30,,
Famicom Mini: SD Gundam World Gachapon Senshi - Scramble Wars,GBA,2004,Strategy,Nintendo,0,0,0.08,0,0.08,5,56,1,92,,
Famicom Mini: Star Soldier,GBA,2004,Shooter,Nintendo,0,0,0.08,0,0.08,89,100,0,33,,
Famicom Mini: Super Mario Bros. 2,GBA,2004,Platform,Nintendo,0,0,0.41,0.01,0.42,32,81,10,78,,
Famicom Mini: Wrecking Crew,GBA,2004,Puzzle,Nintendo,0,0,0.07,0,0.07,55,93,8,90,,
Final Fantasy I & II: Dawn of Souls,GBA,2004,Role-Playing,Nintendo,0.64,0.24,0.29,0.02,1.19,32,88,7,79,,
Fire Emblem: The Sacred Stones,GBA,2004,Strategy,Nintendo,0.42,0.16,0.3,0.02,0.89,85,38,9.1,132,Intelligent Systems,E
Hamtaro: Ham-Ham Games,GBA,2004,Sports,Nintendo,0.16,0.06,0,0,0.22,77,20,7.8,6,Alphadream Corporation,E
Kirby & the Amazing Mirror,GBA,2004,Platform,Nintendo,0.8,0.05,0.76,0.03,1.64,94,94,2,16,,
Mario Golf: Advance Tour,GBA,2004,Sports,Nintendo,0.32,0.12,0,0.01,0.45,84,38,8.6,14,Camelot Software Planning,E
Mario Party 6,GC,2004,Misc,Nintendo,0.9,0.11,0.6,0.05,1.65,71,33,7.9,51,Hudson Soft,E
Mario Pinball Land,GBA,2004,Misc,Nintendo,0.5,0.18,0,0.01,0.69,62,35,4.9,11,Fuse Games Limited,E
Mario Power Tennis,GC,2004,Sports,Nintendo,0.58,0.16,0.46,0.03,1.22,80,43,8.5,48,Camelot Software Planning,E
Mario vs. Donkey Kong,GBA,2004,Puzzle,Nintendo,0.68,0.25,0.21,0.02,1.17,81,43,8,31,Nintendo,E
Metroid Prime 2: Echoes,GC,2004,Shooter,Nintendo,0.87,0.35,0.07,0.04,1.33,92,60,8.8,279,Retro Studios,T
Metroid: Zero Mission,GBA,2004,Adventure,Nintendo,0.6,0.22,0,0.01,0.84,89,50,9,132,Nintendo,E
Mr. Driller: Drill Spirits,DS,2004,Puzzle,Nintendo,0.08,0,0.05,0.01,0.14,70,35,8.9,9,Namco,E
Paper Mario: The Thousand-Year Door,GC,2004,Role-Playing,Nintendo,1.48,0.25,0.46,0.06,2.25,87,55,9.4,306,Intelligent Systems,E
Pikmin 2,GC,2004,Strategy,Nintendo,0.48,0.13,0.56,0.03,1.2,90,54,9.1,137,Nintendo,E
PokÃ©mon Beach Blank-out Blastoise / Go West Young Meowth Game Boy Advance Video,GBA,2004,Misc,Nintendo,0.12,0.05,0,0,0.17,75,55,2,51,,
PokÃ©mon Emerald Version,GBA,2004,Role-Playing,Nintendo,2.57,1.58,2.06,0.21,6.41,76,28,9,222,Game Freak,E
PokÃ©mon I Choose You / Squirtle Squad Game Boy Advance Video,GBA,2004,Misc,Nintendo,0.13,0.05,0,0,0.18,17,44,6,49,,
PokÃ©mon: For Ho-Oh the Bells Toll!: Game Boy Advance Video,GBA,2004,Misc,Nintendo,0.09,0.03,0,0,0.13,14,36,3,30,,
Pokemon Dash,DS,2004,Racing,Nintendo,0.21,0.14,0.38,0.04,0.77,46,28,5.9,34,Ambrella,E
Pokemon FireRed/Pokemon LeafGreen,GBA,2004,Role-Playing,Nintendo,4.34,2.65,3.15,0.35,10.49,80,39,0,25,,
Polarium,DS,2004,Puzzle,Nintendo,0.13,0.01,0.11,0.01,0.26,73,34,8.4,17,Mitchell,E
Super Mario 64,DS,2004,Platform,Nintendo,5.01,3.07,1.25,0.97,10.3,72,100,7,37,,
The Legend of Zelda: Four Swords Adventures,GC,2004,Action,Nintendo,0.63,0.16,0,0.02,0.81,86,55,7.2,74,Nintendo,E
The Legend of Zelda: The Minish Cap,GBA,2004,Action,Nintendo,0.89,0.22,0.22,0.1,1.42,89,56,9,203,Flagship,E
WarioWare Touched!,DS,2004,Puzzle,Nintendo,0.51,0.45,1.21,0.13,2.3,4,74,1,17,,
Yoshi Topsy-Turvy,GBA,2004,Platform,Nintendo,0.25,0.09,0.3,0.01,0.65,60,23,6.6,5,Artoon,E
Advance Wars: Dual Strike,DS,2005,Strategy,Nintendo,0.3,0.02,0.04,0.03,0.39,90,49,9,163,Intelligent Systems,E
Animal Crossing: Wild World,DS,2005,Simulation,Nintendo,2.5,3.45,5.33,0.86,12.13,86,57,8.7,242,Nintendo,E
Battalion Wars,GC,2005,Strategy,Nintendo,0.25,0.07,0.07,0.01,0.4,76,43,8.8,18,Kuju Entertainment,T
Big Brain Academy,DS,2005,Misc,Nintendo,1.66,2.75,1.6,0.62,6.62,74,45,7.4,27,Nintendo,E
Brain Age 2: More Training in Minutes a Day,DS,2005,Puzzle,Nintendo,3.43,5.35,5.32,1.18,15.29,77,37,7.1,19,Nintendo,E
Brain Age: Train Your Brain in Minutes a Day,DS,2005,Misc,Nintendo,4.74,9.2,4.16,2.04,20.15,77,58,7.9,50,Nintendo,E
Chibi-Robo! Plug into Adventure!,GC,2005,Adventure,Nintendo,0.23,0.06,0.09,0.01,0.39,7,54,2,87,,
Dance Dance Revolution: Mario Mix,GC,2005,Misc,Nintendo,0.36,0.09,0,0.01,0.47,69,28,8.4,19,Hudson,E
Dance Dance Revolution: Mario Mix (JP sales),GC,2005,Simulation,Nintendo,0,0,0.05,0,0.06,15,68,5,79,,
DK: King of Swing,GBA,2005,Platform,Nintendo,0.17,0.06,0,0,0.24,70,30,5,6,Paon Corporation,E
Donkey Kong Country 3,GBA,2005,Platform,Nintendo,0.45,0.17,0.14,0.01,0.77,77,16,8.4,27,Rare Ltd.,E
Dr. Mario / Puzzle League,GBA,2005,Puzzle,Nintendo,0.12,0.04,0.16,0.01,0.33,74,14,6,54,Intelligent Systems,E
DS Rakubiki Jiten,DS,2005,Misc,Nintendo,0,0,0.16,0,0.16,99,26,2,66,,
Dynasty Warriors Advance,GBA,2005,Action,Nintendo,0.08,0.03,0,0,0.11,56,22,2,51,Koei,E
Electroplankton,DS,2005,Misc,Nintendo,0.01,0,0.02,0,0.03,71,49,7,37,Indies Zero,E
Final Fantasy IV Advance,GBA,2005,Role-Playing,Nintendo,0.27,0.1,0.22,0.01,0.61,85,30,7.3,70,TOSE,E10+
Fire Emblem: Path of Radiance,GC,2005,Action,Nintendo,0.29,0.08,0.16,0.01,0.54,85,42,8.9,141,Intelligent Systems,T
Geist,GC,2005,Adventure,Nintendo,0.11,0.03,0,0,0.15,66,43,8.5,23,n-Space,M
Jump Super Stars,DS,2005,Fighting,Nintendo,0,0,0.55,0,0.55,2,42,10,23,,
Kirby: Canvas Curse,DS,2005,Platform,Nintendo,0.36,0,0.32,0.03,0.72,86,48,8.2,87,HAL Labs,E
Mario & Luigi: Partners in Time,DS,2005,Role-Playing,Nintendo,0.74,0.05,0.43,0.07,1.29,70,51,1,7,,
Mario Kart DS,DS,2005,Racing,Nintendo,9.71,7.47,4.13,1.9,23.21,91,64,8.6,464,Nintendo,E
Mario Party 7,GC,2005,Misc,Nintendo,0.95,0.11,0.46,0.04,1.57,64,25,7.9,53,Hudson,E
Mario Party Advance,GBA,2005,Misc,Nintendo,0.5,0.19,0.28,0.02,0.98,54,27,5.4,34,Hudson,E
Mario Superstar Baseball,GC,2005,Sports,Nintendo,0.93,0.24,0.25,0.04,1.46,76,38,8.6,41,Namco,E
Mario Tennis: Power Tour,GBA,2005,Sports,Nintendo,0.24,0.09,0.19,0.01,0.52,81,21,8,25,Camelot Software Planning,E
Mega Man Battle Network 5: Double Team DS (JP sales),DS,2005,Role-Playing,Nintendo,0,0,0.11,0,0.11,51,16,7,62,,
Mega Man Battle Network 5: Double Team DS (US sales),DS,2005,Role-Playing,Nintendo,0.06,0,0,0,0.06,16,97,2,50,,
Meteos,DS,2005,Puzzle,Nintendo,0.15,0.01,0.06,0.01,0.23,88,49,7.5,164,Q Entertainment,E
Metroid Prime Pinball,DS,2005,Misc,Nintendo,0.21,0,0.02,0.02,0.25,79,51,7.9,32,Fuse Games Limited,E
Nintendogs,DS,2005,Simulation,Nintendo,9.05,10.95,1.93,2.74,24.67,68,37,6,36,,
Osu! Tatakae! Ouendan,DS,2005,Misc,Nintendo,0,0,0.06,0,0.06,38,63,4,76,,
PokÃ©mon Mystery Dungeon: Blue Rescue Team,DS,2005,Role-Playing,Nintendo,1.15,0.04,0.83,0,2.02,62,34,8.1,97,ChunSoft,E
PokÃ©mon Mystery Dungeon: Red Rescue Team (US weekly sales),GBA,2005,Role-Playing,Nintendo,0.81,0.3,0,0.02,1.13,61,46,0,88,,
Pokemon Mystery Dungeon: Red/Blue Rescue Team,GBA,2005,Role-Playing,Nintendo,0.71,0.52,0.74,0.08,2.06,18,29,7,81,,
Pokemon Trozei!,DS,2005,Puzzle,Nintendo,0.25,0,0.31,0.02,0.59,12,78,4,50,,
Pokemon XD: Gale of Darkness,GC,2005,Role-Playing,Nintendo,0.71,0.19,0.31,0.03,1.25,64,27,8.3,74,Genius Sonority Inc.,E
Star Fox: Assault,GC,2005,Shooter,Nintendo,0.68,0.18,0.19,0.03,1.08,67,59,8.1,106,Namco,T
Super Mario Strikers,GC,2005,Sports,Nintendo,0.98,0.38,0.2,0.04,1.61,76,39,8.7,55,Next Level Games,E
Super Princess Peach,DS,2005,Platform,Nintendo,0.7,0.05,0.21,0.07,1.03,75,48,7.6,33,TOSE,E
Trace Memory,DS,2005,Adventure,Nintendo,0.15,0.01,0.12,0.01,0.29,70,51,8.1,42,Cing,T
Trauma Center: Under the Knife,DS,2005,Simulation,Nintendo,0.3,0.01,0.02,0.03,0.35,81,45,8.7,45,ITL,T
True Swing Golf,DS,2005,Sports,Nintendo,0.11,0,0.04,0.01,0.16,66,32,7.7,11,T&E Soft,E
Yoshi Touch & Go,DS,2005,Platform,Nintendo,0.34,0.02,0,0.03,0.38,64,19,7,56,,
Yoshi Touch & Go (JP sales),DS,2005,Platform,Nintendo,0,0,0.22,0,0.22,58,93,2,1,,
Calcio Bit,GBA,2006,Sports,Nintendo,0,0,0.03,0,0.03,29,82,9,88,,
Children of Mana,DS,2006,Role-Playing,Nintendo,0.16,0.01,0.29,0.01,0.48,65,34,6,21,Nex Entertainment,E10+
Clubhouse Games,DS,2006,Misc,Nintendo,0.59,1.79,0.73,0.34,3.45,83,30,8.4,28,Agenda,E
Custom Robo Arena,DS,2006,Fighting,Nintendo,0.01,0.02,0.12,0,0.16,74,22,8.3,27,Noise Inc.,E10+
Densetsu no Stafi 4,DS,2006,Platform,Nintendo,0,0,0.17,0,0.17,94,5,5,22,,
Elite Beat Agents,DS,2006,Misc,Nintendo,0.3,0.03,0,0.03,0.36,87,51,8.6,105,iNiS,E10+
English Training: Have Fun Improving Your Skills!,DS,2006,Misc,Nintendo,0,0.99,2.32,0.02,3.33,57,43,6,81,,
Excite Truck,Wii,2006,Racing,Nintendo,0.39,0.03,0.08,0.04,0.53,72,57,8.4,83,Monster Games Inc.,E
Eyeshield 21: DevilBats DevilDays,GBA,2006,Role-Playing,Nintendo,0,0,0.03,0,0.03,3,71,8,85,,
Eyeshield 21: Max Devil Power,DS,2006,Role-Playing,Nintendo,0,0,0.12,0,0.12,65,95,4,51,,
Final Fantasy V Advance,GBA,2006,Role-Playing,Nintendo,0,0,0.26,0.01,0.26,83,25,7.2,75,TOSE,E
Final Fantasy VI Advance,GBA,2006,Role-Playing,Nintendo,0,0,0.28,0.01,0.28,92,25,8.4,190,TOSE,E10+
Freshly-Picked: Tingle's Rosy Rupeeland,DS,2006,Role-Playing,Nintendo,0,0.01,0.24,0,0.25,36,87,8,7,,
Jump Ultimate Stars,DS,2006,Fighting,Nintendo,0,0,0.74,0,0.74,4,89,2,59,,
Kanji Sonomama DS Rakubiki Jiten,DS,2006,Misc,Nintendo,0,0,0.07,0,0.07,14,40,1,69,,
Kanshuu Nippon Joushikiryoku Kentei Kyoukai: Imasara Hito ni wa Kikenai Otona no Joushikiryoku Training DS,DS,2006,Misc,Nintendo,0,0,1.71,0,1.71,74,82,5,81,,
Kenkou Ouen Recipe 1000: DS Kondate Zenshuu,DS,2006,Misc,Nintendo,0,0,0.52,0,0.52,17,25,3,26,,
Kirby Squeak Squad,DS,2006,Platform,Nintendo,0.78,0.02,1.05,0.08,1.94,71,29,8.1,41,"Flagship, HAL Labs",E
Kororinpa: Marble Mania,Wii,2006,Puzzle,Nintendo,0.08,0.02,0.03,0.01,0.13,69,39,8.7,21,Hudson,E
Magical Starsign (JP sales),DS,2006,Role-Playing,Nintendo,0,0,0.04,0,0.04,5,57,8,85,,
Magical Starsign (US sales),DS,2006,Role-Playing,Nintendo,0.14,0.02,0,0,0.17,100,1,4,51,,
Magnetica,DS,2006,Puzzle,Nintendo,0.08,0.01,0.03,0.01,0.14,68,33,8.1,11,Mitchell,E
Mario Hoops 3 on 3,DS,2006,Sports,Nintendo,0.98,0.04,0.49,0.09,1.6,69,40,8,37,Square Enix,E
Mario vs. Donkey Kong 2: March of the Minis,DS,2006,Puzzle,Nintendo,0.73,0.03,0.36,0.07,1.19,76,32,7.9,17,"Nintendo, Nintendo Software Technology",E
Master of Illusion,DS,2006,Puzzle,Nintendo,0.16,0,0.26,0.01,0.43,69,20,2,58,Tenyo,E
Mawashite Tsunageru Touch Panic,DS,2006,Puzzle,Nintendo,0,0,0.05,0,0.05,76,12,6,8,,
Metroid Prime Hunters,DS,2006,Shooter,Nintendo,0.57,0.04,0.11,0.06,0.76,85,54,8,188,Nintendo,T
Mother 3,GBA,2006,Role-Playing,Nintendo,0,0,0.39,0.01,0.4,11,43,7,86,,
New Super Mario Bros.,DS,2006,Platform,Nintendo,11.28,9.14,6.5,2.88,29.8,89,65,8.5,431,Nintendo,E
Odama,GC,2006,Misc,Nintendo,0.07,0.02,0.02,0,0.11,62,42,8,17,Vivarium,E10+
Personal Trainer: Cooking,DS,2006,Misc,Nintendo,0.9,1,1.03,0.17,3.11,81,12,7.8,10,Indies Zero,E
Pokemon Battle Revolution,Wii,2006,Role-Playing,Nintendo,0.78,0.37,0.3,0.13,1.58,53,34,6.7,106,Genius Sonority Inc.,E
Pokemon Diamond/Pokemon Pearl,DS,2006,Role-Playing,Nintendo,6.38,4.46,6.04,1.36,18.25,59,95,4,66,,
Pokemon Ranger,DS,2006,Role-Playing,Nintendo,1.28,0.03,0.73,0.12,2.15,69,21,7.6,50,HAL Labs,E
Project Hacker: Kakusei,DS,2006,Action,Nintendo,0,0,0.1,0,0.1,41,64,4,8,,
Rhythm Tengoku,GBA,2006,Misc,Nintendo,0,0,0.3,0.01,0.3,9,9,3,1,,
Star Fox Command,DS,2006,Shooter,Nintendo,0.38,0.01,0.1,0.04,0.53,76,56,7.3,56,Q-Games,E10+
Sudoku Gridmaster,DS,2006,Puzzle,Nintendo,0.13,0.02,0,0.01,0.17,62,14,4,75,AI,E
Sudoku Gridmaster (JP sales),DS,2006,Puzzle,Nintendo,0,0,0.19,0,0.19,28,96,4,99,,
Super Swing Golf,Wii,2006,Sports,Nintendo,0.14,0.01,0.07,0.01,0.22,72,44,7.8,15,"Tecmo, Ntreev Soft",E10+
Tabi no Yubisashi Kaiwachou DS: DS Series 1 Thai,DS,2006,Misc,Nintendo,0,0,0.05,0,0.05,36,29,0,8,,
Tabi no Yubisashi Kaiwachou DS: DS Series 2 Chuugoku,DS,2006,Misc,Nintendo,0,0,0.05,0,0.05,47,59,0,38,,
Tabi no Yubisashi Kaiwachou DS: DS Series 3 Kankoku,DS,2006,Misc,Nintendo,0,0,0.06,0,0.06,89,18,1,83,,
Tabi no Yubisashi Kaiwachou DS: DS Series 4 America,DS,2006,Misc,Nintendo,0,0,0.09,0,0.09,55,96,10,80,,
Tabi no Yubisashi Kaiwachou DS: DS Series 5 Deutsch,DS,2006,Misc,Nintendo,0,0,0.04,0,0.04,62,26,6,43,,
Tetris DS,DS,2006,Puzzle,Nintendo,0.63,0.05,1.35,0.08,2.1,84,56,8.7,44,Nintendo,E
The Legend of Zelda: Twilight Princess,Wii,2006,Action,Nintendo,3.74,2.14,0.6,0.68,7.15,95,73,9,1658,Nintendo,T
The Legend of Zelda: Twilight Princess,GC,2006,Action,Nintendo,1.15,0.36,0.04,0.04,1.59,96,16,9.2,568,Nintendo,T
Trauma Center: Second Opinion,Wii,2006,Simulation,Nintendo,0.28,0.01,0.03,0.03,0.34,80,49,8,47,Atlus,T
WarioWare: Smooth Moves,Wii,2006,Puzzle,Nintendo,0.86,1.04,0.73,0.26,2.89,83,61,7.4,179,Intelligent Systems,E10+
Wii Play,Wii,2006,Misc,Nintendo,13.96,9.18,2.93,2.84,28.92,58,41,6.6,129,Nintendo,E
Wii Sports,Wii,2006,Sports,Nintendo,41.36,28.96,3.77,8.45,82.53,76,51,8,322,Nintendo,E
Yoshi's Island DS,DS,2006,Platform,Nintendo,1.45,0.07,1.1,0.15,2.76,81,42,7.4,67,Artoon,E
ASH: Archaic Sealed Heat,DS,2007,Role-Playing,Nintendo,0,0,0.12,0,0.12,99,7,5,71,Mistwalker,E10+
Battalion Wars 2,Wii,2007,Strategy,Nintendo,0.22,0.02,0.08,0.02,0.34,75,38,7.6,45,Kuju Entertainment,T
Big Brain Academy: Wii Degree,Wii,2007,Misc,Nintendo,1.05,1.91,0.41,0.42,3.79,68,33,6.9,39,Nintendo,E
Diddy Kong Racing DS,DS,2007,Racing,Nintendo,1.09,0.03,0,0.09,1.22,63,39,7.5,27,Rare Ltd.,E
Donkey Kong Barrel Blast,Wii,2007,Racing,Nintendo,0.19,0.26,0.11,0.06,0.62,46,34,6.8,26,Paon Corporation,E
Donkey Kong Jungle Climber,DS,2007,Platform,Nintendo,0.25,0.03,0.24,0.03,0.55,34,31,9,30,,
DS Bungaku Zenshuu,DS,2007,Misc,Nintendo,0,0,0.26,0,0.26,84,44,10,81,,
Endless Ocean,Wii,2007,Adventure,Nintendo,0.43,0.46,0.09,0.09,1.06,72,42,8.1,61,Arika,E
Etrian Odyssey,DS,2007,Role-Playing,Nintendo,0.19,0.02,0.09,0.02,0.33,75,30,8.5,37,"Lancarse, Atlus",T
Eyeshield 21: Field Saikyou no Senshi Tachi,Wii,2007,Role-Playing,Nintendo,0,0,0.03,0,0.03,2,39,7,24,,
Face Training,DS,2007,Misc,Nintendo,0,0,0.19,0,0.19,13,24,10,2,,
Fire Emblem: Radiant Dawn,Wii,2007,Strategy,Nintendo,0.27,0.03,0.17,0.03,0.49,78,36,8.7,180,Intelligent Systems,E10+
Flash Focus: Vision Training in Minutes a Day,DS,2007,Misc,Nintendo,0.86,1.56,1.05,0.35,3.83,59,22,4,4,"Nintendo, Namco Bandai Games",E
Ganbaru Watashi no Kakei Diary,DS,2007,Misc,Nintendo,0,0,0.61,0,0.61,38,44,4,52,,
Hotel Dusk: Room 215,DS,2007,Adventure,Nintendo,0.26,0.04,0.22,0.03,0.54,78,57,8.6,102,Cing,T
Kousoku Card Battle: Card Hero,DS,2007,Strategy,Nintendo,0,0,0.11,0,0.11,28,38,9,94,,
Kurikin: Nano Island Story,DS,2007,Role-Playing,Nintendo,0,0,0.09,0,0.09,75,44,1,75,,
Link's Crossbow Training,Wii,2007,Shooter,Nintendo,3.05,1.17,0.29,0.46,4.98,68,34,7.1,47,Nintendo,T
Make 10: A Journey of Numbers,DS,2007,Puzzle,Nintendo,0,0,0.07,0,0.07,36,95,4,69,,
Mario Party 8,Wii,2007,Misc,Nintendo,3.74,2.24,1.58,0.7,8.27,62,41,6.3,190,Hudson,E
Mario Party DS,DS,2007,Misc,Nintendo,4.4,1.85,1.98,0.68,8.91,72,27,7.8,85,Hudson Soft,E
Mario Strikers Charged,Wii,2007,Sports,Nintendo,1.05,1.05,0.24,0.24,2.58,79,47,8,124,Next Level Games,E10+
Metroid Prime 3: Corruption,Wii,2007,Shooter,Nintendo,0.89,0.74,0.07,0.09,1.79,90,62,8.9,491,Retro Studios,T
Moero! Nekketsu Rhythm Damashii: Osu! Tatakae! Ouendan! 2,DS,2007,Misc,Nintendo,0,0,0.27,0,0.27,2,80,5,16,,
Naruto Shippuden: Ninja Council 4,DS,2007,Action,Nintendo,0.08,0,0.13,0.01,0.22,49,10,3,5,"Aspect, Takara Tomy",E10+
Personal Trainer: Math,DS,2007,Puzzle,Nintendo,0.48,1.12,0,0.08,1.69,63,11,6,86,Jupiter Corporation,E
Picross DS,DS,2007,Puzzle,Nintendo,0.17,0.02,0.3,0.02,0.5,83,33,8.7,36,Jupiter Corporation,E
Planet Puzzle League,DS,2007,Puzzle,Nintendo,0.14,0.01,0.16,0.01,0.33,86,25,8.2,15,Intelligent Systems,E
Pokemon Mystery Dungeon: Explorers of Time/Explorers of Darkness,DS,2007,Role-Playing,Nintendo,1.83,1.19,1.54,0.37,4.93,2,1,3,5,,
Practise English!,DS,2007,Misc,Nintendo,0,0,0.73,0,0.73,58,41,9,84,,
Professor Layton and the Curious Village,DS,2007,Puzzle,Nintendo,1.21,2.43,1.03,0.52,5.19,85,72,8.6,147,Level 5,E
Professor Layton and the Diabolical Box,DS,2007,Puzzle,Nintendo,0.9,1.76,0.92,0.37,3.94,84,65,8.8,72,Level 5,E10+
Punch-Out!!,Wii,2007,Sports,Nintendo,0,0.22,0.05,0,0.27,62,56,1,86,,
Slide Adventure: Mag Kid,DS,2007,Action,Nintendo,0,0,0.01,0,0.01,26,71,6,72,,
Super Mario Galaxy,Wii,2007,Platform,Nintendo,6.06,3.35,1.2,0.74,11.35,97,73,8.9,2147,Nintendo,E
Super Paper Mario,Wii,2007,Platform,Nintendo,1.95,0.86,0.59,0.31,3.71,85,56,7.9,417,Intelligent Systems,E
Suujin Taisen,DS,2007,Strategy,Nintendo,0,0,0.03,0,0.03,3,79,0,88,,
The Legend of Zelda: Phantom Hourglass,DS,2007,Action,Nintendo,1.85,1.8,0.95,0.48,5.08,90,57,8,416,Nintendo,E
Trauma Center: New Blood,Wii,2007,Simulation,Nintendo,0.22,0.04,0.01,0.02,0.29,77,43,8,20,Atlus,T
Wario: Master of Disguise,DS,2007,Platform,Nintendo,0.28,0.02,0.33,0.03,0.65,60,35,7.4,19,Suzak,E10+
Wii Fit,Wii,2007,Sports,Nintendo,8.92,8.03,3.6,2.15,22.7,80,63,7.7,146,Nintendo,E
Zack & Wiki: Quest for Barbaros' Treasure,Wii,2007,Adventure,Nintendo,0.18,0.16,0.03,0.04,0.42,22,77,5,69,,
100 Classic Books,DS,2008,Misc,Nintendo,0.12,0.52,0,0.02,0.66,70,7,6,12,Genius Sonority Inc.,
Animal Crossing: City Folk,Wii,2008,Simulation,Nintendo,1.82,1.12,1.32,0.36,4.62,73,50,7.6,119,Nintendo,E
Captain Rainbow,Wii,2008,Adventure,Nintendo,0,0,0.01,0,0.01,87,99,1,66,,
Disaster: Day of Crisis,Wii,2008,Action,Nintendo,0,0.02,0.04,0,0.07,69,21,2,2,Monolith Soft,
Donkey Kong Jungle Beat,Wii,2008,Platform,Nintendo,0,0.01,0,0,0.01,24,91,9,46,,
DS Bimoji Training,DS,2008,Misc,Nintendo,0,0,0.56,0,0.56,83,21,3,11,,
Fire Emblem: Shadow Dragon,DS,2008,Role-Playing,Nintendo,0.29,0.02,0.27,0.03,0.61,81,42,7,106,Intelligent Systems,E10+
Fossil Fighters,DS,2008,Role-Playing,Nintendo,0.83,0,0,0.06,0.89,70,17,7.9,15,RED Entertainment,E
Fossil Fighters (JP sales),DS,2008,Role-Playing,Nintendo,0,0,0.3,0,0.3,84,49,7,100,,
Glory of Heracles,DS,2008,Role-Playing,Nintendo,0.19,0,0.08,0.01,0.29,69,23,7.3,18,Paon Corporation,E10+
Inazuma Eleven,DS,2008,Role-Playing,Nintendo,0,0.13,0.38,0.02,0.53,90,96,5,65,,
Jam With the Band,DS,2008,Misc,Nintendo,0,0,0.51,0,0.51,77,56,3,17,,
Kirby Super Star Ultra,DS,2008,Platform,Nintendo,1.55,0.04,1.19,0.15,2.92,76,40,8.8,76,HAL Labs,E
Mario Kart Wii,Wii,2008,Racing,Nintendo,15.68,12.76,3.79,3.29,35.52,82,73,8.3,709,Nintendo,E
Mario Super Sluggers,Wii,2008,Sports,Nintendo,1.48,0,0.29,0.12,1.89,69,31,7.8,58,Namco Bandai Games,E
Minna no Joushiki Ryoku TV,Wii,2008,Misc,Nintendo,0,0,0.08,0,0.08,36,62,5,87,,
Mystery Case Files: MillionHeir,DS,2008,Adventure,Nintendo,0.75,0.39,0,0.12,1.27,65,28,5,14,Griptonite Games,E
New Play Control! Donkey Kong Jungle Beat,Wii,2008,Platform,Nintendo,0.23,0.17,0.14,0.05,0.6,91,69,4,35,,
New Play Control! Pikmin,Wii,2008,Strategy,Nintendo,0.28,0.12,0.19,0.04,0.64,33,81,9,50,,
Personal Trainer: Walking,DS,2008,Sports,Nintendo,0.21,0.32,0.17,0.07,0.76,69,6,8,43,Nintendo,E
PokÃ©mon Platinum Version,DS,2008,Role-Playing,Nintendo,2.76,1.72,2.69,0.54,7.72,83,46,8.5,203,Game Freak,E
Pokemon Ranger: Shadows of Almia,DS,2008,Role-Playing,Nintendo,0.94,0.53,0.62,0.18,2.28,68,24,8.2,27,"HAL Labs, Creatures Inc.",E
Professor Layton and the Unwound Future,DS,2008,Puzzle,Nintendo,0.6,1.57,0.82,0.27,3.26,86,62,9.2,111,Level 5,E10+
Rhythm Heaven,DS,2008,Misc,Nintendo,0.55,0.5,1.93,0.13,3.11,83,48,9,63,Nintendo,E
Sekai no Gohan Shaberu! DS Oryouri Navi,DS,2008,Misc,Nintendo,0,0,0.04,0,0.04,46,96,0,72,,
Soma Bringer,DS,2008,Role-Playing,Nintendo,0,0,0.11,0,0.11,27,3,5,21,,
Style Savvy,DS,2008,Simulation,Nintendo,0.62,0.82,0.96,0.18,2.58,73,4,7.7,7,syn Sophia,E
Super Smash Bros. Brawl,Wii,2008,Fighting,Nintendo,6.62,2.55,2.66,1.01,12.84,93,81,8.9,1662,Game Arts,T
The Legendary Starfy,DS,2008,Platform,Nintendo,0.6,0,0.2,0.05,0.85,75,25,8.4,26,TOSE,E
Touch Mechanic,DS,2008,Simulation,Nintendo,0.08,0,0,0.01,0.08,54,5,2,5,Kando Games,E
Wario Land: Shake It!,Wii,2008,Platform,Nintendo,0.59,0.31,0.15,0.1,1.15,4,52,7,18,,
Wii Music,Wii,2008,Misc,Nintendo,1.35,1.11,0.46,0.32,3.25,63,43,4.6,116,Nintendo,E
Active Health with Carol Vorderman,DS,2009,Sports,Nintendo,0,0.18,0,0.01,0.18,98,76,8,95,,
Another Code R: A Journey into Lost Memories,Wii,2009,Adventure,Nintendo,0,0.03,0.03,0,0.06,66,27,7,80,Cing,
Dragon Quest IX: Sentinels of the Starry Skies,DS,2009,Role-Playing,Nintendo,0.63,0.67,4.35,0.15,5.78,87,65,8.8,197,Level 5,E10+
DS Uranai Seikatsu,DS,2009,Misc,Nintendo,0,0,0.07,0,0.07,35,56,9,28,,
Endless Ocean: Blue World,Wii,2009,Simulation,Nintendo,0.46,0.21,0.12,0.06,0.86,76,42,8.5,26,Arika,E10+
ExciteBots: Trick Racing,Wii,2009,Racing,Nintendo,0.24,0,0,0.02,0.26,77,29,8.6,26,Monster Games Inc.,E
Friend Collection,DS,2009,Misc,Nintendo,0,0,3.67,0,3.67,10,70,9,53,,
Inazuma Eleven 2,DS,2009,Role-Playing,Nintendo,0,0.19,1.18,0.03,1.39,73,86,10,68,,
Irozuki Tingle no Koi no Balloon Trip,DS,2009,Adventure,Nintendo,0,0,0.11,0,0.11,90,98,8,38,,
Mario & Luigi: Bowser's Inside Story,DS,2009,Role-Playing,Nintendo,2.23,0.47,0.81,0.26,3.77,38,2,4,16,,
Metroid Prime: Trilogy,Wii,2009,Shooter,Nintendo,0.42,0.05,0,0.14,0.61,91,48,9.3,316,Retro Studios,T
Minna ga Shuyaku no NHK Kouhaku Quiz Kassen,Wii,2009,Misc,Nintendo,0,0,0.04,0,0.04,67,69,8,29,,
Monster Hunter Tri,Wii,2009,Role-Playing,Nintendo,0.65,0.4,1.05,0.11,2.22,84,70,8.6,219,Capcom,T
Naruto Shippuden: Clash of Ninja Revolution 3,Wii,2009,Fighting,Nintendo,0.44,0.03,0,0.04,0.51,74,23,8.1,21,8ing/Raizing,T
New Play Control! Mario Power Tennis,Wii,2009,Sports,Nintendo,0.35,0.69,0.28,0.14,1.46,61,71,5,70,,
New Play Control! Pikmin 2,Wii,2009,Strategy,Nintendo,0.11,0.13,0.33,0.02,0.6,58,45,4,93,,
New Super Mario Bros. Wii,Wii,2009,Platform,Nintendo,14.44,6.94,4.7,2.24,28.32,87,80,8.4,594,Nintendo,E
Nihon Keizai Shinbunsha Kanshuu: Shiranai Mamade wa Son o Suru Mono ya Okane no Shikumi DS,DS,2009,Misc,Nintendo,0,0,0.1,0,0.1,49,93,6,1,,
Nintendo Presents: Crossword Collection,DS,2009,Puzzle,Nintendo,0,0.19,0,0.02,0.21,37,94,3,1,,
Okaeri! Chibi-Robo! Happy Richie Oosouji,DS,2009,Adventure,Nintendo,0,0,0.14,0,0.14,56,49,3,10,,
Picross 3D,DS,2009,Puzzle,Nintendo,0.28,0.03,0.16,0.02,0.49,83,35,8.4,33,HAL Labs,E
PokÃ©Park Wii: Pikachu's Adventure,Wii,2009,Adventure,Nintendo,0.53,0.16,0.42,0.06,1.17,62,22,7.2,36,Creatures Inc.,E
Pokemon HeartGold/Pokemon SoulSilver,DS,2009,Action,Nintendo,4.34,2.71,3.96,0.76,11.77,98,63,9,3,,
Pokemon Mystery Dungeon: Explorers of Sky,DS,2009,Role-Playing,Nintendo,0.57,0.43,0.44,0.12,1.56,54,26,9,133,ChunSoft,E
Professor Layton and the Last Specter,DS,2009,Puzzle,Nintendo,0.28,1.39,0.68,0.32,2.67,83,58,8.7,52,Level 5,E10+
Samurai Warriors 3,Wii,2009,Action,Nintendo,0.09,0.02,0.32,0.01,0.44,55,26,7.2,22,Omega Force,T
Sin and Punishment: Star Successor,Wii,2009,Shooter,Nintendo,0.19,0.14,0.06,0.03,0.42,34,14,6,67,,
The Legend of Zelda: Spirit Tracks,DS,2009,Action,Nintendo,1.4,0.91,0.74,0.26,3.31,87,75,7.8,228,Nintendo,E10+
WarioWare D.I.Y.,DS,2009,Misc,Nintendo,0.17,0.18,0.2,0.04,0.59,82,53,8.7,39,Intelligent Systems,E
Wii de Asobu Chibi-Robo!,Wii,2009,Adventure,Nintendo,0,0,0.05,0,0.05,55,79,10,2,,
Wii Fit Plus,Wii,2009,Sports,Nintendo,9.01,8.49,2.53,1.77,21.79,80,33,7.4,52,Nintendo,E
Wii Sports Resort,Wii,2009,Sports,Nintendo,15.61,10.93,3.28,2.95,32.77,80,73,8,192,Nintendo,E
1000 Cooking Recipes from ELLE Ã  table,DS,2010,Misc,Nintendo,0,0.02,0,0,0.03,24,44,7,81,,
America's Test Kitchen: Let's Get Cooking,DS,2010,Simulation,Nintendo,0.25,0,0,0.02,0.26,87,4,5.6,9,Indies Zero,E
Are You Smarter Than a 5th Grader? Back to School,Wii,2010,Misc,Nintendo,0.18,0,0,0.01,0.19,85,62,4,44,THQ,E
Art Academy,DS,2010,Misc,Nintendo,0.26,1.65,0.33,0.28,2.52,75,15,8,5,Headstrong Games,E
Donkey Kong Country Returns,Wii,2010,Platform,Nintendo,3.17,1.79,1.03,0.46,6.44,87,77,8.6,368,Retro Studios,E
Dragon Quest VI: Realms of Revelation,DS,2010,Role-Playing,Nintendo,0.2,0.14,1.35,0.03,1.73,78,41,8.1,31,ArtePiazza,T
Fire Emblem: Shin Monshou no Nazo Hikari to Kage no Eiyuu,DS,2010,Strategy,Nintendo,0,0,0.27,0,0.27,78,80,0,28,,
FlingSmash,Wii,2010,Action,Nintendo,0.37,0.01,0.07,0.02,0.47,48,26,6.8,13,Artoon,E
Fossil Fighters: Champions,DS,2010,Role-Playing,Nintendo,0.31,0,0.34,0.02,0.67,68,8,7.1,11,"RED Entertainment, Artdink",E
Golden Sun: Dark Dawn,DS,2010,Role-Playing,Nintendo,0.51,0.09,0.13,0.05,0.78,79,63,8.1,86,Camelot Software Planning,E10+
Kirby's Epic Yarn,Wii,2010,Platform,Nintendo,1.42,0.09,0.45,0.1,2.06,54,39,5,8,,
Last Window: The Secret of Cape West,DS,2010,Adventure,Nintendo,0,0.11,0.09,0.02,0.22,92,12,2,100,,
Mario Sports Mix,Wii,2010,Sports,Nintendo,0.88,0.44,0.63,0.12,2.08,64,54,7.1,34,Square Enix,E
Mario Tennis,Wii,2010,Sports,Nintendo,0,0.06,0,0.01,0.07,35,70,9,28,Camelot Software Planning,E
Mario vs. Donkey Kong: Mini-Land Mayhem!,DS,2010,Puzzle,Nintendo,1.63,0.51,0.35,0.18,2.67,79,51,7.7,18,Nintendo,E
Metroid: Other M,Wii,2010,Action,Nintendo,0.85,0.27,0.13,0.1,1.34,79,71,6.5,482,Team Ninja,T
Otona no Renai Shousetsu: Harlequin Selection,DS,2010,Misc,Nintendo,0,0,0.02,0,0.02,3,99,2,6,,
Pokemon Black/Pokemon White,DS,2010,Role-Playing,Nintendo,5.51,3.17,5.65,0.8,15.14,60,50,2,47,,
Pokemon Ranger: Guardian Signs,DS,2010,Role-Playing,Nintendo,0.5,0.16,0.58,0.05,1.29,68,25,8.2,25,Creatures Inc.,E
Rooms: The Main Building,DS,2010,Adventure,Nintendo,0.1,0.34,0.01,0.05,0.5,56,23,7,58,HandMade Game,E
Solatorobo: Red the Hunter,DS,2010,Role-Playing,Nintendo,0.08,0.04,0.07,0.01,0.2,76,40,7.9,23,CyberConnect2,E10+
Super Mario All-Stars: Limited Edition,Wii,2010,Platform,Nintendo,0.99,0.52,0.92,0.14,2.56,35,0,1,76,,
Super Mario Galaxy 2,Wii,2010,Platform,Nintendo,3.56,2.35,0.98,0.62,7.51,97,87,9.1,1854,Nintendo EAD Tokyo,E
Tetris Party Deluxe,Wii,2010,Puzzle,Nintendo,0.33,0.16,0.02,0.05,0.56,72,19,5.8,4,"Tetris Online, Inc",E
Tetris Party Deluxe,DS,2010,Puzzle,Nintendo,0.28,0.3,0.12,0.07,0.76,76,11,4,17,"Tetris Online, Inc",E
Wii Party,Wii,2010,Misc,Nintendo,1.75,3.47,2.49,0.67,8.38,68,42,7.4,54,Nd Cube,E
Xenoblade Chronicles,Wii,2010,Role-Playing,Nintendo,0.43,0.25,0.16,0.07,0.91,92,59,8.9,950,Monolith Soft,T
Zangeki no Reginleiv,Wii,2010,Action,Nintendo,0,0,0.11,0,0.11,91,64,7,80,,
Battle & Get! Pokemon Typing DS,DS,2011,Misc,Nintendo,0,0,0.29,0,0.29,18,14,9,31,,
Eigo de Tabisuru: Little Charo,DS,2011,Misc,Nintendo,0,0,0.06,0,0.06,45,91,0,44,,
Fortune Street,Wii,2011,Misc,Nintendo,0.25,0.03,0.17,0.02,0.48,68,42,7.5,24,Marvelous AQL,E
Hana to Ikimo no Rittai Zukan,3DS,2011,Misc,Nintendo,0,0,0.04,0,0.04,7,62,2,27,,
Inazuma Eleven GO,3DS,2011,Role-Playing,Nintendo,0,0.05,0.48,0,0.53,78,12,4,87,,
Inazuma Eleven Strikers,Wii,2011,Role-Playing,Nintendo,0,0.01,0.25,0,0.26,59,16,7.9,10,Level 5,
Just Dance Wii,Wii,2011,Misc,Nintendo,0,0,0.73,0,0.73,85,22,3,26,,
Kirby: Mass Attack,DS,2011,Platform,Nintendo,0.48,0.06,0.41,0.05,0.99,83,46,8.6,55,HAL Labs,E
Kirby's Return to Dreamland,Wii,2011,Platform,Nintendo,0.58,0.21,0.79,0.07,1.65,77,49,8.5,156,HAL Labs,E10+
Mario Kart 7,3DS,2011,Racing,Nintendo,5.03,4.02,2.69,0.91,12.66,85,73,8.2,632,"Retro Studios, Entertainment Analysis & Development Division",E
Monster Hunter Tri,3DS,2011,Role-Playing,Nintendo,0.46,0.29,1.96,0.07,2.79,7,91,3,21,,
Mystery Case Files: The Malgrave Incident,Wii,2011,Adventure,Nintendo,0.17,0.13,0,0.03,0.32,65,26,8.2,5,Sanzaru Games,E
Nintendogs + cats,3DS,2011,Simulation,Nintendo,1.44,1.41,0.73,0.27,3.85,28,80,6,61,,
Nintendogs and Cats Golden Retriever and New Friends,3DS,2011,Action,Nintendo,0,0.01,0,0,0.01,29,24,0,38,,
Pandora's Tower,Wii,2011,Role-Playing,Nintendo,0.11,0.1,0.08,0.02,0.31,73,48,8,99,Ganbarion,T
PilotWings Resort,3DS,2011,Simulation,Nintendo,0.4,0.36,0.13,0.07,0.95,71,64,7.4,88,Monster Games Inc.,E
Pokemon Rumble Blast,3DS,2011,Action,Nintendo,0.47,0.26,0.35,0.07,1.14,56,36,7.1,50,Ambrella,E10+
PokePark 2: Wonders Beyond,Wii,2011,Action,Nintendo,0.26,0.19,0.27,0.04,0.75,60,18,7,27,Creatures Inc.,E
Professor Layton and the Mask of Miracle,3DS,2011,Puzzle,Nintendo,0.32,0.97,0.36,0.13,1.79,25,94,9,68,,
Star Fox 64 3D,3DS,2011,Shooter,Nintendo,0.48,0.27,0.13,0.06,0.94,81,65,8.2,231,Nintendo,E10+
Steel Diver,3DS,2011,Action,Nintendo,0.31,0.09,0.05,0.03,0.49,58,55,6.3,29,Nintendo,E10+
Super Mario 3D Land,3DS,2011,Platform,Nintendo,4.89,3,2.14,0.78,10.81,90,82,8.4,921,Nintendo,E
The Last Story,Wii,2011,Role-Playing,Nintendo,0.3,0.13,0.18,0.04,0.65,80,61,8.4,179,"Mistwalker, Artoon",T
The Legend of Zelda: Ocarina of Time,3DS,2011,Action,Nintendo,2.09,1.31,0.62,0.31,4.33,88,96,8,10,,
The Legend of Zelda: Skyward Sword,Wii,2011,Action,Nintendo,2.03,1.16,0.37,0.38,3.95,93,81,8,1958,Nintendo,E10+
Wii Play: Motion,Wii,2011,Misc,Nintendo,0.23,0.42,0.18,0.09,0.92,60,34,6.1,16,Nintendo,E10+
Animal Crossing: New Leaf,3DS,2012,Simulation,Nintendo,2.03,2.36,4.39,0.39,9.16,88,70,8.7,626,Nintendo,E
Art Academy: Lessons for Everyone,3DS,2012,Action,Nintendo,0.2,0.04,0.21,0.02,0.46,81,14,7.6,22,"Nintendo, Headstrong Games",E
Brain Age: Concentration Training,3DS,2012,Puzzle,Nintendo,0.09,0,0,0.01,0.09,71,11,7.9,17,Nintendo,E
Bravely Default: Flying Fairy,3DS,2012,Role-Playing,Nintendo,0.5,0.32,0.49,0.08,1.38,26,31,2,85,,
Culdcept,3DS,2012,Misc,Nintendo,0,0,0.16,0,0.16,71,9,6,21,,
Fantasy Life,3DS,2012,Role-Playing,Nintendo,0.33,0.37,0.37,0.06,1.13,73,51,8.6,209,"Level 5, Brownie Brown",E10+
Fatal Frame 2: Wii Edition,Wii,2012,Action,Nintendo,0,0,0.1,0,0.1,76,9,1,29,,
Fire Emblem: Awakening,3DS,2012,Role-Playing,Nintendo,0.9,0.45,0.54,0.13,2.01,92,72,9.1,1130,Intelligent Systems,T
Heroes of Ruin,3DS,2012,Role-Playing,Nintendo,0.13,0.07,0,0.02,0.21,69,53,7.4,50,n-Space,T
Just Dance Wii 2,Wii,2012,Misc,Nintendo,0,0,0.29,0,0.29,14,24,3,21,,
Kid Icarus: Uprising,3DS,2012,Action,Nintendo,0.48,0.35,0.36,0.07,1.27,83,75,8.7,487,"Opus, Project Sora",E10+
Kirby's Dream Collection: Special Edition,Wii,2012,Action,Nintendo,0.33,0,0.33,0.02,0.67,82,6,8.8,37,HAL Labs,E10+
Little Battlers eXperience: Baku Boost,3DS,2012,Action,Nintendo,0,0,0.21,0,0.21,55,9,7,64,,
Mario Party 9,Wii,2012,Misc,Nintendo,1.06,1.09,0.76,0.22,3.13,73,45,6.8,155,Nd Cube,E
Mario Tennis Open,3DS,2012,Sports,Nintendo,0.26,0.29,0.34,0.05,0.95,69,58,6.9,110,Camelot Software Planning,E
Monster Hunter Tri,WiiU,2012,Role-Playing,Nintendo,0.24,0.19,0.22,0.04,0.69,61,41,2,61,,
New Super Mario Bros. 2,3DS,2012,Platform,Nintendo,3.66,3.14,2.47,0.63,9.9,78,70,7.2,424,Nintendo,E
New Super Mario Bros. U,WiiU,2012,Platform,Nintendo,2.3,1.34,1.27,0.32,5.22,84,70,8.1,733,Nintendo,E
Ninja Gaiden 3,WiiU,2012,Action,Nintendo,0.14,0.03,0,0.02,0.18,57,39,7,15,,
Nintendo Land,WiiU,2012,Misc,Nintendo,2.52,1.11,0.46,0.33,4.42,77,61,7.9,471,Nintendo,E10+
Paper Mario: Sticker Star,3DS,2012,Role-Playing,Nintendo,1.12,0.41,0.64,0.14,2.3,75,69,5.6,382,Intelligent Systems,E
Pocket Soccer League: Calciobit,3DS,2012,Sports,Nintendo,0,0,0.11,0,0.11,48,73,6,36,,
Pokemon Black 2/Pokemon White 2,DS,2012,Role-Playing,Nintendo,2.79,1.72,3.14,0.41,8.07,67,83,0,44,,
Pokemon Conquest,DS,2012,Role-Playing,Nintendo,0.56,0.05,0.37,0.04,1.02,80,40,8.2,89,Koei,E
Pokemon Mystery Dungeon: Gates to Infinity,3DS,2012,Role-Playing,Nintendo,0.44,0.29,0.47,0.07,1.27,59,46,6.3,134,"Nintendo, Spike Chunsoft",E
QUIZ PARTY,Wii,2012,Misc,Nintendo,0,0.02,0,0,0.02,24,95,2,62,,
Sing Party,WiiU,2012,Misc,Nintendo,0.13,0.12,0,0.02,0.27,60,21,5.4,18,FreeStyleGames,E10+
Spirit Camera: The Cursed Memoir,3DS,2012,Adventure,Nintendo,0.13,0.02,0.06,0.01,0.22,54,35,6.1,28,Tecmo Koei Games,T
Style Savvy: Trendsetters,3DS,2012,Simulation,Nintendo,0.16,0.02,0.53,0.01,0.73,76,5,8,15,syn Sophia,E
Tekken 3D: Prime Edition,3DS,2012,Fighting,Nintendo,0.06,0.07,0.05,0.01,0.2,64,42,5.9,39,Arika,T
Tohoku Daigaku Karei Igaku Kenkyuusho - Kawashima Ryuuta Kyouju Kanshuu - Mono Sugoku Nou o Kitaeru 5-Funkan no Oni Training,3DS,2012,Action,Nintendo,0,0,0.27,0,0.27,85,28,1,56,,
Daigasso! Band Brothers P,3DS,2013,Misc,Nintendo,0,0,0.18,0,0.18,4,80,0,2,,
Disney Magical World,3DS,2013,Adventure,Nintendo,0.17,0.2,0.53,0.03,0.92,71,27,7.5,21,h.a.n.d. Inc.,E
Donkey Kong Country Returns,3DS,2013,Platform,Nintendo,0.74,0.62,0.41,0.13,1.89,60,31,6,35,,
Game & Wario,WiiU,2013,Misc,Nintendo,0.05,0.06,0.12,0.01,0.23,11,29,1,15,,
Inazuma Eleven 3,3DS,2013,Role-Playing,Nintendo,0,0.08,0,0,0.09,71,1,1,71,,
LEGO City Undercover,WiiU,2013,Platform,Nintendo,0.47,0.42,0.13,0.08,1.1,80,66,8.2,283,TT Games,E10+
LEGO City Undercover,3DS,2013,Platform,Nintendo,0.52,0.77,0.07,0.11,1.47,71,67,8,41,,
Luigi's Mansion: Dark Moon,3DS,2013,Action,Nintendo,1.8,1.39,1.11,0.29,4.59,86,74,8.4,458,Next Level Games,E
Mario & Luigi: Dream Team,3DS,2013,Role-Playing,Nintendo,0.89,0.58,0.46,0.14,2.08,92,70,3,59,,
Mario & Sonic at the Sochi 2014 Olympic Winter Games,WiiU,2013,Sports,Nintendo,0.37,0.22,0.13,0.06,0.78,97,8,6,66,,
Mario Party: Island Tour,3DS,2013,Misc,Nintendo,0.62,0.64,0.55,0.11,1.92,57,47,6.3,117,"Nintendo, Nd Cube",E
New Super Luigi U,WiiU,2013,Platform,Nintendo,1.25,0.62,0.18,0.18,2.24,77,59,7.9,288,Nintendo,E
Pikmin 3,WiiU,2013,Strategy,Nintendo,0.44,0.32,0.29,0.07,1.11,87,79,8.7,664,Nintendo,E10+
Pokemon X/Pokemon Y,3DS,2013,Role-Playing,Nintendo,5.28,4.19,4.35,0.78,14.6,52,21,8,41,,
Professor Layton and the Azran Legacy,3DS,2013,Puzzle,Nintendo,0,0.48,0.25,0.03,0.75,81,58,7.9,86,Level 5,E10+
Super Mario 3D World,WiiU,2013,Platform,Nintendo,2.11,1.16,0.73,0.32,4.32,93,83,9,1607,Nintendo,E
The Legend of Zelda: A Link Between Worlds,3DS,2013,Action,Nintendo,1.4,1.01,0.46,0.23,3.1,91,81,8.9,1057,Nintendo,E
The Legend of Zelda: The Wind Waker,WiiU,2013,Action,Nintendo,0.92,0.6,0.14,0.14,1.79,8,50,4,75,,
The Wonderful 101,WiiU,2013,Action,Nintendo,0.19,0.1,0.08,0.03,0.4,78,75,8.5,495,PlatinumGames,T
Tomodachi Life,3DS,2013,Simulation,Nintendo,0.97,2.11,1.9,0.24,5.23,0,35,7,72,,
Wii Fit U,WiiU,2013,Sports,Nintendo,0.35,0.23,0.21,0.05,0.85,72,19,7.7,72,Nintendo,E
Wii Party U,WiiU,2013,Misc,Nintendo,0.3,0.56,0.84,0.05,1.75,65,38,6.8,135,Nd Cube,E
Yokai Watch,3DS,2013,Role-Playing,Nintendo,0.25,0.45,1.33,0.05,2.09,5,34,9,43,,
Bayonetta 2,WiiU,2014,Action,Nintendo,0.32,0.28,0.1,0.06,0.76,91,80,8.2,1217,PlatinumGames,M
Captain Toad: Treasure Tracker,WiiU,2014,Puzzle,Nintendo,0.53,0.38,0.19,0.09,1.19,81,78,8.6,377,Nintendo EAD Tokyo,E
Donkey Kong Country: Tropical Freeze,WiiU,2014,Platform,Nintendo,0.7,0.55,0.16,0.12,1.52,83,77,8.9,712,Retro Studios,E
Fatal Frame: Maiden of Black Water,WiiU,2014,Action,Nintendo,0,0.03,0.08,0,0.11,67,58,7.6,226,Koei Tecmo Games,M
Fossil Fighters: Frontier,3DS,2014,Role-Playing,Nintendo,0.08,0.04,0.23,0.01,0.36,57,25,4.8,19,"RED Entertainment, Spike Chunsoft",E10+
Hyrule Warriors,WiiU,2014,Action,Nintendo,0.58,0.42,0.13,0.1,1.23,76,81,8.3,662,Omega Force,T
Just Dance Wii U,WiiU,2014,Misc,Nintendo,0,0,0.09,0,0.09,46,2,10,33,,
Kirby: Triple Deluxe,3DS,2014,Platform,Nintendo,0.61,0.34,0.79,0.09,1.83,80,68,8.8,206,HAL Labs,E
Mario Golf: World Tour,3DS,2014,Sports,Nintendo,0.15,0.13,0.17,0.03,0.48,78,73,8.2,76,Camelot Software Planning,E
Mario Kart 8,WiiU,2014,Racing,Nintendo,3.15,2.15,1.28,0.51,7.09,88,82,9.1,1599,Nintendo,E
Monster Hunter 4 Ultimate,3DS,2014,Role-Playing,Nintendo,0.68,0.48,2.62,0.11,3.89,86,80,8.7,348,Capcom,T
NES Remix,WiiU,2014,Action,Nintendo,0.17,0,0.08,0.02,0.28,71,34,7.1,133,Indies Zero,E
Pokemon Art Academy ,3DS,2014,Misc,Nintendo,0.18,0.12,0.16,0.03,0.49,76,22,7.7,19,Headstrong Games,E
Pokemon Omega Ruby/Pokemon Alpha Sapphire,3DS,2014,Role-Playing,Nintendo,4.35,3.49,3.1,0.74,11.68,96,57,7,3,,
Story of Seasons,3DS,2014,Simulation,Nintendo,0,0.14,0.27,0.01,0.42,76,39,8.2,54,Marvelous AQL,E10+
Super Smash Bros. for Wii U and 3DS,WiiU,2014,Fighting,Nintendo,2.6,1.08,0.81,0.38,4.87,36,39,6,67,,
Super Smash Bros. for Wii U and 3DS,3DS,2014,Fighting,Nintendo,3.27,1.37,2.43,0.48,7.55,6,40,3,98,,
Wii Sports Club,WiiU,2014,Sports,Nintendo,0.17,0.14,0.04,0.03,0.38,68,21,7,106,Nintendo,E10+
Yokai Watch 2 Ganso/Honke,3DS,2014,Role-Playing,Nintendo,0.09,0,3.18,0.01,3.28,76,0,6,73,,
Yoshi's New Island,3DS,2014,Platform,Nintendo,0.48,0.53,0.28,0.09,1.38,64,71,6.1,155,Arzest,E
 Fire Emblem Fates,3DS,2015,Role-Playing,Nintendo,0.81,0.23,0.52,0.11,1.68,87,74,2,78,,
Animal Crossing: Amiibo Festival,WiiU,2015,Misc,Nintendo,0.19,0.11,0.09,0.03,0.41,46,20,4.4,173,"Nintendo, Nd Cube",E
Animal Crossing: Happy Home Designer,3DS,2015,Simulation,Nintendo,0.51,1.02,1.4,0.12,3.05,66,60,6.9,106,Nintendo,E
Art Academy: Home Studio,WiiU,2015,Misc,Nintendo,0,0,0.01,0,0.01,82,9,8.3,20,Headstrong Games,E
Bravely Second: End Layer,3DS,2015,Role-Playing,Nintendo,0.17,0.1,0.18,0.03,0.49,81,70,7.4,103,Silicon Studio,T
Chibi-Robo! Zip Lash,3DS,2015,Platform,Nintendo,0.09,0.08,0.06,0.02,0.24,5,34,0,59,,
Code Name: S.T.E.A.M.,3DS,2015,Strategy,Nintendo,0.14,0.05,0.01,0.02,0.21,69,69,7.7,125,Intelligent Systems,T
Devil's Third,WiiU,2015,Action,Nintendo,0.04,0.02,0,0.01,0.06,43,54,6.5,283,Valhalla Game Studios,M
Disney Magic World 2,3DS,2015,Action,Nintendo,0.02,0.11,0.19,0.01,0.34,89,30,2,83,,
Famicom Remix Best Choice,3DS,2015,Action,Nintendo,0,0,0.04,0,0.04,46,74,0,99,,
Girls Mode 3: Kirakira Code,3DS,2015,Action,Nintendo,0,0,0.23,0,0.23,99,90,5,42,,
Kirby and the Rainbow Curse,WiiU,2015,Platform,Nintendo,0.22,0.13,0.12,0.04,0.52,73,72,8,227,HAL Labs,E
Mario & Luigi: Paper Jam,3DS,2015,Role-Playing,Nintendo,0.16,0.29,0.26,0.04,0.76,29,33,10,49,,
Mario & Luigi: Paper Jam & Mario Kart 7 Double Pack,3DS,2015,Misc,Nintendo,0,0,0.01,0,0.01,30,59,7,31,,
Mario Party 10,WiiU,2015,Misc,Nintendo,0.69,0.53,0.24,0.12,1.58,66,66,6.5,279,"Nintendo, Nd Cube",E
Mario Tennis Ultra Smash,WiiU,2015,Sports,Nintendo,0.13,0.15,0.14,0.02,0.44,58,58,5.3,133,"Nintendo, Camelot Software Planning",E
Mario vs. Donkey Kong: Tipping Stars,WiiU,2015,Puzzle,Nintendo,0,0,0.01,0,0.01,70,26,7.4,72,"Nintendo, Nintendo Software Technology",E
Mario vs. Donkey Kong: Tipping Stars,3DS,2015,Puzzle,Nintendo,0,0,0.06,0,0.06,70,15,7.5,48,"Nintendo, Nintendo Software Technology",E
Nintendo Presents: New Style Boutique 2 - Fashion Forward,3DS,2015,Misc,Nintendo,0.03,0.66,0.02,0.04,0.75,23,21,4,69,,
Picross 3D 2,3DS,2015,Puzzle,Nintendo,0,0,0.11,0,0.11,95,34,10,48,,
Pokemon Rumble World,3DS,2015,Action,Nintendo,0,0.01,0.08,0,0.09,58,16,6.4,69,"Ambrella, The Pokemon Company",E10+
Pokemon Super Mystery Dungeon,3DS,2015,Role-Playing,Nintendo,0.48,0.35,0.34,0.08,1.25,69,44,8.8,190,"Spike Chunsoft Co. Ltd., Spike Chunsoft",E
Puzzle & Dragons Z + Super Mario Bros. Edition,3DS,2015,Puzzle,Nintendo,0.06,0.07,0.34,0.01,0.48,30,53,1,32,,
Rhythm Heaven: The Best+,3DS,2015,Misc,Nintendo,0,0.03,0.72,0,0.74,49,29,7,46,,
Shin Megami Tensei x Fire Emblem,WiiU,2015,Role-Playing,Nintendo,0.12,0.05,0.06,0.02,0.25,53,26,5,7,,
Splatoon,WiiU,2015,Shooter,Nintendo,1.54,1.18,1.46,0.26,4.43,81,88,8.5,1184,Nintendo,E10+
Super Mario Maker,WiiU,2015,Platform,Nintendo,1.18,0.89,0.94,0.2,3.21,88,85,8.7,691,Nintendo,E
The Legend of Zelda: Majora's Mask 3D,3DS,2015,Action,Nintendo,1.15,0.55,0.47,0.17,2.34,89,82,9,478,GREZZO,E10+
The Legend of Zelda: Tri Force Heroes,3DS,2015,Action,Nintendo,0.53,0.33,0.17,0.08,1.12,73,73,7.6,179,Nintendo,E
Xenoblade Chronicles,3DS,2015,Role-Playing,Nintendo,0.27,0.14,0.12,0.04,0.56,64,18,4,37,,
Xenoblade Chronicles X,WiiU,2015,Role-Playing,Nintendo,0.36,0.28,0.14,0.06,0.84,84,87,8.9,1548,Monolith Soft,T
Yoshi's Woolly World,WiiU,2015,Platform,Nintendo,0.62,0.47,0.11,0.1,1.3,78,83,8.5,376,Good-Feel,E
Culdcept Revolt,3DS,2016,Strategy,Nintendo,0,0,0.06,0,0.06,54,34,6,24,,
Disney Art Academy,3DS,2016,Action,Nintendo,0.02,0.01,0.08,0,0.11,72,16,6.8,5,Headstrong Games,E
Fast Racing Neo ,WiiU,2016,Action,Nintendo,0,0.01,0,0,0.01,81,46,8.5,151,Shin'en,E
Hyrule Warriors,3DS,2016,Action,Nintendo,0.17,0.13,0.11,0.03,0.43,10,84,1,68,,
Kirby: Planet Robobot,3DS,2016,Action,Nintendo,0.28,0.14,0.47,0.04,0.93,81,71,8.7,87,HAL Labs,E
Mario & Sonic at the Rio 2016 Olympic Games,WiiU,2016,Action,Nintendo,0.07,0.14,0.11,0.02,0.34,26,39,3,83,,
Mario & Sonic at the Rio 2016 Olympic Games,3DS,2016,Action,Nintendo,0.05,0.21,0.25,0.02,0.53,55,91,6,6,,
Mario Party: Star Rush,3DS,2016,Misc,Nintendo,0.08,0.13,0.08,0.02,0.3,68,37,6.8,16,"Nintendo, Nd Cube",E
Metroid Prime: Federation Force,3DS,2016,Action,Nintendo,0.02,0.01,0.01,0,0.05,64,56,5.1,219,"Next Level Games, Nintendo",T
Paper Mario: Color Splash,WiiU,2016,Role-Playing,Nintendo,0.2,0.14,0.05,0.03,0.42,75,72,6.8,208,"Nintendo, Intelligent Systems",E
Pokemon Sun/Moon,3DS,2016,Role-Playing,Nintendo,2.98,1.45,2.26,0.45,7.14,22,48,9,20,,
Star Fox: Zero,WiiU,2016,Shooter,Nintendo,0.17,0.1,0.07,0.03,0.36,69,82,7.4,662,PlatinumGames,E10+
Teddy Together,3DS,2016,Simulation,Nintendo,0,0.02,0,0,0.03,75,54,5,68,Arika,
The Legend of Zelda: Twilight Princess HD,WiiU,2016,Action,Nintendo,0.56,0.3,0.08,0.09,1.03,86,74,8.4,329,"Tantalus Interactive, Tantatus, Nintendo",T
Advance Wars: Days of Ruin,DS,N/A,Strategy,Nintendo,0.43,0.12,0,0.05,0.61,86,55,8.7,96,Intelligent Systems,E10+
Custom Robo,N64,N/A,Role-Playing,Nintendo,0,0,0.29,0.04,0.33,41,59,1,65,,
Donkey Kong Land III,GB,N/A,Platform,Nintendo,0.68,0.31,0,0.04,1.03,38,47,10,16,,
Jet Impulse,DS,N/A,Simulation,Nintendo,0,0,0.02,0,0.02,72,63,8,69,,
Wii de Asobu: Metroid Prime,Wii,N/A,Shooter,Nintendo,0,0,0.02,0,0.02,54,8,5,25,,
Zero: Tsukihami no Kamen,Wii,N/A,Action,Nintendo,0,0,0.08,0,0.08,47,34,10,65,Grasshopper Manufacture,
