﻿Name,Platform,Year_of_Release,Genre,Publisher,NA_Sales,EU_Sales,JP_Sales,Other_Sales,Global_Sales,Critic_Score,Critic_Count,User_Score,User_Count,Developer,Rating
Battle Arena Toshinden,PS,1994,Fighting,Sony Computer Entertainment,0.39,0.26,0.53,0.08,1.27,69,4,6.3,4,Tamsoft,T
Crime Crackers,PS,1994,Role-Playing,Sony Computer Entertainment,0,0,0.09,0.01,0.1,95,67,1,41,,
ESPN Extreme Games,PS,1994,Sports,Sony Computer Entertainment,0.11,0.08,0.17,0.03,0.38,33,5,0,99,,
Kileak: The DNA Imperative,PS,1994,Shooter,Sony Computer Entertainment,0.08,0.06,0.21,0.02,0.37,35,1,0,94,,
Motor Toon Grand Prix (Japan),PS,1994,Racing,Sony Computer Entertainment,0,0,0.06,0,0.07,56,32,3,27,,
NHL FaceOff,PS,1994,Sports,Sony Computer Entertainment,0.25,0.17,0,0.03,0.45,83,67,0,70,,
Ridge Racer,PS,1994,Racing,Sony Computer Entertainment,0,0,0.74,0.05,0.79,75,21,8,10,,
Air Combat,PS,1995,Simulation,Sony Computer Entertainment,0.92,0.33,0.52,0.05,1.83,23,34,8,19,,
Aquanaut's Holiday,PS,1995,Adventure,Sony Computer Entertainment,0.01,0.01,0,0,0.02,0,95,3,48,,
Arc the Lad,PS,1995,Role-Playing,Sony Computer Entertainment,0,0,1.1,0.01,1.11,55,19,0,47,,
A-Train,PS,1995,Simulation,Sony Computer Entertainment,0.02,0.01,0.04,0.01,0.08,50,10,10,65,,
Battle Arena Toshinden 2,PS,1995,Fighting,Sony Computer Entertainment,0.15,0.1,0.41,0.05,0.71,12,69,5,14,,
Beyond The Beyond,PS,1995,Role-Playing,Sony Computer Entertainment,0.11,0.08,0.35,0.04,0.57,52,66,2,10,,
Blades of Blood: Samurai Shodown III,PS,1995,Fighting,Sony Computer Entertainment,0.05,0.03,0,0.01,0.08,53,90,10,83,,
Carnage Heart,PS,1995,Strategy,Sony Computer Entertainment,0.01,0.01,0.09,0.01,0.11,98,35,2,15,,
Cyber Sled,PS,1995,Action,Sony Computer Entertainment,0,0,0.13,0.01,0.14,66,77,5,33,,
Epidemic,PS,1995,Shooter,Sony Computer Entertainment,0.02,0.01,0.1,0.01,0.14,16,92,1,29,,
Hermie Hopperhead: Scrap Panic,PS,1995,Platform,Sony Computer Entertainment,0,0,0.02,0,0.03,84,48,9,67,,
Jumping Flash!,PS,1995,Platform,Sony Computer Entertainment,0.05,0.03,0.21,0.02,0.3,39,47,4,75,,
King's Field,PS,1995,Role-Playing,Sony Computer Entertainment,0.09,0.06,0,0.01,0.16,60,10,7,61,,
Mortal Kombat 3,PS,1995,Fighting,Sony Computer Entertainment,0.29,0.2,0.02,0.04,0.55,78,55,2,71,,
Namco Museum Vol.1,PS,1995,Misc,Sony Computer Entertainment,2.12,1.44,0.22,0.06,3.84,16,95,4,88,,
Namco Soccer Prime Goal,PS,1995,Sports,Sony Computer Entertainment,0,0,0.12,0.01,0.13,90,0,9,5,,
Namco Tennis Smash Court,PS,1995,Sports,Sony Computer Entertainment,0,0,0.23,0.02,0.24,3,3,0,89,,
NBA ShootOut,PS,1995,Sports,Sony Computer Entertainment,0.17,0.12,0,0.02,0.31,66,98,3,16,,
NFL GameDay,PS,1995,Sports,Sony Computer Entertainment,0.47,0.32,0,0.06,0.85,67,0,5,46,,
Philosoma,PS,1995,Shooter,Sony Computer Entertainment,0.03,0.02,0,0,0.05,4,88,0,85,,
Project: Horned Owl,PS,1995,Shooter,Sony Computer Entertainment,0.03,0.02,0.05,0.01,0.11,30,35,2,61,,
Rapid Reload,PS,1995,Shooter,Sony Computer Entertainment,0,0,0.09,0.01,0.09,52,72,9,28,,
Ridge Racer Revolution,PS,1995,Racing,Sony Computer Entertainment,0.17,0.12,0.71,0.07,1.07,24,59,2,11,,
Sengoku Cyber: Fujimaru Jigokuhen,PS,1995,Strategy,Sony Computer Entertainment,0,0,0.11,0.01,0.12,77,79,7,47,,
Sentou Kokka Air Land Battle,PS,1995,Strategy,Sony Computer Entertainment,0,0,0.13,0.01,0.13,5,51,9,12,,
StarBlade Î±,PS,1995,Shooter,Sony Computer Entertainment,0,0,0.15,0.01,0.16,27,51,7,86,,
Tekken,PS,1995,Fighting,Sony Computer Entertainment,0.95,1.3,0.77,0.22,3.24,16,29,7,8,,
Twisted Metal,PS,1995,Action,Sony Computer Entertainment,1.32,0.19,0,0.05,1.56,98,50,3,56,,
Victory Zone,PS,1995,Misc,Sony Computer Entertainment,0,0,0.1,0.01,0.11,5,82,3,42,,
Warhawk,PS,1995,Simulation,Sony Computer Entertainment,0.25,0.17,0,0.03,0.46,10,15,8,93,,
Wizardry VII: Gadeia no Houshu,PS,1995,Role-Playing,Sony Computer Entertainment,0,0,0.14,0.01,0.15,80,64,4,73,,
2Xtreme,PS,1996,Sports,Sony Computer Entertainment,1.15,0.2,0,0.05,1.4,95,31,5,84,,
Arc the Lad II,PS,1996,Role-Playing,Sony Computer Entertainment,0,0,0.92,0.13,1.05,5,90,10,62,,
Battle Arena Toshinden 3,PS,1996,Fighting,Sony Computer Entertainment,0.06,0.04,0.14,0.02,0.27,49,15,6,52,,
Bogey: Dead 6,PS,1996,Simulation,Sony Computer Entertainment,0.05,0.04,0,0.01,0.09,87,54,4,43,,
Cool Boarders,PS,1996,Sports,Sony Computer Entertainment,0.1,0.07,0.24,0.03,0.43,72,24,6,45,,
Crash Bandicoot,PS,1996,Platform,Sony Computer Entertainment,3.23,2.35,0.94,0.3,6.82,100,90,2,12,,
Jampack Vol. 1,PS,1996,Misc,Sony Computer Entertainment,0.1,0.07,0,0.01,0.18,73,95,10,22,,
Jampack Vol. 2,PS,1996,Misc,Sony Computer Entertainment,0.3,0.2,0,0.03,0.53,27,18,10,36,,
Jet Moto,PS,1996,Racing,Sony Computer Entertainment,1.33,0.4,0.03,0.07,1.83,55,29,4,10,,
Jumping Flash! 2,PS,1996,Platform,Sony Computer Entertainment,0.05,0.03,0.15,0.02,0.25,70,68,10,66,,
MLB Pennant Race,PS,1996,Sports,Sony Computer Entertainment,0.16,0.11,0,0.02,0.29,41,22,10,25,,
Namco Museum Vol.2,PS,1996,Misc,Sony Computer Entertainment,0.03,0.02,0.21,0.02,0.29,15,31,3,86,,
Namco Museum Vol.3,PS,1996,Misc,Sony Computer Entertainment,2.28,1.55,0.16,0.06,4.05,45,83,9,95,,
Namco Museum Vol.4,PS,1996,Misc,Sony Computer Entertainment,0.02,0.01,0.16,0.01,0.2,43,68,8,55,,
Namco Museum Vol.5,PS,1996,Misc,Sony Computer Entertainment,0.02,0.01,0.12,0.01,0.15,29,66,0,2,,
NCAA Gamebreaker,PS,1996,Sports,Sony Computer Entertainment,0.15,0.1,0,0.02,0.26,27,97,4,20,,
NFL GameDay '97,PS,1996,Sports,Sony Computer Entertainment,0.48,0.33,0,0.06,0.87,30,7,3,52,,
NHL FaceOff '97,PS,1996,Sports,Sony Computer Entertainment,0.26,0.17,0,0.03,0.46,21,83,0,29,,
PaRappa The Rapper,PS,1996,Misc,Sony Computer Entertainment,0.26,0.16,1.46,0.03,1.92,92,15,7.4,48,NanaOn-Sha,K-A
Penny Racers,PS,1996,Racing,Sony Computer Entertainment,0,0,0.23,0.02,0.25,86,55,2,7,,
PoPoLoCrois Monogatari,PS,1996,Role-Playing,Sony Computer Entertainment,0,0,0.46,0.03,0.5,11,88,6,54,,
Rage Racer,PS,1996,Racing,Sony Computer Entertainment,0.16,0.11,0.83,0.08,1.17,3,64,9,89,,
Soul Edge,PS,1996,Fighting,Sony Computer Entertainment,0.61,0.41,0.46,0.1,1.59,96,82,6,79,,
Tekken 2,PS,1996,Fighting,Sony Computer Entertainment,2.26,1.89,1.36,0.23,5.74,89,8,8.9,102,Namco,T
The King of Fighters '95,PS,1996,Fighting,Sony Computer Entertainment,0,0,0.16,0.01,0.17,24,10,6,27,,
Tobal No.1,PS,1996,Fighting,Sony Computer Entertainment,0.12,0.08,0.66,0.06,0.92,24,80,3,36,,
Twisted Metal 2,PS,1996,Racing,Sony Computer Entertainment,2.12,0.25,0,0.07,2.44,88,5,7,21,,
Wild ARMs,PS,1996,Role-Playing,Sony Computer Entertainment,0.26,0.17,0.46,0.06,0.95,73,44,2,22,,
Ace Combat 2,PS,1997,Simulation,Sony Computer Entertainment,0.16,0.11,0.56,0.06,0.89,83,10,8.2,22,Namco,T
Armored Core,PS,1997,Simulation,Sony Computer Entertainment,0.13,0.09,0.16,0.03,0.41,64,92,10,67,,
Broken Sword II: The Smoking Mirror,PS,1997,Adventure,Sony Computer Entertainment,0.03,0.02,0,0,0.06,9,60,6,60,,
Bushido Blade,PS,1997,Fighting,Sony Computer Entertainment,0.39,0.27,0.43,0.08,1.16,83,13,7.9,16,Light Weight,T
Cart World Series,PS,1997,Racing,Sony Computer Entertainment,0.17,0.11,0,0.02,0.3,36,6,8,80,,
Crash Bandicoot 2: Cortex Strikes Back,PS,1997,Platform,Sony Computer Entertainment,3.78,2.17,1.31,0.31,7.58,18,79,6,26,,
Elemental Gearbolt,PS,1997,Shooter,Sony Computer Entertainment,0.03,0.02,0,0,0.06,76,11,2,73,Alfa System,T
ESPN X-Games Pro Boarder,PS,1997,Sports,Sony Computer Entertainment,0.18,0.12,0,0.02,0.32,81,55,6,38,,
Final Fantasy VII,PS,1997,Role-Playing,Sony Computer Entertainment,3.01,2.47,3.28,0.96,9.72,92,20,9.2,1282,SquareSoft,T
Ghost in the Shell,PS,1997,Simulation,Sony Computer Entertainment,0.06,0.04,0,0.01,0.1,71,25,6,57,,
Gran Turismo,PS,1997,Racing,Sony Computer Entertainment,4.02,3.87,2.54,0.52,10.95,96,16,8.7,138,Polyphony Digital,E
Hot Shots Golf,PS,1997,Sports,Sony Computer Entertainment,0.29,0.2,2.13,0.18,2.79,89,88,1,59,,
Intelligent Qube,PS,1997,Puzzle,Sony Computer Entertainment,0.13,0.07,1,0.02,1.22,18,51,1,42,,
Interactive Sampler Disc 6,PS,1997,Misc,Sony Computer Entertainment,0.08,0.05,0,0.01,0.14,72,24,5,47,,
Jet Moto 2,PS,1997,Racing,Sony Computer Entertainment,1.41,0.42,0.03,0.07,1.94,99,99,3,30,,
Klonoa: Door to Phantomile,PS,1997,Platform,Sony Computer Entertainment,0,0,0.17,0.01,0.18,27,16,0,26,,
Kowloon's Gate,PS,1997,Adventure,Sony Computer Entertainment,0,0,0.14,0.01,0.15,3,97,5,88,,
NBA ShootOut '97,PS,1997,Sports,Sony Computer Entertainment,0.35,0.24,0,0.04,0.62,25,51,4,0,,
NFL GameDay 98,PS,1997,Sports,Sony Computer Entertainment,1.58,0.06,0,0.04,1.68,6,99,9,66,,
NHL FaceOff 98,PS,1997,Sports,Sony Computer Entertainment,0.28,0.19,0,0.03,0.51,15,72,10,23,,
Nightmare Creatures,PS,1997,Action,Sony Computer Entertainment,0.35,0.24,0,0.04,0.63,34,13,0,90,,
Pet in TV,PS,1997,Strategy,Sony Computer Entertainment,0,0,0.38,0.03,0.4,86,28,2,7,,
Point Blank,PS,1997,Shooter,Sony Computer Entertainment,0.05,0.03,0.23,0.02,0.34,57,48,7,10,,
Porsche Challenge,PS,1997,Racing,Sony Computer Entertainment,0.05,0.03,0,0.01,0.09,28,73,4,28,,
Princess Maker: Yumemiru Yosei,PS,1997,Strategy,Sony Computer Entertainment,0,0,0.18,0.01,0.19,46,21,9,27,,
Rally Cross,PS,1997,Racing,Sony Computer Entertainment,0.18,0.12,0,0.02,0.32,55,17,0,35,,
Ray Tracers,PS,1997,Racing,Sony Computer Entertainment,0.04,0.02,0,0,0.06,95,6,4,67,,
RayStorm,PS,1997,Shooter,Sony Computer Entertainment,0.04,0.03,0,0,0.07,79,7,7.8,4,Taito Corporation,E
Rosco McQueen: Firefighter Extreme,PS,1997,Action,Sony Computer Entertainment,0.05,0.04,0,0.01,0.09,59,17,1,39,,
Spawn the Eternal,PS,1997,Action,Sony Computer Entertainment,0.14,0.09,0,0.02,0.24,10,31,3,85,,
The Granstream Saga,PS,1997,Role-Playing,Sony Computer Entertainment,0.08,0.05,0,0.01,0.14,74,56,10,20,,
Tomba!,PS,1997,Platform,Sony Computer Entertainment,0.15,0.1,0,0.02,0.26,67,46,6,83,,
Turbo Prop Racing,PS,1997,Racing,Sony Computer Entertainment,0.08,0.06,0,0.01,0.15,2,12,2,54,,
Xevious 3D/G+,PS,1997,Shooter,Sony Computer Entertainment,0.01,0.01,0.11,0.01,0.14,0,82,7,3,,
A Bug's Life,PS,1998,Platform,Sony Computer Entertainment,1.96,0.72,0,0.11,2.79,4,64,3,19,,
Blasto,PS,1998,Action,Sony Computer Entertainment,0.2,0.13,0,0.02,0.35,84,31,3,47,,
Bomberman World,PS,1998,Puzzle,Sony Computer Entertainment,0.06,0.04,0.22,0.02,0.33,92,86,2,33,,
Bust A Groove,PS,1998,Misc,Sony Computer Entertainment,0.09,0.06,0.35,0.04,0.54,28,74,8,62,,
Cardinal Syn,PS,1998,Fighting,Sony Computer Entertainment,0.08,0.06,0,0.01,0.15,74,48,0,39,,
Crash Bandicoot 3: Warped,PS,1998,Platform,Sony Computer Entertainment,3.68,1.75,1.42,0.28,7.13,91,12,8.9,432,Naughty Dog,E
Dead or Alive,PS,1998,Fighting,Sony Computer Entertainment,0.09,0.06,0.1,0.02,0.28,84,10,8.6,18,Team Ninja,T
Destrega,PS,1998,Fighting,Sony Computer Entertainment,0.04,0.03,0,0,0.07,11,71,5,69,,
Jampack Winter '98,PS,1998,Misc,Sony Computer Entertainment,0.63,0.43,0,0.07,1.13,74,76,9,22,,
Kurushi Final: Mental Blocks,PS,1998,Puzzle,Sony Computer Entertainment,0,0,0.32,0.02,0.34,55,10,0,11,,
Legend of Legaia,PS,1998,Role-Playing,Sony Computer Entertainment,0.37,0.25,0,0.04,0.66,64,0,8,14,,
MediEvil,PS,1998,Platform,Sony Computer Entertainment,0.46,0.31,0,0.05,0.83,87,41,1,61,,
MLB 99,PS,1998,Sports,Sony Computer Entertainment,0.48,0.32,0,0.06,0.86,32,6,2,41,,
Monster Rancher 2,PS,1998,Simulation,Sony Computer Entertainment,0.19,0.13,0.66,0.07,1.05,83,6,1,93,Tecmo,E
NBA ShootOut 98,PS,1998,Sports,Sony Computer Entertainment,0.43,0.29,0,0.05,0.78,74,24,3,44,,
NFL Xtreme,PS,1998,Sports,Sony Computer Entertainment,0.38,0.26,0,0.05,0.69,25,92,9,40,,
NHL FaceOff 2000,PS,1998,Sports,Sony Computer Entertainment,0.17,0.12,0,0.02,0.31,4,59,8,42,,
Roll Away,PS,1998,Puzzle,Sony Computer Entertainment,0.04,0.03,0,0,0.07,53,57,9,6,,
Speed Punks,PS,1998,Racing,Sony Computer Entertainment,0.11,0.08,0,0.01,0.2,99,33,0,25,,
Spice World,PS,1998,Action,Sony Computer Entertainment,0.37,0.25,0,0.04,0.67,27,26,0,68,,
Spyro the Dragon,PS,1998,Platform,Sony Computer Entertainment,3.36,1.36,0.07,0.21,5,84,65,7,48,,
Star Ocean: The Second Story,PS,1998,Role-Playing,Sony Computer Entertainment,0.26,0.1,0.72,0.02,1.1,80,13,8.5,44,Tri-Ace,E
Stolen Song,PS,1998,Adventure,Sony Computer Entertainment,0,0,0.11,0.01,0.12,74,18,9,5,,
Tekken 3,PS,1998,Fighting,Sony Computer Entertainment,3.27,2.22,1.4,0.29,7.16,96,15,9.1,367,Namco,T
The Fifth Element,PS,1998,Action,Sony Computer Entertainment,0.08,0.05,0,0.01,0.14,96,4,7,53,,
Tiny Tank,PS,1998,Action,Sony Computer Entertainment,0.19,0.13,0,0.02,0.34,65,60,6,91,,
Tiny Toon Adventures: The Great Beanstalk,PS,1998,Misc,Sony Computer Entertainment,0.17,0.12,0,0.02,0.31,15,76,4,85,,
Um Jammer Lammy,PS,1998,Misc,Sony Computer Entertainment,0.12,0.08,0.41,0.04,0.66,35,12,3,32,,
Yarudora Series Vol. 2: Kisetsu wo Dakishimete,PS,1998,Adventure,Sony Computer Entertainment,0,0,0.19,0.01,0.21,49,65,7,80,,
Yarudora Series Vol.1: Double Cast,PS,1998,Adventure,Sony Computer Entertainment,0,0,0.35,0.02,0.37,1,76,10,35,,
Ace Combat 3: Electrosphere,PS,1999,Simulation,Sony Computer Entertainment,0.22,0.15,0.4,0.05,0.83,84,96,4,42,,
Ape Escape,PS,1999,Platform,Sony Computer Entertainment,0.71,0.48,0.32,0.11,1.63,90,19,8.8,53,SCEI,E
Arc the Lad III,PS,1999,Role-Playing,Sony Computer Entertainment,0,0,0.39,0.03,0.42,88,92,3,53,,
Barbie: Race & Ride,PS,1999,Action,Sony Computer Entertainment,0.33,0.22,0,0.04,0.59,38,63,0,20,,
Crash Team Racing,PS,1999,Racing,Sony Computer Entertainment,2.57,1.57,0.44,0.21,4.79,88,20,9,233,Naughty Dog,E
Disney's Story Studio: Disney's Mulan,PS,1999,Misc,Sony Computer Entertainment,0.09,0.06,0,0.01,0.15,15,56,7,71,,
Doko Demo Issyo,PS,1999,Misc,Sony Computer Entertainment,0,0,1,0.07,1.07,49,17,6,65,,
Dragon Valor,PS,1999,Role-Playing,Sony Computer Entertainment,0.04,0.03,0,0,0.07,57,9,8.3,10,Namco,T
Final Fantasy VI,PS,1999,Role-Playing,Sony Computer Entertainment,0,0,0.08,0.01,0.08,69,94,6,52,,
Gran Turismo 2,PS,1999,Racing,Sony Computer Entertainment,3.88,3.42,1.69,0.5,9.49,93,23,9,135,Polyphony Digital,T
Hot Shots Golf 2,PS,1999,Sports,Sony Computer Entertainment,0.25,0.12,1.48,0.03,1.88,35,19,8,12,,
Jackie Chan: Stuntmaster,PS,1999,Action,Sony Computer Entertainment,0.12,0.08,0,0.01,0.22,18,21,0,0,,
Jampack Summer '99,PS,1999,Misc,Sony Computer Entertainment,0.54,0.36,0,0.06,0.96,94,73,4,25,,
Jampack Winter '99,PS,1999,Misc,Sony Computer Entertainment,0.94,0.64,0,0.11,1.69,79,89,5,33,,
Jet Moto 3,PS,1999,Racing,Sony Computer Entertainment,0.41,0.28,0,0.05,0.74,10,0,6,47,,
MediEvil II,PS,1999,Action,Sony Computer Entertainment,0.21,0.14,0,0.02,0.38,55,64,9,87,,
MLB 2000,PS,1999,Sports,Sony Computer Entertainment,0.52,0.35,0,0.06,0.94,14,89,3,95,,
Muppet RaceMania,PS,1999,Racing,Sony Computer Entertainment,0.09,0.06,0,0.01,0.15,0,54,4,21,,
Omega Boost,PS,1999,Shooter,Sony Computer Entertainment,0.17,0.11,0.2,0.03,0.52,39,10,5,40,,
Spyro 2: Ripto's Rage!,PS,1999,Platform,Sony Computer Entertainment,2.14,1.21,0.01,0.17,3.52,86,54,3,14,,
Syphon Filter,PS,1999,Shooter,Sony Computer Entertainment,2.03,0.72,0.02,0.11,2.88,60,96,6,92,,
The Legend of Dragoon,PS,1999,Role-Playing,Sony Computer Entertainment,0.94,0.44,0.39,0.1,1.86,74,12,8.4,248,SCEI,T
The X Files,PS,1999,Adventure,Sony Computer Entertainment,0.24,0.16,0,0.03,0.42,99,70,4,1,,
Tomba! 2: The Evil Swine Return,PS,1999,Platform,Sony Computer Entertainment,0.16,0.11,0,0.02,0.29,63,94,3,33,,
Wild ARMs 2,PS,1999,Role-Playing,Sony Computer Entertainment,0.19,0.13,0.31,0.04,0.67,91,13,7,4,,
Blood: The Last Vampire (Joukan),PS2,2000,Adventure,Sony Computer Entertainment,0,0,0.09,0,0.09,69,90,6,1,,
Boku no Natsuyasumi,PS,2000,Adventure,Sony Computer Entertainment,0,0,0.37,0.03,0.4,39,14,4,78,,
Cool Boarders 2001,PS,2000,Sports,Sony Computer Entertainment,0.23,0.16,0,0.03,0.41,56,10,9,65,Idol Minds,E
Covert Ops: Nuclear Dawn,PS,2000,Action,Sony Computer Entertainment,0.13,0.09,0,0.02,0.24,36,26,4,26,,
Crash Bash,PS,2000,Misc,Sony Computer Entertainment,1.56,1.47,0.19,0.17,3.39,68,12,8.2,99,Eurocom Entertainment Software,E
Dark Cloud,PS2,2000,Role-Playing,Sony Computer Entertainment,0.83,0.44,0.08,0.19,1.54,80,27,8.2,99,Level 5,T
Destruction Derby Raw,PS,2000,Racing,Sony Computer Entertainment,0.08,0.05,0,0.01,0.14,69,9,7.3,14,Studio 33,E
Disney's Aladdin in Nasira's Revenge,PS,2000,Action,Sony Computer Entertainment,0.05,0.04,0,0.01,0.09,61,11,8.3,7,Argonaut Games,E
Disney's The Emperor's New Groove,PS,2000,Platform,Sony Computer Entertainment,0.17,0.12,0,0.02,0.31,66,8,7.2,6,Disney Interactive,E
Fantavision,PS2,2000,Puzzle,Sony Computer Entertainment,0.14,0.11,0.19,0.04,0.47,72,18,6.3,9,SCEJ,E
Grind Session,PS,2000,Sports,Sony Computer Entertainment,0.24,0.17,0,0.03,0.44,58,59,8,45,,
I.Q. Remix+: Intelligent Qube,PS2,2000,Puzzle,Sony Computer Entertainment,0,0,0.04,0,0.04,57,96,9,27,,
In Cold Blood,PS,2000,Adventure,Sony Computer Entertainment,0.02,0.01,0,0,0.03,46,67,8,57,,
Jampack Summer 2K,PS,2000,Misc,Sony Computer Entertainment,0.88,0.6,0,0.1,1.58,99,16,6,37,,
Jampack Winter 2000,PS,2000,Misc,Sony Computer Entertainment,0.55,0.38,0,0.07,1,64,83,4,91,,
MLB 2001,PS,2000,Sports,Sony Computer Entertainment,0.49,0.34,0,0.06,0.89,74,4,10,15,,
Moto Racer World Tour,PS,2000,Racing,Sony Computer Entertainment,0.21,0.14,0,0.02,0.38,34,82,7,3,,
NBA ShootOut 2001,PS,2000,Sports,Sony Computer Entertainment,0.15,0.1,0,0.02,0.27,71,10,7,17,989 Sports,E
NCAA Final Four 2001,PS2,2000,Sports,Sony Computer Entertainment,0.09,0.07,0,0.02,0.19,49,10,1,30,989 Sports,E
NCAA Final Four 2001,PS,2000,Sports,Sony Computer Entertainment,0.09,0.06,0,0.01,0.16,55,7,1,63,989 Sports,E
NCAA GameBreaker 2001,PS2,2000,Sports,Sony Computer Entertainment,0.07,0.06,0,0.02,0.15,57,9,4,25,989 Sports,E
NCAA GameBreaker 2001,PS,2000,Sports,Sony Computer Entertainment,0.18,0.12,0,0.02,0.33,69,9,7,36,989 Sports,E
NFL GameDay 2001,PS2,2000,Sports,Sony Computer Entertainment,0.18,0.14,0,0.05,0.36,51,16,6,3,SCEA,E
NFL GameDay 2001,PS,2000,Sports,Sony Computer Entertainment,0.56,0.38,0,0.07,1,73,10,2,90,989 Sports,E
NHL FaceOff 2001,PS,2000,Sports,Sony Computer Entertainment,0.13,0.09,0,0.02,0.23,78,11,7,72,SolWorks,E
PoPoLoCrois Monogatari II,PS,2000,Role-Playing,Sony Computer Entertainment,0,0,0.2,0.01,0.21,93,96,5,8,,
Rollcage Stage II,PS,2000,Racing,Sony Computer Entertainment,0.05,0.03,0,0.01,0.09,85,7,8.9,16,Attention To Detail,E
Sky Odyssey,PS2,2000,Simulation,Sony Computer Entertainment,0.16,0.12,0,0.04,0.32,79,18,8.4,9,CAProduction,E
Spyro: Year of the Dragon,PS,2000,Platform,Sony Computer Entertainment,1.93,1.58,0,0.19,3.71,91,15,8.8,207,Insomniac Games,E
Syphon Filter 2,PS,2000,Shooter,Sony Computer Entertainment,1.5,0.55,0.02,0.08,2.15,60,25,0,90,,
The Bouncer,PS2,2000,Action,Sony Computer Entertainment,0.3,0.23,0.38,0.08,0.99,66,20,8,35,DreamFactory,T
Walt Disney's The Jungle Book: Rhythm N'Groove,PS,2000,Misc,Sony Computer Entertainment,0.05,0.03,0,0.01,0.09,85,99,4,28,,
Airblade,PS2,2001,Sports,Sony Computer Entertainment,0.11,0.09,0,0.03,0.23,70,18,5.8,12,Criterion Games,T
ATV Offroad Fury,PS2,2001,Racing,Sony Computer Entertainment,2.07,0.26,0,0.08,2.41,82,16,8.4,53,Rainbow Studios,E
Cool Boarders 2001,PS2,2001,Sports,Sony Computer Entertainment,0.16,0.13,0,0.04,0.33,78,16,4,14,Idol Minds,E
Disney's Atlantis: The Lost Empire,PS,2001,Platform,Sony Computer Entertainment,0.1,0.07,0,0.01,0.17,73,7,8.5,6,Eurocom Entertainment Software,E
Extermination,PS2,2001,Action,Sony Computer Entertainment,0.21,0.16,0.12,0.05,0.55,67,19,7.8,19,Deep Space,M
Final Fantasy X,PS2,2001,Role-Playing,Sony Computer Entertainment,2.91,2.07,2.73,0.33,8.05,92,53,8.7,1056,SquareSoft,T
Formula One 2001,PS2,2001,Racing,Sony Computer Entertainment,0.13,0.1,0,0.03,0.26,73,18,6,5,Studio Liverpool,E
Frequency,PS2,2001,Misc,Sony Computer Entertainment,0.09,0.07,0,0.02,0.19,83,26,9,29,Harmonix Music Systems,E
Gran Turismo 3: A-Spec,PS2,2001,Racing,Sony Computer Entertainment,6.85,5.09,1.87,1.16,14.98,95,54,8.4,314,Polyphony Digital,E
Hot Shots Golf 3,PS2,2001,Sports,Sony Computer Entertainment,0.99,0.32,1.38,0.2,2.89,85,30,8.9,16,Clap Hanz,E
ICO,PS2,2001,Action,Sony Computer Entertainment,0.23,0.18,0,0.06,0.47,90,59,8.8,328,SCE Japan Studio,T
Jak and Daxter: The Precursor Legacy,PS2,2001,Platform,Sony Computer Entertainment,2.08,1.09,0.15,0.33,3.64,90,35,8.7,312,Naughty Dog,E
Jampack Fall 2001,PS,2001,Misc,Sony Computer Entertainment,0.33,0.22,0,0.04,0.59,22,33,6,32,,
Jampack Summer 2001,PS2,2001,Misc,Sony Computer Entertainment,0.36,0.28,0,0.1,0.74,89,87,6,77,,
Jampack Winter 2001,PS2,2001,Misc,Sony Computer Entertainment,0.35,0.28,0,0.09,0.72,95,89,4,77,,
Kinetica,PS2,2001,Racing,Sony Computer Entertainment,0.16,0.12,0,0.04,0.32,77,21,8.3,21,SCE Santa Monica,T
Klonoa 2: Lunatea's Veil,PS2,2001,Platform,Sony Computer Entertainment,0.12,0.1,0.08,0.03,0.33,91,18,9.1,72,Namco,E
MLB 2002,PS,2001,Sports,Sony Computer Entertainment,0.24,0.16,0,0.03,0.43,76,5,8.1,8,989 Sports,E
"Monsters, Inc. Scream Team",PS,2001,Platform,Sony Computer Entertainment,0.31,0.21,0,0.04,0.56,65,10,6.9,8,Artificial Mind and Movement,E
MotoGP 2: Ultimate Racing Technology,PS2,2001,Racing,Sony Computer Entertainment,0.07,0.06,0,0.02,0.15,26,31,8,96,,
NBA ShootOut 2001,PS2,2001,Sports,Sony Computer Entertainment,0.07,0.06,0,0.02,0.15,54,12,3,38,989 Sports,E
NBA ShootOut 2002,PS,2001,Sports,Sony Computer Entertainment,0.08,0.05,0,0.01,0.14,53,10,10,60,989 Sports,E
NCAA Final Four 2002,PS2,2001,Sports,Sony Computer Entertainment,0.15,0.12,0,0.04,0.31,52,14,6.5,8,989 Sports,E
NFL GameDay 2002,PS2,2001,Sports,Sony Computer Entertainment,0.19,0.15,0,0.05,0.38,51,18,4.6,5,Red Zone Entertainment,E
NFL GameDay 2002,PS,2001,Sports,Sony Computer Entertainment,0.23,0.15,0,0.03,0.4,62,10,8.8,4,989 Sports,E
NHL FaceOff 2001,PS2,2001,Sports,Sony Computer Entertainment,0.1,0.07,0,0.02,0.2,57,11,4,4,989 Sports,E
Okage: Shadow King,PS2,2001,Role-Playing,Sony Computer Entertainment,0.14,0.11,0.08,0.04,0.36,70,23,8.5,14,Zener Works,T
Pac-Man Fever,PS2,2001,Misc,Sony Computer Entertainment,0.25,0.2,0,0.07,0.51,47,14,6.3,7,Mass Media,E
PaRappa The Rapper 2,PS2,2001,Misc,Sony Computer Entertainment,0.07,0.05,0,0.02,0.14,67,26,6.6,26,NanaOn-Sha,E
Rez,PS2,2001,Shooter,Sony Computer Entertainment,0.03,0.02,0,0.01,0.05,78,34,8.3,28,UGA,E
Rimo-Cocoron,PS2,2001,Action,Sony Computer Entertainment,0,0,0.05,0,0.05,29,12,0,38,,
Sky Gunner,PS2,2001,Action,Sony Computer Entertainment,0.04,0.03,0,0.01,0.07,6,4,1,8,,
Syphon Filter 3,PS,2001,Shooter,Sony Computer Entertainment,0.29,0.2,0,0.03,0.52,73,19,8.5,36,Sony Bend,M
Tsugunai: Atonement,PS2,2001,Role-Playing,Sony Computer Entertainment,0.02,0.01,0.02,0,0.06,67,13,6,78,Cattle Call,T
Twisted Metal: Black,PS2,2001,Racing,Sony Computer Entertainment,1.19,0.17,0,0.05,1.41,91,15,8.4,98,Incognito Inc.,M
Vampire Night,PS2,2001,Shooter,Sony Computer Entertainment,0.07,0.05,0,0.02,0.14,65,18,8,5,Wow Entertainment,T
World Tour Soccer 2002,PS2,2001,Sports,Sony Computer Entertainment,0.07,0.05,0,0.02,0.14,77,21,7.5,10,SCEE London Studio,E
WRC: World Rally Championship,PS2,2001,Racing,Sony Computer Entertainment,0.12,0.09,0,0.03,0.25,66,71,8,40,,
Ape Escape 2,PS2,2002,Platform,Sony Computer Entertainment,0.12,0.09,0.38,0.03,0.63,82,31,8.4,32,SCE Japan Studio,E
Boku no Natsuyasumi 2: Umi no Bouken Hen,PS2,2002,Adventure,Sony Computer Entertainment,0,0,0.41,0,0.41,37,68,2,60,,
Dark Cloud 2,PS2,2002,Role-Playing,Sony Computer Entertainment,0.38,0.25,0.26,0.07,0.96,87,41,9.1,174,Level 5,T
Disney's Stitch: Experiment 626,PS2,2002,Action,Sony Computer Entertainment,0.15,0.12,0,0.04,0.31,59,17,7.8,4,High Voltage Software,E
Disney's Treasure Planet,PS2,2002,Action,Sony Computer Entertainment,0.16,0.13,0,0.04,0.33,34,23,2,58,Bizarre Creations,E
Drakan: The Ancients' Gates,PS2,2002,Adventure,Sony Computer Entertainment,0.13,0.1,0,0.03,0.26,78,31,9,39,Surreal Software,M
Dropship: United Peace Force,PS2,2002,Simulation,Sony Computer Entertainment,0.05,0.04,0,0.01,0.1,78,17,8.6,10,SCEE,T
Dual Hearts,PS2,2002,Role-Playing,Sony Computer Entertainment,0.03,0.02,0,0.01,0.05,70,17,1,1,Matrix Software,E
Ecco the Dolphin: Defender of the Future,PS2,2002,Adventure,Sony Computer Entertainment,0.07,0.05,0,0.02,0.14,71,17,8.5,11,Appaloosa Interactive,E
Ferrari F355 Challenge,PS2,2002,Racing,Sony Computer Entertainment,0.03,0.02,0,0.01,0.05,70,14,4.4,5,Sega AM2,E
Gacharoku,PS2,2002,Misc,Sony Computer Entertainment,0,0,0.03,0,0.03,95,44,9,77,,
Jampack Summer 2002,PS2,2002,Misc,Sony Computer Entertainment,0.28,0.22,0,0.07,0.57,84,76,5,36,,
Jampack Winter 2002,PS2,2002,Misc,Sony Computer Entertainment,0.25,0.2,0,0.07,0.52,48,81,9,25,,
Kingdom Hearts,PS2,2002,Role-Playing,Sony Computer Entertainment,3.64,1.2,1.49,0.07,6.4,85,46,8.8,597,SquareSoft,E
"Monsters, Inc.",PS2,2002,Adventure,Sony Computer Entertainment,0.15,0.12,0,0.04,0.32,52,15,7.2,10,Artificial Mind and Movement,E
NBA ShootOut 2003,PS2,2002,Sports,Sony Computer Entertainment,0.11,0.09,0,0.03,0.23,62,22,5.9,8,SCEA,E
NCAA Final Four 2003,PS2,2002,Sports,Sony Computer Entertainment,0.09,0.07,0,0.02,0.19,57,16,6,4,989 Sports,E
NCAA GameBreaker 2003,PS2,2002,Sports,Sony Computer Entertainment,0.11,0.09,0,0.03,0.23,53,19,10,8,989 Sports,E
NHL FaceOff 2003,PS2,2002,Sports,Sony Computer Entertainment,0.11,0.09,0,0.03,0.23,55,20,10,81,989 Sports,E
Peter Pan in Disney's Return to Never Land,PS,2002,Platform,Sony Computer Entertainment,0.01,0.01,0,0,0.02,90,42,2,80,,
PoPoLoCrois: Hajimari no Bouken,PS2,2002,Role-Playing,Sony Computer Entertainment,0,0,0.16,0,0.16,91,99,8,100,,
Ratchet & Clank,PS2,2002,Platform,Sony Computer Entertainment,1.44,1.01,0.57,0.3,3.33,56,81,2,68,,
Shinobi,PS2,2002,Platform,Sony Computer Entertainment,0.36,0.28,0.22,0.09,0.96,71,33,7.9,43,Overworks,M
Sly Cooper and the Thievius Raccoonus,PS2,2002,Platform,Sony Computer Entertainment,1.03,0.14,0,0.04,1.21,86,41,8.6,184,Sucker Punch,E
Smash Court Tennis Pro Tournament,PS2,2002,Sports,Sony Computer Entertainment,0.08,0.07,0,0.02,0.17,73,15,7.4,10,Namco,E
SOCOM: U.S. Navy SEALs,PS2,2002,Shooter,Sony Computer Entertainment,2.53,0.81,0.06,0.24,3.65,82,42,7.9,82,Zipper Interactive,M
The Getaway,PS2,2002,Action,Sony Computer Entertainment,1.23,1.77,0.05,0.49,3.54,72,49,6.8,88,Team Soho,M
The Mark of Kri,PS2,2002,Action,Sony Computer Entertainment,0.22,0.18,0,0.06,0.46,80,37,7.9,29,SCEA,M
WipEout Fusion,PS2,2002,Racing,Sony Computer Entertainment,0.12,0.1,0,0.03,0.25,83,21,8.5,43,Studio Liverpool,E
World Tour Soccer 2003,PS2,2002,Sports,Sony Computer Entertainment,0.07,0.05,0,0.02,0.14,78,21,8.3,7,SCEE London Studio,E
Amplitude,PS2,2003,Misc,Sony Computer Entertainment,0.09,0.07,0,0.02,0.18,86,35,8.8,26,Harmonix Music Systems,T
Arc the Lad: Twilight of the Spirits,PS2,2003,Role-Playing,Sony Computer Entertainment,0.18,0.14,0,0.05,0.36,72,39,8.2,33,Cattle Call,T
Disney's Hercules / Disney's The Jungle Book: Groove Party / A Bug's Life,PS,2003,Misc,Sony Computer Entertainment,0.23,0.15,0,0.03,0.4,13,56,6,28,,
Disney's Tarzan / Disney's Aladdin in Nasira's Revenge / Disney's The Emperor's New Groove Action Game,PS,2003,Misc,Sony Computer Entertainment,0.69,0.47,0,0.08,1.23,12,79,0,65,,
Dog's Life,PS2,2003,Adventure,Sony Computer Entertainment,0.21,0.16,0,0.05,0.42,64,19,3.1,157,Frontier Developments,T
EyeToy Play,PS2,2003,Misc,Sony Computer Entertainment,0.88,2.3,0.2,0.83,4.2,80,32,7.5,22,"SCEE, Zoe Mode",E
EyeToy: Groove,PS2,2003,Misc,Sony Computer Entertainment,0.09,0.07,0,0.02,0.18,73,34,8,5,SCEE,E
Ghosthunter,PS2,2003,Action,Sony Computer Entertainment,0.04,0.03,0,0.01,0.09,69,44,8.7,22,SCE Studio Cambridge,T
Gran Turismo 4 Prologue,PS2,2003,Racing,Sony Computer Entertainment,0,0.47,0.77,0.17,1.41,30,89,3,16,,
Hot Shots Golf Fore!,PS2,2003,Sports,Sony Computer Entertainment,0.46,0.36,0,0.12,0.94,96,31,6,21,,
I-Ninja,PS2,2003,Platform,Sony Computer Entertainment,0.19,0.15,0,0.05,0.4,73,39,8.3,22,Argonaut Games,T
Jak II,PS2,2003,Platform,Sony Computer Entertainment,1.68,0.74,0,0.36,2.78,87,47,8.2,241,Naughty Dog,T
Jampack Spring 2004 (RP-T),PS2,2003,Misc,Sony Computer Entertainment,0.2,0.16,0,0.05,0.41,93,73,5,41,,
Jampack Winter 2003 (RP-M),PS2,2003,Misc,Sony Computer Entertainment,0.22,0.18,0,0.06,0.46,65,54,2,18,,
Jampack Winter 2003 (RP-T),PS2,2003,Misc,Sony Computer Entertainment,0.19,0.15,0,0.05,0.39,46,41,1,59,,
Jampack: Summer 2003 (RP-M),PS2,2003,Misc,Sony Computer Entertainment,0.15,0.12,0,0.04,0.31,14,88,5,99,,
Jampack: Summer 2003 (RP-T),PS2,2003,Misc,Sony Computer Entertainment,0.09,0.07,0,0.02,0.19,16,93,1,78,,
Kill.Switch,PS2,2003,Shooter,Sony Computer Entertainment,0.34,0.27,0,0.09,0.7,73,33,8.3,19,Namco,T
Lifeline,PS2,2003,Adventure,Sony Computer Entertainment,0.03,0.03,0,0.01,0.07,61,31,7.7,9,SCEJ,M
MLB 2004,PS2,2003,Sports,Sony Computer Entertainment,0.32,0.25,0,0.08,0.66,61,21,7.9,9,989 Sports,E
My Street,PS2,2003,Misc,Sony Computer Entertainment,0.12,0.09,0,0.03,0.24,46,21,3.9,14,Idol Minds,E
NBA ShootOut 2004,PS2,2003,Sports,Sony Computer Entertainment,0.13,0.1,0,0.03,0.26,58,19,7.8,8,989 Sports,E
NCAA Final Four 2004,PS2,2003,Sports,Sony Computer Entertainment,0.1,0.08,0,0.03,0.2,45,16,1,63,989 Sports,E
NCAA GameBreaker 2004,PS2,2003,Sports,Sony Computer Entertainment,0.11,0.09,0,0.03,0.23,61,15,2,1,989 Sports,E
NFL GameDay 2004,PS2,2003,Sports,Sony Computer Entertainment,0.2,0.16,0,0.05,0.41,65,25,8.7,6,989 Sports,E
Primal,PS2,2003,Action,Sony Computer Entertainment,0.21,0.17,0,0.06,0.43,73,36,8.6,53,SCEE,M
Ratchet & Clank: Going Commando,PS2,2003,Platform,Sony Computer Entertainment,1.44,0.83,0.26,0.25,2.78,70,0,10,73,,
Ratchet & Clank: Going Commando (JP weekly sales),PS2,2003,Action,Sony Computer Entertainment,0,0,0.24,0,0.24,39,29,4,35,,
Siren,PS2,2003,Adventure,Sony Computer Entertainment,0.09,0.07,0,0.02,0.18,72,48,7.8,41,SCE Japan Studio,M
SOCOM II: U.S. Navy SEALs,PS2,2003,Shooter,Sony Computer Entertainment,2.22,0.51,0.06,0.15,2.94,87,42,9,93,Zipper Interactive,M
War of the Monsters,PS2,2003,Fighting,Sony Computer Entertainment,0.26,0.2,0,0.07,0.54,80,41,8.9,68,Incognito Inc.,T
Wild ARMs: Alter Code F,PS2,2003,Role-Playing,Sony Computer Entertainment,0.05,0.04,0,0.01,0.09,73,25,8.3,26,Media Vision,T
Ape Escape Academy,PSP,2004,Misc,Sony Computer Entertainment,0.13,0.15,0,0.05,0.33,51,48,5.8,4,Shift,E10+
Ape Escape Academy (jp sales),PSP,2004,Misc,Sony Computer Entertainment,0,0,0.13,0,0.14,75,72,10,73,,
Ape Escape: Pumped & Primed,PS2,2004,Misc,Sony Computer Entertainment,0.04,0.03,0,0.01,0.08,84,65,3,7,,
Arc the Lad: End of Darkness,PS2,2004,Role-Playing,Sony Computer Entertainment,0.03,0.02,0,0.01,0.06,59,24,4.2,10,Cattle Call,T
Athens 2004,PS2,2004,Sports,Sony Computer Entertainment,0.13,0.1,0,0.03,0.27,61,57,7.2,13,Eurocom Entertainment Software,E
Destruction Derby Arenas,PS2,2004,Racing,Sony Computer Entertainment,0.06,0.05,0,0.02,0.13,57,27,7.8,14,Studio 33,T
Doko Demo Issho,PSP,2004,Misc,Sony Computer Entertainment,0,0,0.1,0,0.1,6,79,4,82,,
EyeToy Play 2,PS2,2004,Misc,Sony Computer Entertainment,0.18,0.14,0,0.05,0.38,78,30,7,9,SCEE,E10+
EyeToy: AntiGrav,PS2,2004,Sports,Sony Computer Entertainment,0.36,0.01,0,0.06,0.43,71,38,7.8,5,Harmonix Music Systems,E
Finny the Fish & the Seven Waters,PS2,2004,Sports,Sony Computer Entertainment,0.02,0.02,0,0.01,0.05,67,5,1,95,,
Gran Turismo 4,PS2,2004,Racing,Sony Computer Entertainment,3.01,0.01,1.1,7.53,11.66,89,74,8.5,272,Polyphony Digital,E
Gretzky NHL 2005,PS2,2004,Sports,Sony Computer Entertainment,0.08,0.07,0,0.02,0.17,66,24,9.1,14,Page 44 Studios,E
Hot Shots Golf: Open Tee,PSP,2004,Sports,Sony Computer Entertainment,0.5,0.5,0.63,0.33,1.96,81,57,8.7,34,Clap Hanz,E10+
Jak 3,PS2,2004,Platform,Sony Computer Entertainment,1.33,0.49,0,0.03,1.85,84,55,8.6,246,Naughty Dog,T
Jampack Volume 11,PS2,2004,Misc,Sony Computer Entertainment,0.26,0.2,0,0.07,0.53,99,91,8,91,,
Jet Li: Rise to Honor,PS2,2004,Action,Sony Computer Entertainment,0.62,0.48,0,0.16,1.27,93,79,7,54,,
Killzone,PS2,2004,Shooter,Sony Computer Entertainment,0.79,0.03,0,0.13,0.94,70,67,7.4,254,Guerrilla,M
MLB 2005,PS2,2004,Sports,Sony Computer Entertainment,0.44,0.35,0,0.12,0.9,78,36,7.6,9,989 Sports,E
Ratchet & Clank: Up Your Arsenal,PS2,2004,Platform,Sony Computer Entertainment,1.31,0.74,0.31,0.22,2.57,21,74,4,78,,
Ratchet & Clank: Up Your Arsenal (Weekly american sales),PS2,2004,Platform,Sony Computer Entertainment,1.27,0.05,0,0.02,1.33,54,74,9,97,,
Ridge Racer,PSP,2004,Racing,Sony Computer Entertainment,0.36,0.44,0.32,0.27,1.4,88,58,8.2,65,Namco,E
SingStar,PS2,2004,Misc,Sony Computer Entertainment,0,1.37,0,0.49,1.86,56,1,0,0,,
SingStar Party,PS2,2004,Misc,Sony Computer Entertainment,0,1.04,0,0.31,1.35,98,44,7,98,,
Sly 2: Band of Thieves,PS2,2004,Platform,Sony Computer Entertainment,0.88,0.69,0,0.23,1.81,88,64,9,178,Sucker Punch,E
Smash Court Tennis Pro Tournament 2,PS2,2004,Sports,Sony Computer Entertainment,0.06,0.05,0,0.02,0.13,74,41,9.1,12,Namco,E
Syphon Filter: The Omega Strain,PS2,2004,Shooter,Sony Computer Entertainment,0.37,0.29,0,0.1,0.76,65,47,6.9,30,Sony Bend,M
The Getaway: Black Monday,PS2,2004,Action,Sony Computer Entertainment,0.39,1.01,0.02,0.36,1.78,57,53,7.6,47,SCEE London Studio,M
World Tour Soccer 2005,PS2,2004,Sports,Sony Computer Entertainment,0.08,0.06,0,0.02,0.16,68,28,9,6,SCEE London Studio,E
World Tour Soccer 2006,PS2,2004,Sports,Sony Computer Entertainment,0.08,0.06,0,0.02,0.17,56,20,6,7,SCEE London Studio,E
Xenosaga Episode II: Jenseits von Gut und BÃ¶se,PS2,2004,Role-Playing,Sony Computer Entertainment,0.28,0.22,0,0.07,0.58,14,18,7,55,,
Ape Escape 3,PS2,2005,Platform,Sony Computer Entertainment,0.06,0.05,0,0.02,0.13,77,51,8.5,22,SCE Japan Studio,E10+
Ape Escape: On the Loose,PSP,2005,Platform,Sony Computer Entertainment,0.52,0,0.12,0.05,0.7,66,35,6.4,16,"SCEA, Sims",E
Bleach: Erabareshi Tamashii,PS2,2005,Adventure,Sony Computer Entertainment,0,0,0.08,0,0.08,22,21,9,43,,
Bleach: Heat the Soul,PSP,2005,Fighting,Sony Computer Entertainment,0,0,0.09,0,0.09,15,87,9,51,,
Buzz! The Music Quiz,PS2,2005,Misc,Sony Computer Entertainment,0,1.18,0,0.43,1.61,68,61,2,55,,
Death By Degrees,PS2,2005,Action,Sony Computer Entertainment,0.05,0.04,0,0.01,0.1,51,45,6.2,24,Namco,M
ESA Foundation Compilation,PS2,2005,Misc,Sony Computer Entertainment,0.1,0.07,0,0.02,0.19,86,42,10,77,,
EyeToy: Kinetic,PS2,2005,Sports,Sony Computer Entertainment,0.09,0.07,0,0.02,0.17,78,32,8.3,11,SCEE London Studio,E
EyeToy: Operation Spy,PS2,2005,Action,Sony Computer Entertainment,0.05,0.04,0,0.01,0.1,53,23,10,61,SCEE London Studio,E
Genji: Dawn of the Samurai,PS2,2005,Action,Sony Computer Entertainment,0.11,0.09,0,0.03,0.23,74,49,8.3,19,Game Republic,M
Go! Sudoku,PSP,2005,Puzzle,Sony Computer Entertainment,0.11,0,0,0.01,0.12,93,85,2,49,,
Go! Sudoku (JP sales),PSP,2005,Puzzle,Sony Computer Entertainment,0,0,0.11,0,0.11,36,37,7,92,,
God of War,PS2,2005,Action,Sony Computer Entertainment,2.71,1.29,0.02,0.43,4.45,94,75,8.9,997,SCE Santa Monica,M
Gretzky NHL,PSP,2005,Sports,Sony Computer Entertainment,0.1,0,0,0.01,0.1,61,23,7.4,10,Page 44 Studios,E
Gretzky NHL 06,PSP,2005,Sports,Sony Computer Entertainment,0.13,0,0,0.01,0.14,65,22,6.8,4,Page 44 Studios,E10+
Gretzky NHL 06,PS2,2005,Sports,Sony Computer Entertainment,0.07,0.05,0,0.02,0.14,62,24,2,10,Page 44 Studios,E10+
Jak X: Combat Racing,PS2,2005,Racing,Sony Computer Entertainment,0.45,0.02,0,0.07,0.55,76,46,7.7,63,Naughty Dog,T
Jampack Volume 12,PS2,2005,Misc,Sony Computer Entertainment,0.15,0.12,0,0.04,0.31,28,35,0,39,,
Jampack Volume 13 (RP-M),PS2,2005,Misc,Sony Computer Entertainment,0.37,0.01,0,0.06,0.44,58,76,8,43,,
Jampack Volume 13 (RP-T),PS2,2005,Misc,Sony Computer Entertainment,0.31,0.24,0,0.08,0.64,12,11,0,31,,
Kingdom of Paradise,PSP,2005,Role-Playing,Sony Computer Entertainment,0.14,0,0,0.01,0.15,72,38,7.5,19,Climax Entertainment,T
MediEvil: Resurrection,PSP,2005,Adventure,Sony Computer Entertainment,0.19,0.41,0,0.22,0.81,66,43,8.7,52,SCEE,T
MLB,PSP,2005,Sports,Sony Computer Entertainment,0.23,0,0,0.02,0.24,80,26,7.9,18,989 Sports,E
MLB 2006,PS2,2005,Sports,Sony Computer Entertainment,0.33,0.01,0,0.05,0.4,81,32,9,21,989 Sports,E
MotoGP 4 - Official Game of MotoGP,PS2,2005,Racing,Sony Computer Entertainment,0.03,0.02,0,0.01,0.06,19,34,9,46,,
Namco Museum Battle Collection,PSP,2005,Misc,Sony Computer Entertainment,0.75,0.18,0,0.16,1.08,73,28,7.2,9,TOSE,E10+
Namco Museum Battle Collection (JP sales),PSP,2005,Misc,Sony Computer Entertainment,0,0,0.02,0,0.02,3,71,5,3,,
NBA,PSP,2005,Sports,Sony Computer Entertainment,0.2,0,0,0.02,0.21,57,25,6.9,14,989 Sports,E
NBA 06,PSP,2005,Sports,Sony Computer Entertainment,0.2,0,0,0.02,0.22,72,19,5.4,8,SCEA Sports Studio,E
NBA 06,PS2,2005,Sports,Sony Computer Entertainment,0.26,0.2,0,0.07,0.53,63,26,6.3,27,SCEA Sports Studio,E
Neopets: The Darkest Faerie,PS2,2005,Adventure,Sony Computer Entertainment,0.15,0.12,0,0.04,0.3,61,18,8.5,30,Idol Minds,E10+
Pursuit Force,PSP,2005,Racing,Sony Computer Entertainment,0.14,0.01,0,0.01,0.16,75,59,7.8,26,Bigbig Studios,T
Ratchet: Deadlocked,PS2,2005,Shooter,Sony Computer Entertainment,0.85,0.03,0.22,0.14,1.24,81,51,8.9,155,Insomniac Games,T
Rise of the Kasai,PS2,2005,Action,Sony Computer Entertainment,0.09,0.07,0,0.02,0.19,68,37,8,5,BottleRocket Entertainment,M
Rogue Galaxy,PS2,2005,Role-Playing,Sony Computer Entertainment,0.24,0.16,0.39,0.05,0.84,83,59,8.4,89,Level 5,T
Shadow of the Colossus,PS2,2005,Action,Sony Computer Entertainment,0.78,0.03,0.2,0.13,1.14,91,77,9.1,933,SCE Japan Studio,T
SingStar '80s,PS2,2005,Misc,Sony Computer Entertainment,0.27,0.02,0,1.02,1.3,78,22,8.3,6,SCEA,T
Sly 3: Honor Among Thieves,PS2,2005,Platform,Sony Computer Entertainment,0.69,0.03,0,0.11,0.83,83,59,8.8,130,Sucker Punch,E10+
SOCOM 3: U.S. Navy SEALs,PS2,2005,Shooter,Sony Computer Entertainment,1.22,0.34,0.04,0.1,1.69,82,59,8.8,64,Zipper Interactive,M
SOCOM: U.S. Navy SEALs Fireteam Bravo,PSP,2005,Shooter,Sony Computer Entertainment,1.03,0,0.01,0.08,1.12,82,44,8.6,63,Zipper Interactive,M
Stuart Little 3: Big Photo Adventure,PS2,2005,Platform,Sony Computer Entertainment,0.04,0.03,0,0.01,0.08,71,5,7.7,7,Magenta Software,E
TalkMan (Japan),PSP,2005,Misc,Sony Computer Entertainment,0,0,0.18,0,0.18,51,95,3,59,,
The Con,PSP,2005,Fighting,Sony Computer Entertainment,0.18,0,0,0.02,0.2,63,37,7.3,16,"SCEA, Think and Feel",T
Twisted Metal: Head On,PSP,2005,Action,Sony Computer Entertainment,0.71,0,0,0.06,0.77,79,45,8.2,38,Incognito Inc.,T
WipEout Pure,PSP,2005,Racing,Sony Computer Entertainment,0.47,0.34,0,0.23,1.03,88,56,7.9,102,Studio Liverpool,E
World Tour Soccer,PSP,2005,Sports,Sony Computer Entertainment,0.1,0.63,0,0.34,1.07,70,31,5.6,5,SCEE,E
WRC: FIA World Rally Championship,PSP,2005,Racing,Sony Computer Entertainment,0.02,0.01,0,0,0.03,67,18,7.8,19,Traveller's Tales,E
WTF: Work Time Fun,PSP,2005,Puzzle,Sony Computer Entertainment,0.04,0,0,0,0.04,34,24,7,95,,
24: The Game,PS2,2006,Adventure,Sony Computer Entertainment,0.15,0.12,0,0.04,0.3,62,53,8.2,40,SCE Studio Cambridge,M
ATV Offroad Fury Pro,PSP,2006,Racing,Sony Computer Entertainment,0.37,0.03,0,0.04,0.45,76,32,1,24,"Climax Group, Climax Studios",E
B-Boy,PSP,2006,Misc,Sony Computer Entertainment,0.04,0,0,0,0.05,50,11,7.8,6,FreeStyleGames,T
Bleach: Blade Battlers,PS2,2006,Fighting,Sony Computer Entertainment,0,0,0.05,0,0.05,34,5,2,76,,
Bleach: Hanatareshi Yabou,PS2,2006,Role-Playing,Sony Computer Entertainment,0,0,0.07,0,0.07,9,7,1,34,,
Bleach: Heat the Soul 3,PSP,2006,Fighting,Sony Computer Entertainment,0,0,0.07,0,0.07,81,4,2,56,,
Boku no Natsuyasumi Portable: Mushi Mushi Hakase to Teppen-yama no Himitsu!!,PSP,2006,Adventure,Sony Computer Entertainment,0,0,0.1,0,0.1,33,40,1,29,,
Brave Story: New Traveler (US sales),PSP,2006,Role-Playing,Sony Computer Entertainment,0.11,0,0,0,0.11,26,97,4,37,,
Brave Story: New Traveller (jp sales),PSP,2006,Role-Playing,Sony Computer Entertainment,0,0,0.05,0,0.05,68,14,5,25,,
Buzz! Junior: Jungle Party,PS2,2006,Misc,Sony Computer Entertainment,0.2,0.16,0,0.05,0.41,10,17,9,48,,
Buzz! The BIG Quiz,PS2,2006,Misc,Sony Computer Entertainment,0,1.1,0,0.39,1.49,46,10,5,53,,
Daxter,PSP,2006,Platform,Sony Computer Entertainment,2.45,1.01,0,0.75,4.21,85,59,8.7,109,Ready at Dawn,E10+
Derby Time 2006,PSP,2006,Sports,Sony Computer Entertainment,0,0,0.03,0,0.03,24,70,6,34,,
Doko Demo Issho: Let's Gakkou!,PSP,2006,Misc,Sony Computer Entertainment,0,0,0.04,0,0.04,79,19,6,58,,
Forbidden Siren 2,PS2,2006,Action,Sony Computer Entertainment,0,0,0.08,0,0.08,73,3,10,60,,
Formula 1 06,PS2,2006,Racing,Sony Computer Entertainment,0,0,0.04,0,0.04,55,45,9,96,,
Formula 1: Championship Edition,PS3,2006,Racing,Sony Computer Entertainment,0,0.57,0.04,0,0.61,26,48,2,65,,
Gangs of London,PSP,2006,Adventure,Sony Computer Entertainment,0.3,0.43,0,0.22,0.95,52,47,6.7,18,SCEE London Studio,M
Genji: Days of the Blade,PS3,2006,Action,Sony Computer Entertainment,0.18,0.37,0.06,0.14,0.75,55,46,5.8,30,Game Republic,T
GunParade Orchestra: Ao no Shou,PS2,2006,Adventure,Sony Computer Entertainment,0,0,0.01,0,0.01,13,71,2,0,,
GunParade Orchestra: Midori no Shou,PS2,2006,Adventure,Sony Computer Entertainment,0,0,0.02,0,0.02,45,69,7,63,,
GunParade Orchestra: Shiro no Shou,PS2,2006,Adventure,Sony Computer Entertainment,0,0,0.07,0,0.07,2,75,9,50,,
Hot Shots Tennis,PS2,2006,Sports,Sony Computer Entertainment,0.17,0.13,0.55,0.05,0.9,70,44,8.1,8,Clap Hanz,E
Jampack Volume 14 (RP-T),PS2,2006,Misc,Sony Computer Entertainment,0.05,0.04,0,0.01,0.11,27,72,4,63,,
Jeanne d'Arc,PSP,2006,Role-Playing,Sony Computer Entertainment,0.21,0,0.1,0.02,0.33,87,45,8.2,74,Level 5,T
Killzone: Liberation,PSP,2006,Shooter,Sony Computer Entertainment,0.44,0.27,0,0.18,0.89,77,56,8.3,80,Guerrilla,T
Lemmings,PSP,2006,Puzzle,Sony Computer Entertainment,0.12,0.51,0,0.23,0.86,76,46,7.9,14,Team 17,E
LocoRoco,PSP,2006,Platform,Sony Computer Entertainment,0.14,0.04,0.16,0.03,0.38,83,67,8.7,89,SCE Japan Studio,E
MLB 06: The Show,PSP,2006,Sports,Sony Computer Entertainment,0.32,0,0,0.03,0.35,83,30,8.5,32,SCEA San Diego Studios,E
MLB 06: The Show,PS2,2006,Sports,Sony Computer Entertainment,0.78,0.03,0,0.13,0.94,83,30,8.9,31,SCEA San Diego Studios,E
Monster Kingdom: Jewel Summoner,PSP,2006,Role-Playing,Sony Computer Entertainment,0,0,0.04,0,0.04,66,25,6.8,6,Gaia (Sony),T
MotoGP,PSP,2006,Racing,Sony Computer Entertainment,0.03,0,0,0,0.03,69,18,7.1,7,Namco Bandai Games,E
MotorStorm,PS3,2006,Racing,Sony Computer Entertainment,1.53,1.6,0.06,0.67,3.87,84,9,7.4,220,Evolution Studios,T
NBA 07,PSP,2006,Sports,Sony Computer Entertainment,0.18,0,0,0.02,0.2,68,24,7,5,SCEA,E
NBA 07,PS3,2006,Sports,Sony Computer Entertainment,0.24,0,0.01,0.02,0.27,63,24,6.3,10,SCEA,E
NBA 07,PS2,2006,Sports,Sony Computer Entertainment,0.01,0.01,0,0,0.02,63,24,6.8,5,SCEA,E
Neopets Petpet Adventures: The Wand of Wishing,PSP,2006,Adventure,Sony Computer Entertainment,0.11,0,0,0.01,0.12,66,21,7.7,6,SCEA,E
Pac-Man: Adventures in Time,PSP,2006,Fighting,Sony Computer Entertainment,0.76,1.09,0.12,0.64,2.62,44,49,8,68,,
PaRappa The Rapper,PSP,2006,Misc,Sony Computer Entertainment,0.11,0,0.02,0.02,0.14,67,43,5.2,16,Epics,E
Resistance: Fall of Man,PS3,2006,Shooter,Sony Computer Entertainment,1.74,1.72,0.14,0.75,4.34,86,70,8.1,715,Insomniac Games,M
Ridge Racer 2,PSP,2006,Racing,Sony Computer Entertainment,0,0.02,0.07,0.01,0.1,68,41,1,51,Bandai Namco Games,
SingStar Anthems,PS2,2006,Misc,Sony Computer Entertainment,0,0.68,0,0.2,0.89,2,88,1,90,,
SingStar Legends,PS2,2006,Misc,Sony Computer Entertainment,0.12,0.75,0,0.23,1.1,76,25,6,30,SCEE London Studio,T
SingStar Rocks!,PS2,2006,Misc,Sony Computer Entertainment,0,0.84,0,0.25,1.1,13,5,5,86,,
SOCOM: U.S. Navy SEALs Fireteam Bravo 2,PSP,2006,Shooter,Sony Computer Entertainment,0.81,0.11,0,0.13,1.05,81,31,9,36,Zipper Interactive,T
SOCOM: U.S. Navy SEALs: Combined Assault,PS2,2006,Shooter,Sony Computer Entertainment,1.74,0.02,0,0.28,2.04,72,38,9,34,Zipper Interactive,T
Syphon Filter: Dark Mirror,PSP,2006,Shooter,Sony Computer Entertainment,0.26,0.01,0,0.03,0.29,87,58,9,118,Sony Bend,M
TalkMan,PSP,2006,Misc,Sony Computer Entertainment,0,0,0.02,0,0.02,63,26,0,94,,
Tourist Trophy: The Real Riding Simulator,PS2,2006,Racing,Sony Computer Entertainment,0.28,0.22,0.11,0.07,0.68,62,90,8,94,,
World Tour Soccer 06,PSP,2006,Sports,Sony Computer Entertainment,0.07,0,0,0.01,0.07,72,44,2,60,SCEE London Studio,E
XI Coliseum,PSP,2006,Puzzle,Sony Computer Entertainment,0,0,0.01,0,0.01,37,70,2,65,,
Bleach: Blade Battlers 2nd,PS2,2007,Fighting,Sony Computer Entertainment,0,0,0.06,0,0.06,63,5,3,69,,
Bleach: Heat the Soul 4,PSP,2007,Fighting,Sony Computer Entertainment,0,0,0.08,0,0.08,18,10,4,58,,
Boku no Natsuyasumi 3: Hokkoku Hen: Chiisana Boku no Dai Sougenâ€‹,PS3,2007,Adventure,Sony Computer Entertainment,0,0,0.08,0,0.08,59,54,10,76,,
Buzz! Junior: RoboJam,PS2,2007,Misc,Sony Computer Entertainment,0.11,0.09,0,0.03,0.23,3,20,3,76,,
Buzz! The Hollywood Quiz,PS2,2007,Misc,Sony Computer Entertainment,0.17,0,0,0.61,0.78,43,10,5,33,,
Buzz! The Mega Quiz,PS2,2007,Misc,Sony Computer Entertainment,0.32,0.06,0,0.5,0.88,39,57,7,43,,
EyeCreate,PS3,2007,Misc,Sony Computer Entertainment,0,0.07,0,0.01,0.08,44,28,1,11,,
Folklore,PS3,2007,Role-Playing,Sony Computer Entertainment,0.2,0.04,0.05,0.03,0.32,75,55,8.2,145,"Game Republic, JapanStudio",T
God of War II,PS2,2007,Action,Sony Computer Entertainment,2.32,0.04,0.04,1.67,4.07,93,70,8.9,709,SCE Santa Monica,M
Gran Turismo 5 Prologue,PS3,2007,Racing,Sony Computer Entertainment,1.28,1.82,0.57,0.52,4.19,80,67,7.1,120,Polyphony Digital,E
Heavenly Sword,PS3,2007,Action,Sony Computer Entertainment,0.57,0.72,0.06,0.29,1.65,79,64,8.3,544,Ninja Theory,T
Hot Shots Golf: Open Tee 2,PSP,2007,Sports,Sony Computer Entertainment,0.21,0.11,0.28,0.08,0.68,82,42,8.6,12,Clap Hanz,E
Hot Shots Golf: Out of Bounds,PS3,2007,Sports,Sony Computer Entertainment,0.31,0.03,0.76,0.04,1.14,81,66,8.8,32,Clap Hanz,E
Lair,PS3,2007,Action,Sony Computer Entertainment,0.36,0.03,0.08,0.04,0.51,53,55,6.4,229,"Factor 5, SCE/WWS",T
Minna no Golf Jou Vol.1,PSP,2007,Sports,Sony Computer Entertainment,0,0,0.03,0,0.03,48,83,4,23,,
MLB 07: The Show,PSP,2007,Sports,Sony Computer Entertainment,0.26,0,0,0.02,0.28,82,12,7.2,10,SCEA San Diego Studios,E
MLB 07: The Show,PS3,2007,Sports,Sony Computer Entertainment,0.29,0,0,0.02,0.31,77,30,7.5,17,SCEA San Diego Studios,E
MLB 07: The Show,PS2,2007,Sports,Sony Computer Entertainment,0.77,0.03,0,0.13,0.93,83,25,8.6,19,SCEA,E
NBA 08,PSP,2007,Sports,Sony Computer Entertainment,0.03,0,0,0,0.03,75,18,7.5,8,SCEA,E
NBA 08,PS3,2007,Sports,Sony Computer Entertainment,0.12,0,0,0.01,0.13,63,37,6,4,SCEA San Diego Studios,E
NBA 08,PS2,2007,Sports,Sony Computer Entertainment,0.06,0.05,0,0.02,0.13,59,16,8,88,SCEA San Diego Studios,E
Patapon,PSP,2007,Misc,Sony Computer Entertainment,0.33,0.25,0.07,0.16,0.81,86,60,8.7,102,SCE Japan Studio,E
Pursuit Force: Extreme Justice,PSP,2007,Action,Sony Computer Entertainment,0.07,0.06,0,0.03,0.17,73,44,7.6,11,Bigbig Studios,T
Ratchet & Clank Future: Tools of Destruction,PS3,2007,Platform,Sony Computer Entertainment,0.93,1.1,0.08,0.45,2.56,93,32,7,92,,
Ratchet & Clank: Size Matters,PSP,2007,Platform,Sony Computer Entertainment,1.4,1.39,0.1,0.86,3.74,12,37,7,48,,
Rogue Galaxy: Director's Cut,PS2,2007,Role-Playing,Sony Computer Entertainment,0.2,0.16,0,0.05,0.41,59,83,3,73,,
Saru! Get You! SaruSaru Daisakusen,PSP,2007,Platform,Sony Computer Entertainment,0,0,0.03,0,0.03,71,93,4,100,,
SingStar,PS3,2007,Misc,Sony Computer Entertainment,0.45,0.56,0,0.12,1.13,82,48,5.9,15,SCEE London Studio,T
SingStar '90s,PS2,2007,Misc,Sony Computer Entertainment,0.1,0.59,0,0.18,0.87,73,29,6,81,SCEE,T
SingStar Amped,PS2,2007,Misc,Sony Computer Entertainment,0.23,0.18,0,0.06,0.46,76,20,1,46,SCEE London Studio,T
SingStar Latino,PS2,2007,Misc,Sony Computer Entertainment,0.07,0.05,0,0.02,0.13,20,3,5,81,SCEE London Studio,T
SingStar Pop,PS2,2007,Misc,Sony Computer Entertainment,0.04,1.08,0,0.32,1.44,73,13,7.5,8,SCEE London Studio,E10+
SingStar Pop Hits,PS2,2007,Misc,Sony Computer Entertainment,0,0.5,0,0.15,0.65,34,99,8,36,,
SingStar R&B,PS2,2007,Misc,Sony Computer Entertainment,0,0.05,0,0.6,0.65,13,5,10,37,,
SOCOM: Tactical Strike,PSP,2007,Shooter,Sony Computer Entertainment,0.32,0.01,0,0.03,0.35,34,37,4,97,,
Syphon Filter: Dark Mirror,PS2,2007,Shooter,Sony Computer Entertainment,0.14,0.11,0,0.04,0.28,70,24,7.8,12,Sony Bend,T
Syphon Filter: Logan's Shadow,PSP,2007,Shooter,Sony Computer Entertainment,0.25,0.12,0,0.09,0.46,85,41,8.8,47,Sony Bend,T
The Eye of Judgment,PS3,2007,Misc,Sony Computer Entertainment,0.28,0,0.02,0.03,0.33,75,43,8.2,51,SCEJ,T
Uncharted: Drake's Fortune,PS3,2007,Action,Sony Computer Entertainment,2.31,1.72,0.12,0.77,4.92,88,66,8.1,2306,"Naughty Dog, SCE/WWS",T
Warhawk,PS3,2007,Simulation,Sony Computer Entertainment,0.49,0.39,0,0.17,1.06,84,50,8.4,183,Incognito Inc.,T
WipEout Pulse,PSP,2007,Racing,Sony Computer Entertainment,0.13,0.12,0,0.06,0.31,82,40,8.6,31,Studio Liverpool,E10+
Aquanaut's Holiday: Kakusareta Kiroku,PS3,2008,Adventure,Sony Computer Entertainment,0,0,0.04,0,0.04,9,69,10,29,,
Bleach: Heat the Soul 5,PSP,2008,Fighting,Sony Computer Entertainment,0,0,0.08,0,0.08,38,6,5,61,,
Bleach: Soul Carnival,PSP,2008,Fighting,Sony Computer Entertainment,0,0,0.05,0,0.05,23,20,3,23,,
Buzz! Master Quiz,PSP,2008,Misc,Sony Computer Entertainment,0.2,0.44,0,0.23,0.87,48,42,1,84,,
Buzz! Quiz TV,PS3,2008,Misc,Sony Computer Entertainment,0.28,0.47,0,0.13,0.89,7,25,0,19,,
Buzz! The Schools Quiz,PS2,2008,Misc,Sony Computer Entertainment,0,0.02,0,0.19,0.2,92,82,7,63,,
Coded Soul: Uke Keigareshi Idea,PSP,2008,Role-Playing,Sony Computer Entertainment,0,0,0.02,0,0.02,95,45,5,37,,
echochrome,PSP,2008,Puzzle,Sony Computer Entertainment,0,0.01,0.08,0,0.09,79,28,7.7,13,"SCE/WWS, SCE Japan Studio",E
God of War: Chains of Olympus,PSP,2008,Action,Sony Computer Entertainment,1.48,1,0.04,0.66,3.18,91,79,8.6,565,Ready at Dawn,M
LittleBigPlanet,PS3,2008,Platform,Sony Computer Entertainment,2.8,1.98,0.17,0.87,5.82,95,85,6.8,5311,"SCE/WWS, Media Molecule",E
LocoRoco 2,PSP,2008,Platform,Sony Computer Entertainment,0.21,0.09,0.01,0.04,0.35,85,55,8.4,44,SCE Japan Studio,E
MLB 08: The Show,PSP,2008,Sports,Sony Computer Entertainment,0.3,0,0,0.02,0.33,83,14,8.4,12,SCEA San Diego Studios,E
MLB 08: The Show,PS3,2008,Sports,Sony Computer Entertainment,0.64,0,0,0.05,0.7,85,33,8.7,76,SCEA San Diego Studios,E
MLB 08: The Show,PS2,2008,Sports,Sony Computer Entertainment,0.35,0.01,0,0.06,0.42,84,12,7.3,7,SCEA San Diego Studios,E
MotorStorm: Pacific Rift,PS3,2008,Racing,Sony Computer Entertainment,0.43,0.65,0.02,0.25,1.35,82,63,8,318,Evolution Studios,T
NBA 09: The Inside,PSP,2008,Sports,Sony Computer Entertainment,0.16,0,0,0.01,0.17,79,9,7.4,7,SCEA San Diego Studios,E
NBA 09: The Inside,PS3,2008,Sports,Sony Computer Entertainment,0.14,0,0,0.01,0.15,63,17,5.1,7,SCEA San Diego Studios,E
NBA 09: The Inside,PS2,2008,Sports,Sony Computer Entertainment,0.08,0.06,0,0.02,0.17,61,62,10,50,SCEA San Diego Studios,E
Nippon no Asoko de,PSP,2008,Misc,Sony Computer Entertainment,0,0,0.03,0,0.03,74,11,8,53,,
Patapon 2,PSP,2008,Misc,Sony Computer Entertainment,0,0.03,0.06,0.01,0.1,81,49,8.3,62,SCE Japan Studio,E
Ratchet & Clank Future: Quest for Booty,PS3,2008,Platform,Sony Computer Entertainment,0.01,0.06,0,0.02,0.09,46,89,9,34,,
Ratchet & Clank: Quest for Booty,PS3,2008,Platform,Sony Computer Entertainment,0,0.52,0,0.04,0.55,63,73,4,80,,
Ratchet & Clank: Size Matters,PS2,2008,Platform,Sony Computer Entertainment,0.13,0.1,0.03,0.03,0.29,90,88,3,10,,
Resistance 2,PS3,2008,Shooter,Sony Computer Entertainment,1.15,0.84,0.1,0.38,2.46,87,79,6.1,1889,Insomniac Games,M
Secret Agent Clank,PSP,2008,Platform,Sony Computer Entertainment,0.04,0.03,0.04,0.02,0.13,72,56,7.8,35,High Impact Games,E10+
Secret Agent Clank(US sales),PSP,2008,Platform,Sony Computer Entertainment,0.33,0.22,0,0,0.55,27,86,4,3,,
SingStar Abba,PS3,2008,Misc,Sony Computer Entertainment,0.27,0.5,0,0.16,0.93,70,26,5.5,4,SCEE London Studio,T
SingStar Abba,PS2,2008,Misc,Sony Computer Entertainment,0.23,0.04,0,1.09,1.36,64,11,9,93,SCEE London Studio,T
SingStar Country,PS2,2008,Misc,Sony Computer Entertainment,0.14,0.11,0,0.04,0.28,75,13,1,3,SCEE London Studio,T
SingStar Pop Vol.2,PS2,2008,Misc,Sony Computer Entertainment,0.09,0.07,0,0.02,0.19,35,26,3,88,,
SingStar Singalong With Disney,PS2,2008,Misc,Sony Computer Entertainment,0,0.04,0,0.57,0.61,25,78,2,52,,
SingStar Summer Party,PS2,2008,Misc,Sony Computer Entertainment,0,0.06,0,0.48,0.54,71,25,8,78,,
SingStar Vol. 2,PS3,2008,Misc,Sony Computer Entertainment,0.29,0.39,0,0.12,0.81,76,36,9,3,SCEE London Studio,T
SingStar Vol. 3,PS3,2008,Misc,Sony Computer Entertainment,0,0.1,0,0.03,0.12,7,75,6,35,,
Siren: Blood Curse,PS3,2008,Action,Sony Computer Entertainment,0,0.17,0.09,0.01,0.27,78,42,8.1,87,SCE Japan Studio,M
SOCOM: U.S. Navy SEALs Confrontation,PS3,2008,Shooter,Sony Computer Entertainment,0.94,0.16,0.02,0.13,1.25,63,64,6.9,223,Slant Six,M
White Knight Chronicles: International Edition,PS3,2008,Role-Playing,Sony Computer Entertainment,0.33,0.16,0.36,0.08,0.93,64,77,7.5,213,Level 5,T
Bleach: Heat the Soul 6,PSP,2009,Fighting,Sony Computer Entertainment,0,0,0.09,0,0.09,15,95,10,91,,
Bleach: Soul Carnival 2,PSP,2009,Fighting,Sony Computer Entertainment,0,0,0.03,0,0.03,90,57,9,40,,
"Boku no Natsuyasumi 4: Seitouchi Shounen Tanteidan, Boku to Himitsu no Chizu",PSP,2009,Adventure,Sony Computer Entertainment,0,0,0.19,0,0.19,21,96,2,91,,
Buzz! Brain of the UK,PS3,2009,Misc,Sony Computer Entertainment,0,0.15,0,0.01,0.17,26,38,8,19,,
Buzz! Quiz World,PS3,2009,Misc,Sony Computer Entertainment,0.16,0.57,0,0.19,0.91,18,79,1,85,,
DiRT 2,PSP,2009,Racing,Sony Computer Entertainment,0.09,0.15,0,0.08,0.32,55,13,5.7,10,Codemasters,E10+
Enkaku Sousa: Sana e no 23 Hiai,PSP,2009,Adventure,Sony Computer Entertainment,0,0,0.02,0,0.02,43,39,7,81,,
EyePet,PS3,2009,Simulation,Sony Computer Entertainment,0.35,0.52,0.04,0.08,0.99,70,35,8.2,20,SCEE London Studio,E
Ghostbusters: The Video Game,PS3,2009,Action,Sony Computer Entertainment,0.34,0.36,0,0.14,0.84,78,74,7.9,96,Terminal Reality,T
God of War Collection,PS3,2009,Action,Sony Computer Entertainment,1.7,0.44,0.06,0.4,2.6,91,50,8.7,529,Bluepoint Games,M
Gran Turismo (PSP),PSP,2009,Racing,Sony Computer Entertainment,0.5,1.58,0.31,0.87,3.25,19,6,7,95,,
inFAMOUS,PS3,2009,Action,Sony Computer Entertainment,1.76,0.68,0.12,0.37,2.93,85,98,8.3,1172,Sucker Punch,T
Invizimals,PSP,2009,Strategy,Sony Computer Entertainment,0.17,0.5,0,0.11,0.79,69,32,7.3,19,Novarama,E10+
Jak and Daxter: The Lost Frontier,PSP,2009,Platform,Sony Computer Entertainment,0.18,0.27,0,0.15,0.61,71,47,6.3,28,High Impact Games,E10+
Jak and Daxter: The Lost Frontier,PS2,2009,Platform,Sony Computer Entertainment,0.22,0.17,0,0.06,0.46,72,8,4.6,32,High Impact Games,E10+
Killzone 2,PS3,2009,Shooter,Sony Computer Entertainment,1.4,1.06,0.08,0.47,3.01,91,94,8.1,1505,Guerrilla,M
LittleBigPlanet,PSP,2009,Platform,Sony Computer Entertainment,0.64,1.22,0.01,0.67,2.54,87,68,7.8,98,"SCE/WWS, Media Molecule",E10+
Minna no Sukkiri,PSP,2009,Sports,Sony Computer Entertainment,0,0,0.06,0,0.06,5,0,3,62,,
MLB 09: The Show,PSP,2009,Sports,Sony Computer Entertainment,0.24,0,0,0.02,0.26,78,12,6.9,7,SCEA San Diego Studios,E
MLB 09: The Show,PS3,2009,Sports,Sony Computer Entertainment,0.66,0,0,0.06,0.72,90,27,8.1,61,SCEA San Diego Studios,E
MLB 09: The Show,PS2,2009,Sports,Sony Computer Entertainment,0.16,0.13,0,0.04,0.33,79,7,7.5,12,SCEA San Diego Studios,E
MotorStorm: Arctic Edge,PSP,2009,Racing,Sony Computer Entertainment,0.16,0.57,0,0.29,1.02,79,58,8.8,39,Bigbig Studios,T
MotorStorm: Arctic Edge,PS2,2009,Racing,Sony Computer Entertainment,0.07,0.03,0,0.25,0.34,72,10,8.3,6,Virtuos,T
NBA 10: The Inside,PSP,2009,Sports,Sony Computer Entertainment,0.07,0,0,0.01,0.08,69,13,3,13,SCEA San Diego Studios,E
Ratchet & Clank Future: A Crack in Time,PS3,2009,Platform,Sony Computer Entertainment,1.05,0.53,0.03,0.26,1.86,52,40,2,77,,
Resistance: Retribution,PSP,2009,Shooter,Sony Computer Entertainment,0.27,0.35,0.05,0.21,0.89,81,67,8.1,84,Sony Bend,M
Saru! Get You! Pipo Saru Senki,PSP,2009,Role-Playing,Sony Computer Entertainment,0,0,0.04,0,0.04,45,39,9,87,,
Secret Agent Clank,PS2,2009,Platform,Sony Computer Entertainment,0.13,0.18,0,0.29,0.6,61,9,6.7,14,Sanzaru Games,E10+
SingStar Chartbreaker,PS3,2009,Misc,Sony Computer Entertainment,0,0.02,0,0.01,0.03,94,46,8,71,,
SingStar Latino,PS3,2009,Misc,Sony Computer Entertainment,0.11,0,0,0.01,0.11,14,43,6,82,SCEE London Studio,T
SingStar Mallorca Party,PS3,2009,Misc,Sony Computer Entertainment,0,0.04,0,0.01,0.05,76,42,8,99,,
SingStar Motown,PS3,2009,Misc,Sony Computer Entertainment,0,0.15,0,0.02,0.17,55,47,1,84,,
SingStar Motown,PS2,2009,Misc,Sony Computer Entertainment,0,0.06,0,0.38,0.44,77,26,10,12,,
SingStar Pop Edition,PS3,2009,Misc,Sony Computer Entertainment,0,0.18,0,0.03,0.21,59,3,2,37,,
SingStar Queen,PS3,2009,Misc,Sony Computer Entertainment,0.11,0.25,0,0.07,0.44,53,83,7,63,,
SingStar Queen,PS2,2009,Misc,Sony Computer Entertainment,0.08,0.12,0,0.44,0.63,73,9,10,25,SCEE London Studio,T
SingStar Take That,PS3,2009,Misc,Sony Computer Entertainment,0,0.28,0,0.03,0.31,88,23,7,49,,
SingStar Take That,PS2,2009,Misc,Sony Computer Entertainment,0,0.06,0,0.39,0.45,42,61,0,23,,
SingStar: Made In Germany,PS3,2009,Misc,Sony Computer Entertainment,0,0.06,0,0.02,0.08,28,92,6,39,,
The Last Guy,PS3,2009,Action,Sony Computer Entertainment,0,0,0.03,0,0.03,77,33,6.9,30,SCE Japan Studio,E10+
Toro to Morimori,PS3,2009,Misc,Sony Computer Entertainment,0,0,0.01,0,0.01,63,88,4,88,,
Uncharted 2: Among Thieves,PS3,2009,Action,Sony Computer Entertainment,3.27,2.2,0.21,0.98,6.66,96,105,8.8,5187,Naughty Dog,T
WipEout HD Fury,PS3,2009,Racing,Sony Computer Entertainment,0,0.05,0,0.01,0.07,89,15,8.4,115,Studio Liverpool,E10+
WipEout Pulse,PS2,2009,Racing,Sony Computer Entertainment,0,0.15,0,0.33,0.49,14,87,2,52,,
Worms,PS3,2009,Strategy,Sony Computer Entertainment,0,0.02,0,0.01,0.02,76,9,6.9,18,Team 17,E10+
Ape Escape,PS3,2010,Platform,Sony Computer Entertainment,0,0.03,0,0.01,0.04,6,92,6,95,,
Beat Sketch!,PS3,2010,Misc,Sony Computer Entertainment,0,0,0.08,0,0.08,72,81,10,6,,
Bleach: Heat the Soul 7,PSP,2010,Fighting,Sony Computer Entertainment,0,0,0.08,0,0.08,96,61,5,33,,
Boku no Natsuyasumi Portable 2: Nazo Nazo Shimai to Chinbotsusen no Himitsu,PSP,2010,Adventure,Sony Computer Entertainment,0,0,0.07,0,0.07,99,42,10,6,,
Buzz! The Ultimate Music Quiz,PS3,2010,Misc,Sony Computer Entertainment,0,0.25,0,0.08,0.33,13,54,10,28,,
ESA Game Pack,PS3,2010,Misc,Sony Computer Entertainment,0.1,0,0,0.01,0.11,17,77,10,55,Various,T
EyePet,PSP,2010,Simulation,Sony Computer Entertainment,0.02,0.17,0,0.09,0.27,57,19,5,55,SCEE London Studio,E
Fat Princess: Fistful of Cake,PSP,2010,Action,Sony Computer Entertainment,0.08,0.02,0,0.02,0.12,74,33,8.7,25,SuperVillain Studios,T
God of War III,PS3,2010,Action,Sony Computer Entertainment,2.74,1.33,0.12,0.61,4.8,92,101,8.7,2633,SCE Santa Monica,M
God of War: Ghost of Sparta,PSP,2010,Action,Sony Computer Entertainment,0.41,0.35,0.03,0.21,1,86,73,8.4,255,Ready at Dawn,M
Gran Turismo 5,PS3,2010,Racing,Sony Computer Entertainment,2.96,4.82,0.81,2.11,10.7,84,82,7.5,1112,Polyphony Digital,E
Heavy Rain,PS3,2010,Adventure,Sony Computer Entertainment,1.29,1.21,0.06,0.47,3.03,87,107,7.7,2759,Quantic Dream,M
High Velocity Bowling,PS3,2010,Sports,Sony Computer Entertainment,0.13,0,0,0.01,0.15,66,14,8.1,23,SCEA,E10+
Hot Shots Tennis: Get a Grip,PSP,2010,Sports,Sony Computer Entertainment,0.07,0,0.13,0.01,0.21,80,27,8,17,Clap Hanz,E
Hyakumanton no Bara Bara,PSP,2010,Strategy,Sony Computer Entertainment,0,0,0.03,0,0.03,76,60,9,83,,
Invizimals: Shadow Zone,PSP,2010,Strategy,Sony Computer Entertainment,0.05,0.16,0,0.08,0.29,10,37,9,4,Novarama,E10+
Kung Fu Rider,PS3,2010,Action,Sony Computer Entertainment,0.06,0.09,0.01,0.03,0.2,36,45,3.7,21,SCE Japan Studio,E10+
MAG: Massive Action Game,PS3,2010,Shooter,Sony Computer Entertainment,0.77,0.29,0.09,0.16,1.31,90,86,3,82,,
MLB 10: The Show,PSP,2010,Sports,Sony Computer Entertainment,0.19,0,0,0.02,0.21,79,11,6.6,8,SCEA,E
MLB 10: The Show,PS3,2010,Sports,Sony Computer Entertainment,0.66,0,0,0.06,0.72,91,33,8.3,107,SCEA,E
MLB 10: The Show,PS2,2010,Sports,Sony Computer Entertainment,0.2,0.16,0,0.05,0.41,39,9,10,18,SCEA,E
ModNation Racers,PSP,2010,Racing,Sony Computer Entertainment,0.11,0.26,0.02,0.14,0.53,73,22,7.7,22,SCEA San Diego Studios,E
ModNation Racers,PS3,2010,Racing,Sony Computer Entertainment,0.5,0.4,0.06,0.16,1.12,82,85,8.4,201,United Front Games,E
PixelJunk Monsters Deluxe,PSP,2010,Strategy,Sony Computer Entertainment,0.11,0,0,0.01,0.12,86,27,7.9,32,Q-Games,E
SingStar Apres-Ski Party 2,PS3,2010,Misc,Sony Computer Entertainment,0,0.06,0,0.01,0.08,23,85,8,32,,
SingStar Dance,PS3,2010,Misc,Sony Computer Entertainment,0.09,0.31,0,0.11,0.52,65,21,3.9,8,SCEE London Studio,T
SingStar Fussballhits,PS3,2010,Misc,Sony Computer Entertainment,0,0.02,0,0.01,0.03,28,50,10,74,,
SingStar Guitar,PS3,2010,Misc,Sony Computer Entertainment,0,0.07,0,0.02,0.09,61,9,8,41,,
Sly 2: Band of Thieves,PS3,2010,Platform,Sony Computer Entertainment,0,0.05,0,0.02,0.07,81,48,7.4,23,Sanzaru Games,E
SOCOM: U.S. Navy SEALs Fireteam Bravo 3,PSP,2010,Shooter,Sony Computer Entertainment,0.17,0.13,0.06,0.08,0.44,74,51,8,20,Slant Six,T
Sports Champions,PS3,2010,Sports,Sony Computer Entertainment,2.13,1.12,0.1,0.5,3.84,76,64,7.9,104,"SCEA, Zindagi Games",E10+
Start the Party!,PS3,2010,Misc,Sony Computer Entertainment,0.07,0.41,0,0.13,0.62,49,56,2,71,,
Syphon Filter: Logan's Shadow,PS2,2010,Shooter,Sony Computer Entertainment,0.03,0.02,0,0.01,0.06,36,31,7.9,9,Sony Bend,T
The Eye of Judgment: Legends,PSP,2010,Strategy,Sony Computer Entertainment,0,0,0.01,0,0.01,69,17,7.9,16,SCEI,E10+
The Fight: Lights Out,PS3,2010,Fighting,Sony Computer Entertainment,0.29,0.21,0,0.09,0.59,48,39,7.5,77,Coldwood Interactive,T
The God of War Trilogy,PS3,2010,Action,Sony Computer Entertainment,0,0.07,0.03,0.02,0.12,25,66,5,64,,
The Shoot,PS3,2010,Shooter,Sony Computer Entertainment,0.13,0.15,0.01,0.05,0.34,60,39,6.2,11,Cohort Studios,T
The Sly Collection,PS3,2010,Platform,Sony Computer Entertainment,0.52,0.08,0.01,0.08,0.68,85,46,8.8,172,Sanzaru Games,E10+
Trick x Logic: Season 1,PSP,2010,Adventure,Sony Computer Entertainment,0,0,0.05,0,0.05,82,5,4,64,,
Trick x Logic: Season 2,PSP,2010,Adventure,Sony Computer Entertainment,0,0,0.04,0,0.04,73,19,3,80,,
TV Superstars,PS3,2010,Misc,Sony Computer Entertainment,0.07,0.12,0,0.05,0.25,56,17,4.9,8,SCE Studio Cambridge,E
White Knight Chronicles II,PS3,2010,Role-Playing,Sony Computer Entertainment,0.23,0.09,0.27,0.04,0.63,60,45,7.1,64,Level 5,T
Yuusha no Kuse ni Namaikida Or 3D,PSP,2010,Strategy,Sony Computer Entertainment,0,0,0.11,0,0.11,100,3,4,30,,
After Hours Athletes,PS3,2011,Sports,Sony Computer Entertainment,0,0.1,0,0.02,0.12,28,14,10,42,,
Carnival Island,PS3,2011,Misc,Sony Computer Entertainment,0.13,0.06,0,0.04,0.23,66,25,5.2,5,Magic Pixel Games,E
DanceStar Party,PS3,2011,Misc,Sony Computer Entertainment,0,0.34,0,0.1,0.43,61,89,2,13,,
Everybody Dance,PS3,2011,Misc,Sony Computer Entertainment,0.11,0,0,0.01,0.12,66,5,6.8,8,SCEE,T
EyePet & Friends,PS3,2011,Simulation,Sony Computer Entertainment,0.06,0.08,0,0.03,0.17,7,48,2,64,,
God of War: Origins Collection,PS3,2011,Action,Sony Computer Entertainment,0.39,0.08,0.02,0.06,0.55,84,58,8.4,208,Ready at Dawn,M
Hot Shots Golf: World Invitational,PSV,2011,Sports,Sony Computer Entertainment,0.15,0.11,0.25,0.05,0.55,76,55,8.1,77,Clap Hanz,E
ICO,PS3,2011,Action,Sony Computer Entertainment,0,0,0.06,0,0.06,35,30,7.4,27,Bluepoint Games,T
inFAMOUS 2,PS3,2011,Action,Sony Computer Entertainment,1.05,0.47,0.08,0.22,1.82,83,90,8.4,932,Sucker Punch,T
Invizimals: The Lost Tribes,PSP,2011,Action,Sony Computer Entertainment,0,0.08,0,0.03,0.11,9,18,8,71,Novarama,
Killzone 3,PS3,2011,Shooter,Sony Computer Entertainment,1.45,0.86,0.09,0.38,2.77,84,85,7.9,942,Guerrilla,M
Little Deviants,PSV,2011,Platform,Sony Computer Entertainment,0.14,0.12,0,0.04,0.3,57,62,5.5,53,Bigbig Studios,E10+
LittleBigPlanet 2,PS3,2011,Platform,Sony Computer Entertainment,1.83,1.05,0.06,0.46,3.39,91,86,8.4,657,Media Molecule,E
Medieval Moves: Deadmund's Quest,PS3,2011,Action,Sony Computer Entertainment,0.13,0.11,0,0.04,0.28,61,41,6.5,17,Zindagi Games,E10+
Mega Minis Volume 2,PSP,2011,Misc,Sony Computer Entertainment,0,0.02,0,0.01,0.03,78,19,7,77,,
Mega Minis Volume 3,PSP,2011,Misc,Sony Computer Entertainment,0,0.04,0,0.01,0.05,62,42,7,47,,
Minna to Issho,PSV,2011,Misc,Sony Computer Entertainment,0,0,0.02,0,0.02,8,52,3,0,,
MLB 11: The Show,PSP,2011,Sports,Sony Computer Entertainment,0.15,0,0,0.02,0.17,77,9,6,5,SCEA San Diego Studios,E
MLB 11: The Show,PS3,2011,Sports,Sony Computer Entertainment,0.54,0,0,0.04,0.58,90,30,7.8,87,SCEA San Diego Studios,E
MLB 11: The Show,PS2,2011,Sports,Sony Computer Entertainment,0.06,0.05,0,0.02,0.13,83,35,6.2,6,SCEA San Diego Studios,E
MotorStorm: Apocalypse,PS3,2011,Racing,Sony Computer Entertainment,0.21,0.19,0,0.08,0.48,77,74,7.7,155,Evolution Studios,T
Ore no Shikabane o Koete Yuke,PSP,2011,Role-Playing,Sony Computer Entertainment,0,0,0.2,0,0.2,21,91,1,53,,
Patapon 3,PSP,2011,Misc,Sony Computer Entertainment,0.05,0.03,0.17,0.02,0.27,74,41,7.2,35,SCE Japan Studio,E
PlayStation Move Heroes,PS3,2011,Platform,Sony Computer Entertainment,0.08,0.06,0,0.03,0.17,53,39,6.1,16,Nihilistic,E10+
Ratchet & Clank: All 4 One,PS3,2011,Platform,Sony Computer Entertainment,0.75,0.21,0.05,0.12,1.14,13,56,10,4,,
Resistance 3,PS3,2011,Shooter,Sony Computer Entertainment,0.64,0.57,0.05,0.22,1.48,83,91,7.8,543,Insomniac Games,M
Resistance Dual Pack,PS3,2011,Shooter,Sony Computer Entertainment,0,0.01,0,0,0.01,58,71,7,27,Insomniac Games,M
Shadow of the Colossus,PS3,2011,Action,Sony Computer Entertainment,0,0,0.04,0,0.04,67,40,8.4,72,Bluepoint Games,T
Shinobido 2: Tales of the Ninja,PSV,2011,Action,Sony Computer Entertainment,0.04,0.05,0.02,0.02,0.14,78,33,2,55,,
SingStar: Back to the 80s,PS3,2011,Misc,Sony Computer Entertainment,0,0.16,0,0.04,0.2,72,36,0,95,,
SOCOM 4: U.S. Navy SEALs,PS3,2011,Shooter,Sony Computer Entertainment,0.66,0.11,0.04,0.08,0.89,67,64,6.3,121,Zipper Interactive,M
Start the Party! Save the World,PS3,2011,Misc,Sony Computer Entertainment,0,0.08,0,0.02,0.1,47,9,8,99,,
The ICO & Shadow of the Colossus Collection,PS3,2011,Adventure,Sony Computer Entertainment,0.67,0.34,0.13,0.17,1.31,45,94,2,73,,
Uncharted 3: Drake's Deception,PS3,2011,Action,Sony Computer Entertainment,2.77,2.75,0.19,1.03,6.74,92,97,8.3,3712,Naughty Dog,T
Uncharted: Golden Abyss,PSV,2011,Shooter,Sony Computer Entertainment,0.53,0.66,0.13,0.22,1.53,80,80,7.4,770,"Naughty Dog, Sony Bend",T
White Knight Chronicles: Origins,PSP,2011,Role-Playing,Sony Computer Entertainment,0,0.04,0.09,0.02,0.15,65,33,0,80,,
Book of Spells,PS3,2012,Action,Sony Computer Entertainment,0.14,0.39,0,0.15,0.67,30,8,2,5,,
God of War Saga,PS3,2012,Action,Sony Computer Entertainment,0.73,0,0,0.1,0.82,91,52,8.3,52,"Ready at Dawn, SCE Santa Monica",M
Gravity Rush,PSV,2012,Action,Sony Computer Entertainment,0.21,0.17,0.09,0.08,0.56,83,73,8.5,625,SCE Japan Studio,T
Hot Shots Golf: World Invitational,PS3,2012,Sports,Sony Computer Entertainment,0,0,0.28,0,0.28,96,10,7.9,9,Clap Hanz,E
LittleBigPlanet Karting,PS3,2012,Action,Sony Computer Entertainment,0.42,0.3,0.01,0.15,0.87,73,69,6.9,159,"Media Molecule, United Front Games",E
LittleBigPlanet PS Vita,PSV,2012,Platform,Sony Computer Entertainment,0.35,0.61,0.02,0.27,1.25,88,71,8.6,348,"Tarsier Studios, Double Eleven",E
MLB 12: The Show,PSV,2012,Sports,Sony Computer Entertainment,0.17,0,0,0.02,0.19,76,15,7.8,42,SCEA San Diego Studios,E
MLB 12: The Show,PS3,2012,Sports,Sony Computer Entertainment,0.86,0,0,0.06,0.92,87,23,7.5,75,SCEA San Diego Studios,E
Modnation Racers: Road Trip,PSV,2012,Racing,Sony Computer Entertainment,0.15,0.09,0,0.04,0.29,62,51,6.4,69,SCEA,E
MotorStorm RC,PSV,2012,Racing,Sony Computer Entertainment,0,0.04,0,0.01,0.06,78,39,6.8,123,Evolution Studios,E
PlayStation All-Stars Battle Royale,PSV,2012,Action,Sony Computer Entertainment,0.21,0.14,0.01,0.09,0.45,75,15,7.5,221,Bluepoint Games,T
PlayStation All-Stars Battle Royale,PS3,2012,Action,Sony Computer Entertainment,0.5,0.27,0.04,0.15,0.95,74,69,7.3,540,SuperBot Entertainment,T
Ratchet & Clank Collection,PS3,2012,Action,Sony Computer Entertainment,0.47,0.13,0.02,0.1,0.72,93,28,10,35,,
Ratchet & Clank: Full Frontal Assault,PS3,2012,Adventure,Sony Computer Entertainment,0.19,0.01,0,0.03,0.23,83,11,9,95,,
Reality Fighters,PSV,2012,Fighting,Sony Computer Entertainment,0.05,0.05,0,0.02,0.12,54,39,3.8,30,Novarama,T
Resistance: Burning Skies,PSV,2012,Shooter,Sony Computer Entertainment,0.18,0.15,0.02,0.06,0.41,60,63,6.8,245,Nihilistic,M
Sorcery,PS3,2012,Action,Sony Computer Entertainment,0.14,0.11,0,0.05,0.29,70,52,7.3,57,The Workshop,E10+
Starhawk,PS3,2012,Action,Sony Computer Entertainment,0.18,0.05,0.03,0.03,0.29,77,71,7.8,188,LightBox Interactive,T
The Jak and Daxter Collection,PS3,2012,Platform,Sony Computer Entertainment,0.6,0.18,0,0.11,0.89,7,67,6,81,,
Tokyo Jungle,PS3,2012,Action,Sony Computer Entertainment,0,0,0.26,0,0.26,74,60,8.4,89,Crispy's,T
Twisted Metal (2012),PS3,2012,Action,Sony Computer Entertainment,0.67,0.07,0,0.08,0.81,26,58,3,94,,
Unit 13,PSV,2012,Shooter,Sony Computer Entertainment,0.25,0.13,0.04,0.07,0.5,71,60,7.5,169,Zipper Interactive,T
Wipeout 2048,PSV,2012,Racing,Sony Computer Entertainment,0.13,0.17,0,0.05,0.35,79,63,8.2,191,Studio Liverpool,E10+
Beyond: Two Souls,PS3,2013,Adventure,Sony Computer Entertainment,0.52,0.8,0.06,0.26,1.63,70,98,8.1,2652,Quantic Dream,M
Doki-Doki Universe,PSV,2013,Adventure,Sony Computer Entertainment,0,0.01,0,0,0.01,66,7,5.7,16,SCEA,E10+
God of War: Ascension,PS3,2013,Action,Sony Computer Entertainment,1.23,0.63,0.04,0.35,2.25,80,89,7.5,914,SCE Santa Monica,M
Gran Turismo 6,PS3,2013,Racing,Sony Computer Entertainment,0.72,1.67,0.4,0.44,3.23,81,81,7.7,758,Polyphony Digital,E
Invizimals: The Alliance,PSV,2013,Action,Sony Computer Entertainment,0,0.06,0,0.02,0.08,69,16,6.8,10,Novarama,E10+
Invizimals: The Lost Kingdom,PS3,2013,Action,Sony Computer Entertainment,0,0.02,0,0,0.02,50,16,5,14,Magenta Software,E10+
Killzone: Shadow Fall,PS4,2013,Shooter,Sony Computer Entertainment,0.89,1.33,0.08,0.39,2.69,73,88,6.8,2102,Guerrilla,M
MLB 13: The Show,PSV,2013,Sports,Sony Computer Entertainment,0.1,0,0,0.02,0.11,75,7,7.5,21,SCEA San Diego Studios,E
MLB 13: The Show,PS3,2013,Sports,Sony Computer Entertainment,0.67,0,0,0.07,0.74,87,36,7.8,114,SCEA San Diego Studios,E
Rain (2013),PS3,2013,Adventure,Sony Computer Entertainment,0,0,0.05,0,0.05,59,24,1,20,,
Ratchet & Clank: Into the Nexus,PS3,2013,Shooter,Sony Computer Entertainment,0.3,0.25,0,0.1,0.65,8,18,3,91,,
Soul Sacrifice,PSV,2013,Role-Playing,Sony Computer Entertainment,0.15,0.08,0.22,0.06,0.51,77,71,8.2,298,"SCE Japan Studio, comcept",M
DriveClub,PS4,2014,Racing,Sony Computer Entertainment,0.36,1.38,0.02,0.31,2.07,71,85,6.1,1571,Evolution Studios,E
Freedom Wars,PSV,2014,Role-Playing,Sony Computer Entertainment,0.15,0.1,0.32,0.08,0.65,73,39,8.3,265,"Dimps Corporation, SCE Japan Studio",T
God of War Collection,PSV,2014,Action,Sony Computer Entertainment,0.08,0.06,0.01,0.05,0.2,73,28,7.4,133,"Sanzaru Games, Sanzaru Games, Inc.",M
Infamous: First Light,PS4,2014,Action,Sony Computer Entertainment,0,0.03,0,0,0.03,73,70,7.5,580,Sucker Punch,T
inFAMOUS: Second Son,PS4,2014,Action,Sony Computer Entertainment,1.28,0.98,0.07,0.46,2.79,80,90,7.9,2944,Sucker Punch,T
LittleBigPlanet 3,PS4,2014,Platform,Sony Computer Entertainment,0.66,0.93,0.01,0.31,1.91,79,78,7.1,506,Sumo Digital,E
LittleBigPlanet 3,PS3,2014,Platform,Sony Computer Entertainment,0.2,0.33,0.01,0.1,0.63,38,68,7.2,64,Sumo Digital,E
Minecraft,PS3,2014,Misc,Sony Computer Entertainment,2.03,2.37,0,0.87,5.26,78,38,10,58,,
Oreshika: Tainted Bloodlines,PSV,2014,Role-Playing,Sony Computer Entertainment,0,0,0.15,0,0.15,78,26,8,84,Alfa System,T
Ratchet & Clank Collection,PSV,2014,Action,Sony Computer Entertainment,0,0.01,0,0,0.02,79,96,9,65,,
Soul Sacrifice Delta,PSV,2014,Action,Sony Computer Entertainment,0,0.08,0.12,0.02,0.22,82,24,8.4,125,SCE Japan Studio,M
The Last of Us,PS4,2014,Action,Sony Computer Entertainment,1.88,2,0.07,0.77,4.71,59,59,5,60,,
Bloodborne,PS4,2015,Action,Sony Computer Entertainment,1.03,0.81,0.26,0.38,2.48,92,100,8.6,6383,From Software,M
God of War III,PS4,2015,Action,Sony Computer Entertainment,0.24,0.29,0.01,0.1,0.65,81,4,10,64,,
Gravity Rush Remastered,PS4,2015,Action,Sony Computer Entertainment,0.02,0.05,0.04,0.01,0.13,80,62,8.2,153,Bluepoint Games,T
Looney Tunes: Galactic Sports,PSV,2015,Action,Sony Computer Entertainment,0,0.02,0,0.01,0.03,76,62,7,18,Virtual Toys,
MLB 15: The Show,PSV,2015,Sports,Sony Computer Entertainment,0.01,0,0,0,0.01,3,58,8.8,5,SCEA San Diego Studios,E
MLB 15: The Show,PS4,2015,Sports,Sony Computer Entertainment,0.68,0.08,0,0.17,0.92,80,44,7.8,190,SCEA San Diego Studios,E
MLB 15: The Show,PS3,2015,Sports,Sony Computer Entertainment,0.31,0.01,0,0.07,0.39,75,48,8.2,6,SCEA San Diego Studios,E
Tearaway Unfolded,PS4,2015,Platform,Sony Computer Entertainment,0.09,0.13,0,0.04,0.26,81,70,8.1,188,Media Molecule,E
The Order: 1886,PS4,2015,Shooter,Sony Computer Entertainment,0.61,0.78,0.06,0.27,1.74,63,94,6.6,3172,"Ready at Dawn, SCE Santa Monica",M
Uncharted: The Nathan Drake Collection,PS4,2015,Action,Sony Computer Entertainment,2.07,1.71,0.08,0.76,4.62,86,78,8.1,1264,Bluepoint Games,T
DriveClub VR,PS4,2016,Racing,Sony Computer Entertainment,0.03,0.05,0,0.01,0.09,67,34,7.4,110,Evolution Studios,E
Here They Lie,PS4,2016,Adventure,Sony Computer Entertainment,0,0.02,0,0,0.02,62,31,6.5,36,The Tangentlemen,M
MLB 16: The Show,PS4,2016,Action,Sony Computer Entertainment,0.72,0,0,0.17,0.89,18,47,3,17,,
MLB 16: The Show,PS3,2016,Action,Sony Computer Entertainment,0.16,0,0,0.04,0.19,73,27,8,45,,
PlayStation VR Worlds,PS4,2016,Misc,Sony Computer Entertainment,0.06,0.14,0.02,0.04,0.25,59,48,7.1,73,Sony Interactive Entertainment,M
Ratchet & Clank (2016),PS4,2016,Platform,Sony Computer Entertainment,0.5,0.76,0.04,0.24,1.54,77,72,0,76,,
RIGS: Mechanized Combat League,PS4,2016,Action,Sony Computer Entertainment,0.03,0.05,0.01,0.02,0.11,79,42,7.9,76,Guerilla Cambridge,T
Super Stardust Ultra VR,PS4,2016,Shooter,Sony Computer Entertainment,0,0.01,0,0,0.01,66,13,6.2,13,Sony Interactive Entertainment,E10+
The Heavy Rain and Beyond: Two Souls Collection,PS4,2016,Action,Sony Computer Entertainment,0,0.17,0,0.03,0.2,69,58,10,95,,
Uncharted 4: A Thief's End,PS4,2016,Shooter,Sony Computer Entertainment,1.85,2.5,0.19,0.85,5.38,93,113,7.9,7064,Naughty Dog,T
Until Dawn: Rush of Blood,PS4,2016,Adventure,Sony Computer Entertainment,0.18,0.15,0,0.07,0.39,72,49,8,68,SuperMassive Games,M
Move Fitness,PS3,N/A,Sports,Sony Computer Entertainment,0,0.16,0,0.05,0.21,56,59,7,51,,
