﻿Name,Platform,Year_of_Release,Genre,Publisher,NA_Sales,EU_Sales,JP_Sales,Other_Sales,Global_Sales,Critic_Score,Critic_Count,User_Score,User_Count,Developer,Rating
Drakengard,PS2,2003,Role-Playing,Square Enix,0.19,0.15,0.26,0.05,0.65,63,55,9.1,88,Cavia Inc.,M
Final Fantasy XI: Rise of the Zilart,PS2,2003,Role-Playing,Square Enix,0,0,0.13,0,0.13,39,75,9,83,,
Front Mission 4,PS2,2003,Strategy,Square Enix,0.14,0.11,0.25,0.04,0.54,75,39,8.6,22,Square Enix,T
Fullmetal Alchemist and the Broken Angel,PS2,2003,Role-Playing,Square Enix,0.15,0.12,0.26,0.04,0.56,56,35,8.1,38,Racjin,T
Hanjuku Eiyuu Tai 3D,PS2,2003,Role-Playing,Square Enix,0,0,0.17,0,0.17,13,62,9,59,,
Slime MoriMori Dragon Quest: Shougeki No Shippo Dan,GBA,2003,Adventure,Square Enix,0,0,0.36,0.01,0.37,19,95,2,4,,
Dragon Quest VIII: Journey of the Cursed King,PS2,2004,Role-Playing,Square Enix,0.65,0.75,3.61,0.2,5.21,89,63,8.8,245,Level 5,T
Final Fantasy X International,PS2,2004,Role-Playing,Square Enix,0,0,0.27,0,0.27,9,87,10,84,,
Final Fantasy X-2: International + Last Mission,PS2,2004,Role-Playing,Square Enix,0,0,0.29,0,0.29,16,73,4,42,,
Final Fantasy XI: Chains of Promathia,PS2,2004,Role-Playing,Square Enix,0.12,0.09,0,0.03,0.25,77,13,8,10,Square Enix,T
Fullmetal Alchemist 2: Curse of the Crimson Elixir,PS2,2004,Role-Playing,Square Enix,0.13,0.1,0,0.03,0.27,67,21,8.4,20,Racjin,T
Kingdom Hearts: Chain of Memories,GBA,2004,Role-Playing,Square Enix,1.26,0.18,0.35,0.06,1.85,76,37,7.9,84,Jupiter Corporation,E
Dragon Quest Heroes: Rocket Slime,DS,2005,Action,Square Enix,0.13,0,0.31,0.01,0.44,83,41,7.6,45,"Square Enix, TOSE",E
Front Mission 5: Scars of the War,PS2,2005,Strategy,Square Enix,0,0,0.21,0,0.21,21,59,2,65,,
Grandia III,PS2,2005,Role-Playing,Square Enix,0.12,0.1,0.24,0.03,0.49,77,38,8.3,53,Game Arts,T
Kingdom Hearts II,PS2,2005,Role-Playing,Square Enix,2.2,0.58,1.38,0.17,4.33,87,64,9,766,Square Enix,E10+
Radiata Stories,PS2,2005,Role-Playing,Square Enix,0.18,0.14,0.29,0.05,0.65,74,36,9,54,Tri-Ace,T
Romancing SaGa,PS2,2005,Role-Playing,Square Enix,0.06,0.04,0.47,0.01,0.58,58,23,8,35,Square Enix,E10+
Dawn of Mana,PS2,2006,Role-Playing,Square Enix,0.07,0.05,0.29,0.02,0.43,57,27,6.8,11,Square Enix,T
Dirge of Cerberus: Final Fantasy VII,PS2,2006,Shooter,Square Enix,0.47,0.37,0.52,0.12,1.48,57,51,6.9,103,Square Enix,T
Dragon Quest & Final Fantasy in Itadaki Street Portable,PSP,2006,Misc,Square Enix,0,0,0.11,0,0.11,20,22,8,33,,
Dragon Quest Monsters: Joker,DS,2006,Role-Playing,Square Enix,0.23,0.02,1.49,0.02,1.76,75,30,7.4,27,TOSE,E10+
Dragon Quest: Shounen Yangus to Fushigi no Dungeon,PS2,2006,Role-Playing,Square Enix,0,0,0.29,0,0.29,58,50,7,88,,
Final Fantasy III,DS,2006,Role-Playing,Square Enix,0.89,0.04,1.07,0.09,2.08,77,45,7.1,136,Matrix Software,E10+
Final Fantasy XI,X360,2006,Role-Playing,Square Enix,0.17,0.01,0,0.01,0.19,66,25,6.5,33,Square Enix,T
Final Fantasy XI: All-In-One Pack 2006,X360,2006,Role-Playing,Square Enix,0,0,0.02,0,0.02,60,60,4,99,,
Final Fantasy XI: Treasures of Aht Urhgan,PS2,2006,Role-Playing,Square Enix,0.06,0.05,0.1,0.02,0.23,87,4,7.1,13,Square Enix,T
Final Fantasy XII,PS2,2006,Role-Playing,Square Enix,1.88,0,2.33,1.74,5.95,92,64,7.6,972,Square Enix,T
Valkyrie Profile 2: Silmeria,PS2,2006,Role-Playing,Square Enix,0.04,0.03,0.39,0.01,0.47,84,45,9,59,Tri-Ace,T
Valkyrie Profile: Lenneth,PSP,2006,Role-Playing,Square Enix,0.17,0.01,0.16,0.02,0.36,80,39,8.4,57,TOSE,T
Arkanoid DS,DS,2007,Puzzle,Square Enix,0.06,0,0,0,0.06,61,29,7,5,Taito Corporation,E
Crisis Core: Final Fantasy VII,PSP,2007,Role-Playing,Square Enix,1.35,0.59,0.8,0.43,3.18,83,67,8,463,Square Enix,T
Dragon Quest IV: Chapters of the Chosen,DS,2007,Role-Playing,Square Enix,0.3,0.02,1.27,0.03,1.62,80,44,7.9,50,ArtePiazza,E10+
Dragon Quest Swords: The Masked Queen and the Tower of Mirrors,Wii,2007,Role-Playing,Square Enix,0.18,0.01,0.5,0.02,0.7,65,43,5.9,21,"Eighting, Genius Sonority Inc.",T
Final Fantasy Anniversary Edition,PSP,2007,Role-Playing,Square Enix,0.39,0.02,0.13,0.04,0.58,67,34,7.7,47,TOSE,E10+
Final Fantasy Crystal Chronicles: Ring of Fates,DS,2007,Role-Playing,Square Enix,0.22,0.01,0.42,0.02,0.66,77,41,7.2,25,Square Enix,E10+
Final Fantasy Fables: Chocobo's Dungeon,Wii,2007,Role-Playing,Square Enix,0.09,0,0.11,0.01,0.21,76,34,8,20,h.a.n.d. Inc.,E10+
Final Fantasy II Anniversary Edition,PSP,2007,Role-Playing,Square Enix,0.36,0.02,0.07,0.04,0.5,63,31,7.1,24,TOSE,T
Final Fantasy IV,DS,2007,Simulation,Square Enix,0.51,0.04,0.62,0.05,1.21,85,52,7.7,164,Matrix Software,E10+
Final Fantasy Tactics A2: Grimoire of the Rift,DS,2007,Role-Playing,Square Enix,0.38,0.03,0.3,0.04,0.75,80,47,6.9,106,Square Enix,E10+
Final Fantasy Tactics: The War of the Lions,PSP,2007,Role-Playing,Square Enix,0.45,0.24,0.3,0.16,1.16,88,41,8,238,TOSE,T
Final Fantasy XI: Vana'diel Collection 2008,X360,2007,Role-Playing,Square Enix,0.13,0,0.01,0.01,0.15,35,82,5,87,Square Enix,T
Final Fantasy XI: Vana'diel Collection 2008,PS2,2007,Role-Playing,Square Enix,0.03,0.03,0.01,0.01,0.08,81,1,6,45,Square Enix,T
Final Fantasy XI: Wings of the Goddess,X360,2007,Role-Playing,Square Enix,0.26,0,0.02,0.02,0.3,63,4,5.8,5,Square Enix,T
Final Fantasy XI: Wings of the Goddess,PS2,2007,Role-Playing,Square Enix,0.35,0.27,0.09,0.09,0.81,72,25,2,28,Square Enix,T
Final Fantasy XII International Zodiac Job System,PS2,2007,Role-Playing,Square Enix,0,0,0.11,0,0.11,77,44,6,63,,
Final Fantasy XII: Revenant Wings,DS,2007,Role-Playing,Square Enix,0.33,0.41,0.54,0.1,1.37,81,44,6.1,60,"Square Enix, Think and Feel",E10+
Front Mission,DS,2007,Strategy,Square Enix,0.01,0,0.03,0,0.04,72,19,8.9,9,Square Enix,E10+
Heroes of Mana,DS,2007,Strategy,Square Enix,0.07,0.01,0.05,0.01,0.14,66,32,5,97,Brownie Brown,E10+
Itadaki Street DS,DS,2007,Misc,Square Enix,0,0,0.41,0,0.41,82,42,0,38,,
Odin Sphere,PS2,2007,Role-Playing,Square Enix,0.23,0.18,0.09,0.06,0.56,83,49,8.6,59,Vanilla Ware,T
Star Ocean: First Departure,PSP,2007,Role-Playing,Square Enix,0.2,0.13,0.22,0.09,0.64,74,32,7.4,28,TOSE,T
The World Ends With You,DS,2007,Role-Playing,Square Enix,0.49,0.04,0.21,0.04,0.78,88,59,8.9,283,Jupiter Corporation,T
Chocobo to Mahou no Ehon: Majo to Shoujo to 5-Jin no Yuusha,DS,2008,Role-Playing,Square Enix,0,0,0.05,0,0.05,91,23,6,85,,
Chrono Trigger,DS,2008,Role-Playing,Square Enix,0.61,0.16,0.49,0.08,1.34,92,57,8.9,440,TOSE,E10+
Cid to Chocobo no Fushigi na Dungeon: Toki Wasure no Meikyuu DS+,DS,2008,Role-Playing,Square Enix,0,0,0.06,0,0.06,48,23,8,77,,
Disgaea 3: Absence of Justice,PS3,2008,Role-Playing,Square Enix,0.33,0.03,0.11,0.04,0.52,78,51,7.5,150,Nippon Ichi Software,T
Disgaea DS,DS,2008,Role-Playing,Square Enix,0.11,0.01,0.05,0.01,0.18,82,32,7.5,35,Nippon Ichi Software,T
Dissidia: Final Fantasy,PSP,2008,Fighting,Square Enix,0.51,0.5,0.91,0.31,2.23,79,61,8,139,Square Enix,T
Dragon Quest V: Hand of the Heavenly Bride,DS,2008,Role-Playing,Square Enix,0.17,0.02,1.36,0.02,1.57,84,46,8.5,57,ArtePiazza,E10+
Exit DS,DS,2008,Puzzle,Square Enix,0.09,0,0.01,0.01,0.1,64,25,6.7,6,Moss,E
Front Mission 2089: Border of Madness,DS,2008,Strategy,Square Enix,0,0,0.05,0,0.05,71,5,9,75,,
Infinite Undiscovery,X360,2008,Role-Playing,Square Enix,0.34,0.18,0.12,0.06,0.7,68,60,7,158,Tri-Ace,T
Kingdom Hearts Re: Chain of Memories,PS2,2008,Role-Playing,Square Enix,0.73,0.03,0,0.12,0.87,68,20,7.2,105,Jupiter Corporation,E10+
Maji de Manabu: LEC de Ukaru - DS Hishou Boki 3-Kyuu,DS,2008,Misc,Square Enix,0,0,0.02,0,0.02,32,37,2,12,,
My Pet Shop,DS,2008,Simulation,Square Enix,0.06,0,0,0,0.06,60,10,4,34,Taito Corporation,E
My Pet Shop (JP sales),DS,2008,Simulation,Square Enix,0,0,0.03,0,0.03,6,68,8,55,,
Nanashi no Game,DS,2008,Adventure,Square Enix,0,0,0.08,0,0.08,41,51,6,99,,
Sigma Harmonics,DS,2008,Role-Playing,Square Enix,0,0,0.07,0,0.07,96,98,0,83,,
Soul Eater: Monotone Princess,Wii,2008,Action,Square Enix,0,0,0.02,0,0.02,41,16,3,36,,
Space Bust-A-Move,DS,2008,Puzzle,Square Enix,0.1,0.02,0,0.01,0.12,71,20,5,15,Taito Corporation,E
Space Invaders Extreme,PSP,2008,Shooter,Square Enix,0.06,0.01,0.01,0.01,0.09,84,29,6.8,13,Taito Corporation,E
Space Invaders Extreme,DS,2008,Shooter,Square Enix,0.12,0.01,0.01,0.01,0.15,85,41,7.6,16,Taito Corporation,E
Star Ocean: Second Evolution,PSP,2008,Role-Playing,Square Enix,0.14,0.01,0.16,0.02,0.34,75,37,7.1,26,TOSE,T
The Last Remnant,X360,2008,Role-Playing,Square Enix,0.25,0.2,0.18,0.06,0.68,66,49,6.9,122,Square Enix,M
The Legend of Kage 2,DS,2008,Action,Square Enix,0.07,0,0,0,0.07,70,21,6.3,4,Taito Corporation,E10+
Valkyrie Profile: Covenant of the Plume,DS,2008,Role-Playing,Square Enix,0.22,0.02,0.16,0.02,0.42,74,35,6.8,12,Tri-Ace,T
Blood of Bahamut,DS,2009,Role-Playing,Square Enix,0,0,0.09,0,0.09,93,98,10,87,,
Cross Treasures,DS,2009,Role-Playing,Square Enix,0,0,0.02,0,0.02,99,85,5,70,,
Dissidia: Final Fantasy Universal Tuning,PSP,2009,Fighting,Square Enix,0,0,0.06,0,0.06,79,95,4,6,,
Final Fantasy Crystal Chronicles: Echoes of Time,Wii,2009,Role-Playing,Square Enix,0.13,0.06,0.05,0.02,0.25,64,29,5.6,11,Square Enix,E10+
Final Fantasy Crystal Chronicles: Echoes of Time,DS,2009,Role-Playing,Square Enix,0.12,0.06,0.27,0.02,0.47,75,37,7.3,21,Square Enix,E10+
Final Fantasy Crystal Chronicles: The Crystal Bearers,Wii,2009,Action,Square Enix,0.21,0.07,0.08,0.03,0.39,66,53,7.6,70,Square Enix,T
Final Fantasy XI: Ultimate Collection,X360,2009,Role-Playing,Square Enix,0.25,0,0,0.02,0.27,42,62,2,83,Square Enix,T
Final Fantasy XIII,PS3,2009,Role-Playing,Square Enix,1.74,1.21,1.87,0.51,5.33,83,83,7.3,2483,Square Enix,T
Final Fantasy: The 4 Heroes of Light,DS,2009,Role-Playing,Square Enix,0.22,0.1,0.23,0.03,0.58,71,49,7.1,38,Matrix Software,E10+
Fullmetal Alchemist: Prince of the Dawn,Wii,2009,Adventure,Square Enix,0,0,0.01,0,0.01,36,5,4,38,,
Kingdom Hearts 358/2 Days,DS,2009,Role-Playing,Square Enix,1.06,0.26,0.53,0.13,1.98,75,53,7.8,162,h.a.n.d. Inc.,E10+
Kuroshitsuji: Phantom & Ghost,DS,2009,Action,Square Enix,0,0,0.04,0,0.04,66,34,7,69,,
Nanashi no Game Me,DS,2009,Action,Square Enix,0,0,0.03,0,0.03,82,61,10,12,,
Order of War,PC,2009,Strategy,Square Enix,0,0.01,0,0,0.02,69,39,7.3,73,Wargaming.net,T
SaGa 2: Hihou Densetsu - Goddess of Destiny,DS,2009,Role-Playing,Square Enix,0,0,0.17,0,0.17,66,44,9,31,,
Space Invaders Extreme 2,DS,2009,Shooter,Square Enix,0.17,0.01,0,0.01,0.19,82,38,7.1,8,Taito Corporation,E
Star Ocean: The Last Hope,X360,2009,Role-Playing,Square Enix,0.32,0.2,0.21,0.06,0.79,72,56,7.2,150,"Square Enix, Tri-Ace",T
The Last Remnant,PC,2009,Role-Playing,Square Enix,0,0.01,0,0,0.01,66,23,8.3,240,Square Enix,M
Densha de Go! Tokubetsu-hen: Fukkatsu Shouwa no Yamatesen,DS,2010,Simulation,Square Enix,0,0,0.02,0,0.02,90,12,0,69,,
Dragon Quest Monsters: Battle Road Victory,Wii,2010,Strategy,Square Enix,0,0,0.32,0,0.32,57,40,1,23,,
Dragon Quest Monsters: Joker 2,DS,2010,Role-Playing,Square Enix,0.09,0.07,1.24,0.02,1.41,77,33,7.3,15,TOSE,E
Final Fantasy XIII,X360,2010,Role-Playing,Square Enix,1.28,0.67,0.01,0.21,2.16,82,54,6.3,539,Square Enix,T
Final Fantasy XIV: A Realm Reborn,PC,2010,Role-Playing,Square Enix,0.88,0.48,0,0.17,1.52,14,60,2,5,,
Front Mission Evolved,X360,2010,Shooter,Square Enix,0.1,0.07,0.02,0.02,0.2,58,52,6.1,24,Double Helix Games,T
Front Mission Evolved,PS3,2010,Shooter,Square Enix,0.09,0.06,0.11,0.03,0.29,58,42,6,30,Double Helix Games,T
Front Mission Evolved,PC,2010,Shooter,Square Enix,0.05,0,0,0,0.05,63,13,5.1,48,Double Helix Games,T
Just Cause 2,X360,2010,Action,Square Enix,0.59,0.83,0.02,0.17,1.6,81,74,8,267,Avalanche Studios,M
Just Cause 2,PS3,2010,Action,Square Enix,0.45,0.92,0.06,0.32,1.75,83,66,8,291,Avalanche Studios,M
Just Cause 2,PC,2010,Action,Square Enix,0,0.1,0,0.02,0.12,84,33,7.7,838,Avalanche Studios,M
Kane & Lynch 2: Dog Days,X360,2010,Shooter,Square Enix,0.2,0.22,0.01,0.05,0.49,37,61,4,24,,
Kane & Lynch 2: Dog Days,PS3,2010,Shooter,Square Enix,0.17,0.27,0.05,0.1,0.59,8,69,0,30,,
Kane & Lynch 2: Dog Days,PC,2010,Shooter,Square Enix,0,0.06,0,0.01,0.07,86,60,4,48,,
Kingdom Hearts Re:coded,DS,2010,Role-Playing,Square Enix,0.53,0.09,0.27,0.05,0.93,66,58,7,76,"Square Enix, h.a.n.d. Inc.",E10+
Kingdom Hearts: Birth by Sleep,PSP,2010,Role-Playing,Square Enix,0.63,0.41,0.75,0.26,2.06,82,62,8.6,208,Square Enix,E10+
Lord of Arcana,PSP,2010,Role-Playing,Square Enix,0.07,0.04,0.17,0.03,0.32,53,45,5.5,21,Access Games,M
Lufia: Curse of the Sinistrals,DS,2010,Role-Playing,Square Enix,0.11,0,0.03,0.01,0.15,80,8,8,13,Neverland,E10+
NieR,X360,2010,Role-Playing,Square Enix,0.13,0.1,0.04,0.02,0.29,67,60,8.3,126,Cavia Inc.,M
NieR,PS3,2010,Role-Playing,Square Enix,0.17,0.18,0.2,0.07,0.61,68,58,8.4,263,Cavia Inc.,M
Star Ocean: The Last Hope International,PS3,2010,Role-Playing,Square Enix,0.28,0.15,0.22,0.07,0.72,74,45,6.7,155,"Square Enix, Tri-Ace",T
Supreme Commander 2,X360,2010,Strategy,Square Enix,0.23,0.09,0,0.03,0.34,75,28,7.1,23,Gas Powered Games,E10+
Supreme Commander 2,PC,2010,Strategy,Square Enix,0,0.15,0,0.04,0.19,77,54,6.2,803,Gas Powered Games,E10+
Tactics Ogre: Let Us Cling Together,PSP,2010,Role-Playing,Square Enix,0.15,0.07,0.27,0.05,0.53,87,49,8.8,102,Square Enix,T
The 3rd Birthday,PSP,2010,Role-Playing,Square Enix,0.13,0.07,0.27,0.05,0.51,71,56,6.1,113,HexaDrive,M
Army Corps of Hell,PSV,2011,Action,Square Enix,0.04,0.04,0,0.02,0.09,57,43,6.6,28,"Entersphere, Inc.",M
Bust-A-Move Universe,3DS,2011,Puzzle,Square Enix,0.08,0.15,0.06,0.03,0.31,49,30,4.8,13,Arika,E
Deus Ex: Human Revolution,X360,2011,Shooter,Square Enix,0.76,0.47,0.02,0.12,1.37,89,70,8.3,684,Eidos Montreal,M
Deus Ex: Human Revolution,PS3,2011,Shooter,Square Enix,0.5,0.59,0.07,0.22,1.37,89,50,8.2,682,Eidos Montreal,M
Deus Ex: Human Revolution,PC,2011,Shooter,Square Enix,0.25,0.25,0,0.08,0.58,90,52,8.5,3069,Nixxes Software,M
Dissidia 012: Duodecim Final Fantasy,PSP,2011,Fighting,Square Enix,0.21,0.12,0.46,0.08,0.88,78,52,8.3,144,Square Enix,T
Dragon Quest 25 Shuunen Kinin: Famicom & Super Famicom Dragon Quest I-II-III,Wii,2011,Role-Playing,Square Enix,0,0,0.47,0,0.47,84,83,8,4,,
Dragon Quest Monsters: Joker 2 Professional,DS,2011,Role-Playing,Square Enix,0,0,0.62,0,0.62,44,57,4,54,,
Dungeon Siege III,X360,2011,Role-Playing,Square Enix,0.21,0.12,0.01,0.03,0.37,72,55,5.9,102,Obsidian Entertainment,T
Dungeon Siege III,PS3,2011,Role-Playing,Square Enix,0.17,0.13,0.03,0.05,0.39,71,52,6.3,86,Obsidian Entertainment,T
Dungeon Siege III,PC,2011,Role-Playing,Square Enix,0.08,0.08,0,0.02,0.17,72,37,4.7,399,Obsidian Entertainment,T
Final Fantasy IV: The Complete Collection,PSP,2011,Role-Playing,Square Enix,0.13,0.09,0.27,0.06,0.56,77,41,7.5,80,Bullets,E10+
Final Fantasy XIII-2,X360,2011,Role-Playing,Square Enix,0.36,0.29,0.02,0.06,0.73,79,50,6.3,268,Square Enix,T
Final Fantasy XIII-2,PS3,2011,Role-Playing,Square Enix,0.78,0.73,0.89,0.23,2.63,79,53,6.6,707,Square Enix,T
Kingdom Hearts: Birth by Sleep - Final Mix,PSP,2011,Role-Playing,Square Enix,0,0,0.16,0,0.16,35,58,7,98,,
Lord of Apocalypse,PSV,2011,Role-Playing,Square Enix,0,0,0.1,0,0.1,10,45,7,3,,
Lord of Apocalypse,PSP,2011,Role-Playing,Square Enix,0,0,0.1,0,0.1,72,10,8,5,,
MindJack,X360,2011,Shooter,Square Enix,0.07,0.02,0,0.01,0.09,43,42,1.2,116,FeelPlus,M
MindJack,PS3,2011,Shooter,Square Enix,0.07,0.07,0,0.03,0.18,44,31,1.7,46,FeelPlus,M
SaGa 3: Jikuu no Hasha - Shadow or Light,DS,2011,Role-Playing,Square Enix,0,0,0.08,0,0.08,49,10,9,44,,
Slime MoriMori Dragon Quest 3: Taikaizoku to Shippo Dan,3DS,2011,Role-Playing,Square Enix,0,0,0.13,0,0.13,82,93,4,51,,
The Tomb Raider Trilogy,PS3,2011,Action,Square Enix,0.27,0.46,0,0.15,0.88,78,37,8.1,60,Crystal Dynamics,T
Dragon Quest Monsters: Terry's Wonderland 3D,3DS,2012,Role-Playing,Square Enix,0,0,0.96,0,0.96,1,50,2,99,,
Dragon Quest X,Wii,2012,Role-Playing,Square Enix,0,0,0.96,0,0.96,78,59,2,42,Square Enix,
Final Fantasy III,PSP,2012,Role-Playing,Square Enix,0,0,0.11,0,0.11,21,90,8.9,15,Matrix Software,T
Hitman: Absolution,X360,2012,Action,Square Enix,0.68,0.88,0.01,0.17,1.73,79,51,7.1,453,Io Interactive,M
Hitman: Absolution,PS3,2012,Action,Square Enix,0.59,1.05,0.07,0.44,2.14,83,30,7.5,511,Io Interactive,M
Hitman: Absolution,PC,2012,Action,Square Enix,0.03,0.17,0,0.04,0.24,79,26,7,1327,"Io Interactive, Nixxes Software",M
Kingdom Hearts 3D: Dream Drop Distance,3DS,2012,Action,Square Enix,0.88,0.26,0.34,0.1,1.58,75,54,8.2,267,Square Enix,E10+
Sleeping Dogs,PS3,2012,Action,Square Enix,0.31,0.49,0.05,0.19,1.04,83,40,7.7,645,United Front Games,M
Theatrhythm: Final Fantasy,3DS,2012,Misc,Square Enix,0.22,0.07,0.18,0.02,0.5,78,60,7.8,113,Indies Zero,E10+
Chousoku Henkei Gyrozetter: Albatross no Tsubasa,3DS,2013,Role-Playing,Square Enix,0,0,0.05,0,0.05,95,12,0,49,,
Deus Ex: Human Revolution,WiiU,2013,Shooter,Square Enix,0.05,0.05,0,0.01,0.11,26,14,10,65,,
Dragon Quest VII: Warriors of Eden,3DS,2013,Role-Playing,Square Enix,0.06,0.09,1.3,0.01,1.46,32,23,2,8,,
Dragon Quest X,WiiU,2013,Role-Playing,Square Enix,0,0,0.41,0,0.41,0,11,0,52,Square Enix,
Drakengard 3,PS3,2013,Role-Playing,Square Enix,0.1,0,0.19,0.02,0.31,61,33,7.7,237,Access Games,M
Final Fantasy X / X-2 HD Remaster,PSV,2013,Role-Playing,Square Enix,0.16,0.24,0.28,0.12,0.8,86,14,8.5,223,Virtuos,T
Final Fantasy X / X-2 HD Remaster,PS3,2013,Role-Playing,Square Enix,0.43,0.36,0.32,0.16,1.27,85,50,8.5,332,Virtuos,T
Final Fantasy XIV: A Realm Reborn,PS3,2013,Role-Playing,Square Enix,0.37,0.3,0.28,0.13,1.08,84,91,6,53,,
Hitman: HD Trilogy,X360,2013,Action,Square Enix,0.07,0.08,0,0.02,0.17,69,14,7.2,45,Io Interactive,M
Hitman: HD Trilogy,PS3,2013,Action,Square Enix,0.07,0.09,0,0.04,0.21,71,20,7.6,46,Io Interactive,M
Kingdom Hearts,PS3,2013,Role-Playing,Square Enix,0.9,0.35,0.25,0.24,1.74,10,71,2,55,,
Lightning Returns: Final Fantasy XIII,X360,2013,Role-Playing,Square Enix,0.15,0.08,0.01,0.02,0.27,69,21,6.6,222,Square Enix,T
Lightning Returns: Final Fantasy XIII,PS3,2013,Role-Playing,Square Enix,0.31,0.2,0.45,0.11,1.07,66,62,5.9,552,Square Enix,T
The Walking Dead: Season One,PSV,2013,Adventure,Square Enix,0.1,0,0.01,0.03,0.14,90,63,3,39,,
Tomb Raider (2013),X360,2013,Action,Square Enix,0.86,0.84,0.01,0.17,1.89,51,9,3,82,,
Tomb Raider (2013),PS3,2013,Action,Square Enix,0.6,1.26,0.08,0.48,2.42,43,12,6,84,,
Chaos Rings III,PSV,2014,Role-Playing,Square Enix,0,0,0.06,0,0.06,65,89,7,50,,
Dragon Quest Monsters 2,3DS,2014,Role-Playing,Square Enix,0,0,0.79,0,0.79,74,81,7,68,,
Dragon Quest X,3DS,2014,Role-Playing,Square Enix,0,0,0.17,0,0.17,86,65,5,5,,
Final Fantasy Explorers,3DS,2014,Role-Playing,Square Enix,0.16,0.07,0.28,0.02,0.54,69,57,7,87,Racjin,E10+
Final Fantasy XIV: A Realm Reborn,PS4,2014,Role-Playing,Square Enix,0.33,0.23,0.08,0.11,0.75,9,56,5,69,,
Kingdom Hearts II,PS3,2014,Role-Playing,Square Enix,0.52,0.35,0.18,0.18,1.23,99,59,1,14,,
Lara Croft and the Temple of Osiris,PS4,2014,Action,Square Enix,0,0.07,0,0.01,0.09,74,40,6.7,128,Nixxes Software,T
Lara Croft and the Temple of Osiris,PC,2014,Action,Square Enix,0,0.02,0,0,0.02,73,17,5.4,52,Nixxes Software,T
Lords of the Fallen,XOne,2014,Role-Playing,Square Enix,0.1,0.1,0,0.02,0.22,71,13,6.7,166,"City Interactive, Deck 13",M
Lords of the Fallen,PS4,2014,Role-Playing,Square Enix,0.18,0.24,0.02,0.08,0.52,68,45,6.6,425,"City Interactive, Deck 13",M
Lords of the Fallen,PC,2014,Role-Playing,Square Enix,0,0.03,0,0,0.03,73,36,6.9,583,"City Interactive, Deck 13",M
Murdered: Soul Suspect,XOne,2014,Action,Square Enix,0.08,0.07,0,0.01,0.16,51,17,7,130,Airtight Games,M
Murdered: Soul Suspect,X360,2014,Action,Square Enix,0.06,0.03,0,0.01,0.1,30,29,7.2,57,Airtight Games,M
Murdered: Soul Suspect,PS4,2014,Action,Square Enix,0.09,0.16,0.02,0.05,0.32,59,60,6.9,310,Airtight Games,M
Murdered: Soul Suspect,PS3,2014,Action,Square Enix,0.05,0.05,0.02,0.02,0.14,33,41,7.1,55,Airtight Games,M
Murdered: Soul Suspect,PC,2014,Action,Square Enix,0,0.05,0,0,0.05,59,22,7.4,379,Airtight Games,M
Sleeping Dogs,XOne,2014,Action,Square Enix,0.1,0.09,0,0.02,0.2,79,84,2,53,,
Sleeping Dogs,PS4,2014,Action,Square Enix,0.16,0.2,0,0.07,0.43,66,63,6,45,,
Theatrhythm Final Fantasy: Curtain Call,3DS,2014,Misc,Square Enix,0.13,0.08,0.15,0.02,0.37,83,52,8.2,66,Indies Zero,T
Thief (2014),XOne,2014,Action,Square Enix,0.26,0.15,0,0.04,0.46,89,99,6,78,,
Thief (2014),X360,2014,Action,Square Enix,0.14,0.11,0,0.02,0.28,34,66,4,5,,
Thief (2014),PS4,2014,Action,Square Enix,0.28,0.38,0.03,0.13,0.82,24,74,0,31,,
Thief (2014),PS3,2014,Action,Square Enix,0.1,0.17,0.02,0.05,0.35,67,19,1,74,,
Thief (2014),PC,2014,Action,Square Enix,0,0.09,0,0.01,0.1,91,58,0,55,,
Tomb Raider (2013),XOne,2014,Action,Square Enix,0.35,0.21,0,0.05,0.61,57,0,1,73,,
Tomb Raider (2013),PS4,2014,Action,Square Enix,0.47,0.65,0.06,0.22,1.4,98,58,8,15,,
Dragon Quest Heroes: The World's Tree Woe and the Blight Below,PS4,2015,Action,Square Enix,0.17,0.13,0.37,0.06,0.74,93,73,8,12,,
Dragon Quest Heroes: The World's Tree Woe and the Blight Below,PS3,2015,Action,Square Enix,0,0,0.49,0,0.49,29,70,6,10,,
Dragon Quest VIII: Journey of the Cursed King,3DS,2015,Role-Playing,Square Enix,0,0,0.86,0,0.86,72,82,1,34,Cygames,T
Dragon Quest X: All in One Package,WiiU,2015,Role-Playing,Square Enix,0,0,0.01,0,0.01,2,44,0,52,,
Final Fantasy Type-0,XOne,2015,Role-Playing,Square Enix,0.16,0.07,0,0.02,0.25,19,8,3,83,,
Final Fantasy Type-0,PS4,2015,Role-Playing,Square Enix,0.37,0.32,0.15,0.14,0.98,83,61,5,5,,
Final Fantasy X/X-2 HD Remaster,PS4,2015,Role-Playing,Square Enix,0.29,0.27,0.06,0.11,0.74,52,76,10,26,,
Final Fantasy XIV: Heavensward,PS4,2015,Action,Square Enix,0,0.06,0.06,0.01,0.13,86,20,7.6,225,Square Enix,T
Final Fantasy XIV: Heavensward,PS3,2015,Action,Square Enix,0.01,0,0.01,0,0.02,90,10,8.2,72,Square Enix,T
Final Fantasy XIV: Heavensward,PC,2015,Action,Square Enix,0.01,0.01,0,0,0.02,86,14,7.7,255,Square Enix,T
Just Cause 3,XOne,2015,Action,Square Enix,0.44,0.39,0,0.08,0.9,71,24,7,186,Avalanche Studios,M
Just Cause 3,PS4,2015,Action,Square Enix,0.47,1.03,0.07,0.28,1.86,73,42,6.5,403,Avalanche Studios,M
Just Cause 3,PC,2015,Action,Square Enix,0.03,0.11,0,0.01,0.14,74,50,5.3,529,Avalanche Studios,M
Rise of the Tomb Raider,XOne,2015,Adventure,Square Enix,0.55,0.7,0.02,0.11,1.38,86,102,8,1288,Crystal Dynamics,M
Rise of the Tomb Raider,X360,2015,Adventure,Square Enix,0.18,0.11,0,0.03,0.32,41,35,7.5,178,Nixxes Software,M
Theatrhythm Dragon Quest,3DS,2015,Misc,Square Enix,0,0,0.15,0,0.15,79,31,6,84,,
Deus Ex: Mankind Divided,XOne,2016,Role-Playing,Square Enix,0.09,0.06,0,0.01,0.17,83,18,7.2,175,Eidos Montreal,M
Deus Ex: Mankind Divided,PS4,2016,Role-Playing,Square Enix,0.11,0.21,0,0.06,0.38,84,59,7.6,511,Eidos Montreal,M
Deus Ex: Mankind Divided,PC,2016,Role-Playing,Square Enix,0,0.03,0,0,0.03,83,55,6.1,684,"Eidos Montreal, Nixxes Software",M
Dragon Quest Builders: Revive Alefgard,PSV,2016,Role-Playing,Square Enix,0,0,0.3,0,0.3,2,28,6,0,,
Dragon Quest Builders: Revive Alefgard,PS4,2016,Role-Playing,Square Enix,0.04,0.11,0.22,0.03,0.4,97,66,3,23,,
Dragon Quest Builders: Revive Alefgard,PS3,2016,Role-Playing,Square Enix,0,0,0.12,0,0.12,0,93,6,7,,
Dragon Quest Heroes II: Twin Kings and the Prophecy's End,PSV,2016,Action,Square Enix,0,0,0.23,0,0.23,81,44,10,2,,
Dragon Quest Heroes II: Twin Kings and the Prophecy's End,PS4,2016,Action,Square Enix,0,0,0.28,0,0.28,26,43,5,60,,
Dragon Quest Heroes II: Twin Kings and the Prophecy's End,PS3,2016,Action,Square Enix,0,0,0.13,0,0.13,57,98,7,91,,
Dragon Quest Monsters Joker 3,3DS,2016,Role-Playing,Square Enix,0,0,0.63,0,0.63,1,97,1,84,,
Hitman (2016),XOne,2016,Action,Square Enix,0,0.01,0,0,0.01,72,93,2,81,,
Hitman (2016),PS4,2016,Action,Square Enix,0,0.04,0,0.01,0.05,61,16,6,70,,
Life is Strange,XOne,2016,Adventure,Square Enix,0.09,0.03,0,0.01,0.13,85,4,8.7,123,DONTNOD Entertainment,M
Life is Strange,PS4,2016,Adventure,Square Enix,0.15,0.15,0.03,0.06,0.4,85,23,8.6,672,DONTNOD Entertainment,M
Life is Strange,PC,2016,Adventure,Square Enix,0.01,0.04,0,0,0.04,83,15,8.6,1620,DONTNOD Entertainment,M
Project Setsuna,PSV,2016,Role-Playing,Square Enix,0,0,0.05,0,0.05,98,65,7,13,,
Project Setsuna,PS4,2016,Role-Playing,Square Enix,0,0,0.06,0,0.06,68,70,6,100,,
Rise of the Tomb Raider,PS4,2016,Adventure,Square Enix,0.23,0.53,0.04,0.14,0.94,84,72,8,23,,
Rise of the Tomb Raider,PC,2016,Adventure,Square Enix,0,0.11,0,0.01,0.12,86,45,7.9,915,"Crystal Dynamics, Nixxes Software",M
Star Ocean 5: Integrity and Faithlessness,PS4,2016,Role-Playing,Square Enix,0.07,0.09,0.15,0.03,0.33,18,27,6,37,,
Star Ocean 5: Integrity and Faithlessness,PS3,2016,Role-Playing,Square Enix,0,0,0.04,0,0.04,9,84,2,34,,
World of Final Fantasy,PSV,2016,Role-Playing,Square Enix,0.04,0.06,0.08,0.03,0.21,77,5,8.6,46,Square Enix,E10+
World of Final Fantasy,PS4,2016,Role-Playing,Square Enix,0.08,0.14,0.08,0.04,0.33,77,74,8.3,222,Square Enix,E10+
Egg Monster Hero,DS,N/A,Role-Playing,Square Enix,0,0,0.09,0,0.09,35,52,0,61,Neverland,E
Tomb Raider (2013),PC,N/A,Action,Square Enix,0.06,0.25,0,0.04,0.35,86,18,8.5,3552,"Crystal Dynamics, Nixxes Software",M
Sleeping Dogs,X360,2012,Action,Square Enix ,0.38,0.4,0.01,0.08,0.87,80,47,7.9,468,United Front Games,M
Sleeping Dogs,PC,2012,Action,Square Enix ,0.06,0.05,0,0.01,0.12,81,23,8.2,1209,United Front Games,M
