﻿Name,Platform,Year_of_Release,Genre,Publisher,NA_Sales,EU_Sales,JP_Sales,Other_Sales,Global_Sales,Critic_Score,Critic_Count,User_Score,User_Count,Developer,Rating
Grand Theft Auto,PS,1997,Action,Take-Two Interactive,0.79,1.35,0.04,0.14,2.32,44,41,1,99,,
Space Station Silicon Valley,N64,1997,Adventure,Take-Two Interactive,0.12,0.03,0,0,0.15,12,7,6,91,,
Wheel of Fortune,N64,1997,Misc,Take-Two Interactive,0.2,0.05,0,0,0.25,43,30,0,48,,
Alexi Lalas International Soccer,PS,1998,Sports,Take-Two Interactive,0.04,0.03,0,0,0.07,65,92,4,43,,
Duke Nukem: Time to Kill,PS,1998,Shooter,Take-Two Interactive,0.77,0.54,0,0.07,1.38,46,53,4,78,,
Grand Theft Auto 2,PS,1998,Action,Take-Two Interactive,1.13,2.07,0,0.22,3.42,70,15,8,67,DMA Design,T
"Grand Theft Auto: Mission Pack #1, London 1969",PS,1998,Adventure,Take-Two Interactive,0.06,0.04,0,0.01,0.11,70,3,8,57,,
Monkey Hero,PS,1998,Action,Take-Two Interactive,0.04,0.03,0,0,0.08,3,67,4,97,,
Thrasher Presents: Skate and Destroy,PS,1998,Sports,Take-Two Interactive,0.22,0.15,0,0.03,0.39,99,21,3,59,,
Bass Hunter 64,N64,1999,Sports,Take-Two Interactive,0.25,0.06,0,0,0.31,45,81,2,29,,
Grudge Warriors,PS,1999,Action,Take-Two Interactive,0.23,0.16,0,0.03,0.41,81,64,2,98,,
Monster Truck Madness 64,N64,1999,Racing,Take-Two Interactive,0.24,0.06,0,0,0.3,74,53,5,93,,
Pro Pinball: Big Race USA,PS,1999,Simulation,Take-Two Interactive,0.37,0.25,0,0.04,0.66,69,4,7,2,Cunning Developments,E
Action Bass,PS,2000,Action,Take-Two Interactive,0.64,0.43,0,0.07,1.14,51,8,8,64,Vingt-et-un Systems,E
Ball Breakers,PS,2000,Action,Take-Two Interactive,0.1,0.07,0,0.01,0.18,68,10,5.3,4,Lost Toys,E
Midnight Club: Street Racing,PS2,2000,Racing,Take-Two Interactive,2,0.47,0.02,0.14,2.63,78,18,7.8,21,Angel Studios,T
Q-Ball: Billiards Master,PS2,2000,Sports,Take-Two Interactive,0.13,0.1,0,0.04,0.27,65,9,6,95,Ornith,E
Smuggler's Run,PS2,2000,Racing,Take-Two Interactive,0.77,0.6,0,0.2,1.56,79,21,6.8,18,Rockstar San Diego,T
Surfing H3O,PS2,2000,Sports,Take-Two Interactive,0.12,0.1,0,0.03,0.25,46,15,4.6,8,Opus,E
City Crisis,PS2,2001,Simulation,Take-Two Interactive,0.06,0.05,0,0.02,0.13,63,20,6.2,5,Syscom,E
Grand Theft Auto III,PS2,2001,Action,Take-Two Interactive,6.99,4.51,0.3,1.3,13.1,97,56,8.5,664,DMA Design,M
KISS Pinball,PS,2001,Action,Take-Two Interactive,0.17,0.12,0,0.02,0.31,26,7,3.8,8,Wildfire Studios,T
Martian Gothic: Unification,PS,2001,Adventure,Take-Two Interactive,0.06,0.04,0,0.01,0.11,64,4,6.1,16,Coyote Developments,M
Max Payne,XB,2001,Shooter,Take-Two Interactive,0.98,0.19,0,0.05,1.22,89,24,8.3,61,neo Software,M
Max Payne,PS2,2001,Shooter,Take-Two Interactive,1.99,1.05,0.05,0.22,3.31,80,21,8.5,86,Rockstar Toronto,M
Max Payne,PC,2001,Shooter,Take-Two Interactive,0,0.02,0,0,0.02,89,32,9.1,1016,Remedy Entertainment,M
Motocross Mania,PS,2001,Racing,Take-Two Interactive,0.44,0.3,0,0.05,0.79,34,6,5.3,6,Deibus Studios,E
Oni,PS2,2001,Action,Take-Two Interactive,0.26,0.2,0,0.07,0.53,69,24,7.8,22,Rockstar Toronto,T
Rune: Viking Warlord,PS2,2001,Action,Take-Two Interactive,0.13,0.1,0,0.03,0.26,53,16,7.3,11,Human Head Studios,M
Saltwater Sportfishing,PS,2001,Sports,Take-Two Interactive,0.12,0.08,0,0.01,0.22,58,51,10,24,,
Spec Ops: Covert Assault,PS,2001,Shooter,Take-Two Interactive,0.24,0.16,0,0.03,0.43,87,26,5,3,Runecraft,T
Big Bass Fishing,PS,2002,Action,Take-Two Interactive,0,0,0.02,0,0.02,84,97,7.2,6,Coresoft,E
Grand Theft Auto III,PC,2002,Action,Take-Two Interactive,0,0.01,0,0,0.01,93,20,8.4,805,"DMA Design, Rockstar North",M
Grand Theft Auto: Vice City,PS2,2002,Action,Take-Two Interactive,8.41,5.49,0.47,1.78,16.15,95,62,8.7,730,Rockstar North,M
Mafia,PC,2002,Action,Take-Two Interactive,0,0.04,0,0.01,0.04,88,27,9.1,863,Illusion Softworks,M
Serious Sam,XB,2002,Shooter,Take-Two Interactive,0.11,0.03,0,0.01,0.15,75,22,8.2,16,Croteam,M
Smuggler's Run: Warzones,GC,2002,Misc,Take-Two Interactive,0.06,0.02,0,0,0.08,79,23,6.9,11,Rockstar San Diego,T
Spec Ops: Airborne Commando,PS,2002,Shooter,Take-Two Interactive,1.54,0.46,0,0.08,2.07,9,19,9,24,,
State of Emergency,PS2,2002,Action,Take-Two Interactive,0.86,0.67,0,0.22,1.76,71,34,5.7,33,VIS Entertainment,M
Disney's The Haunted Mansion,XB,2003,Platform,Take-Two Interactive,0.07,0.02,0,0,0.09,81,8,5,87,,
Disney's The Haunted Mansion,PS2,2003,Platform,Take-Two Interactive,0.18,0.14,0,0.05,0.36,27,71,2,38,,
Disney's The Haunted Mansion,GC,2003,Platform,Take-Two Interactive,0.08,0.02,0,0,0.1,53,58,5,50,,
Grand Theft Auto: Vice City,PC,2003,Action,Take-Two Interactive,0,0.03,0,0.01,0.04,94,30,8.8,1520,Rockstar North,M
Manhunt,PS2,2003,Action,Take-Two Interactive,0.63,0.49,0,0.16,1.28,76,47,8.3,136,Rockstar North,M
Max Payne,GBA,2003,Shooter,Take-Two Interactive,0.02,0.01,0,0,0.03,78,33,7.8,13,Mobius Entertainment,M
Max Payne 2: The Fall of Max Payne,XB,2003,Shooter,Take-Two Interactive,0.47,0.15,0,0.02,0.64,84,34,8.4,49,Remedy Entertainment,M
Max Payne 2: The Fall of Max Payne,PS2,2003,Shooter,Take-Two Interactive,0.65,0.51,0,0.17,1.34,73,27,8.2,63,Rockstar Vienna,M
Max Payne 2: The Fall of Max Payne,PC,2003,Shooter,Take-Two Interactive,0,0.02,0,0,0.03,86,46,9,802,Remedy Entertainment,M
Midnight Club II,XB,2003,Racing,Take-Two Interactive,0.42,0.06,0,0.02,0.5,86,33,7.6,12,Rockstar San Diego,T
Midnight Club II,PS2,2003,Racing,Take-Two Interactive,1.25,0.29,0,0.24,1.78,85,41,8.5,47,Rockstar San Diego,T
Rockstar Games Double Pack: Grand Theft Auto III & Grand Theft Auto Vice City,XB,2003,Action,Take-Two Interactive,1.84,0.56,0,0.09,2.49,55,96,2,16,,
Rockstar Games Double Pack: Grand Theft Auto III & Grand Theft Auto Vice City,PS2,2003,Action,Take-Two Interactive,0.85,0.66,0,0.22,1.72,44,77,7,12,,
State of Emergency,XB,2003,Action,Take-Two Interactive,0.13,0.04,0,0.01,0.17,67,21,6.3,11,VIS Entertainment,M
Ford Racing 3,XB,2004,Racing,Take-Two Interactive,0.07,0.02,0,0,0.09,58,12,7,58,Razorworks Studios,E
Ford Racing 3,PS2,2004,Racing,Take-Two Interactive,0.13,0.1,0,0.03,0.26,50,7,6.6,8,Razorworks Studios,E
Grand Theft Auto,GBA,2004,Action,Take-Two Interactive,0.17,0.06,0,0,0.24,68,33,7.1,23,Digital Eclipse,M
Grand Theft Auto: San Andreas,PS2,2004,Action,Take-Two Interactive,9.43,0.4,0.41,10.57,20.81,95,80,9,1588,Rockstar North,M
Mafia,XB,2004,Action,Take-Two Interactive,0.17,0.05,0,0.01,0.23,66,33,7.7,22,Illusion Softworks,M
Manhunt,XB,2004,Action,Take-Two Interactive,0.14,0.04,0,0.01,0.19,74,37,7.9,19,Rockstar North,M
Motocross Mania 3,PS2,2004,Racing,Take-Two Interactive,0.05,0.04,0,0.01,0.1,5,63,0,96,Deibus Studios,T
Red Dead Revolver,XB,2004,Shooter,Take-Two Interactive,0.4,0.12,0,0.02,0.55,74,61,8.5,26,Rockstar San Diego,M
Red Dead Revolver,PS2,2004,Shooter,Take-Two Interactive,0.71,0.55,0,0.19,1.45,73,42,7.8,70,Rockstar San Diego,M
Scaler,PS2,2004,Platform,Take-Two Interactive,0.05,0.04,0,0.01,0.09,70,20,8.6,18,Artificial Mind and Movement,E
Scaler,GC,2004,Platform,Take-Two Interactive,0.03,0.01,0,0,0.04,69,11,7.3,8,Artificial Mind and Movement,E
Wings of War,XB,2004,Simulation,Take-Two Interactive,0.05,0.01,0,0,0.06,62,29,5,5,Silver Wish Games,T
Amped 3,X360,2005,Sports,Take-Two Interactive,0.13,0.02,0,0.01,0.16,72,49,7.1,36,2K Sports,T
Call of Cthulhu: Dark Corners of the Earth,XB,2005,Adventure,Take-Two Interactive,0.05,0.01,0,0,0.06,77,51,8.1,37,Headfirst Productions,M
Close Combat: First to Fight,XB,2005,Shooter,Take-Two Interactive,0.14,0.04,0,0.01,0.18,69,46,7.8,10,Destineer,T
College Hoops 2K6,XB,2005,Sports,Take-Two Interactive,0.07,0.02,0,0,0.1,82,17,9.2,6,2K Sports,E
Dollar Dash,PS2,2005,Action,Take-Two Interactive,1.3,0.23,0,0.07,1.6,29,26,6,11,,
Fatal Frame III: The Tormented,PS2,2005,Action,Take-Two Interactive,0.04,0.03,0,0.01,0.08,78,46,8.9,58,Tecmo,M
Ford Mustang: The Legend Lives,XB,2005,Racing,Take-Two Interactive,0.07,0.02,0,0,0.09,55,13,3,55,Eutechnyx,E
Ford Mustang: The Legend Lives,PS2,2005,Racing,Take-Two Interactive,0.14,0.11,0,0.04,0.29,58,5,7.3,8,Eutechnyx,E
Grand Theft Auto: Liberty City Stories,PSP,2005,Action,Take-Two Interactive,2.9,2.81,0.24,1.73,7.69,88,65,7.6,451,Rockstar Leeds,M
Grand Theft Auto: San Andreas,XB,2005,Action,Take-Two Interactive,1.26,0.61,0,0.09,1.95,93,58,8.6,118,Rockstar North,AO
Grand Theft Auto: San Andreas,PC,2005,Action,Take-Two Interactive,0,0.93,0,0.04,0.97,93,47,8.9,1841,Rockstar North,M
Major League Baseball 2K5,XB,2005,Sports,Take-Two Interactive,0.52,0.02,0,0.02,0.56,81,25,8.2,17,Kush Games,E
Major League Baseball 2K5,PS2,2005,Sports,Take-Two Interactive,0.72,0.56,0,0.19,1.48,82,19,7.4,20,Kush Games,E
Midnight Club 3: DUB Edition,XB,2005,Racing,Take-Two Interactive,0.61,0.1,0,0.03,0.74,84,53,7.4,40,Rockstar San Diego,E10+
Midnight Club 3: DUB Edition,PSP,2005,Racing,Take-Two Interactive,1.65,1.21,0,0.79,3.65,74,34,8.4,31,Rockstar Leeds,E10+
Midnight Club 3: DUB Edition (America weekly sales),PS2,2005,Racing,Take-Two Interactive,1.22,0.05,0,0.01,1.29,53,72,1,88,,
Motocross Mania 3,XB,2005,Racing,Take-Two Interactive,0.01,0,0,0,0.02,38,9,3.6,7,Deibus Studios,T
NBA 2K6,XB,2005,Action,Take-Two Interactive,0.27,0.08,0,0.01,0.36,84,27,8.7,15,Visual Concepts,E
NBA 2K6,X360,2005,Action,Take-Two Interactive,0.21,0.01,0,0.02,0.23,81,33,8.6,31,Visual Concepts,E
NBA 2K6,PS2,2005,Action,Take-Two Interactive,0.43,0.34,0,0.11,0.88,84,23,8.3,13,Visual Concepts,E
NHL 2K6,XB,2005,Sports,Take-Two Interactive,0.16,0.05,0,0.01,0.21,83,32,7.5,26,2K Sports,E10+
NHL 2K6,X360,2005,Sports,Take-Two Interactive,0.09,0,0,0.01,0.1,75,37,6.1,24,2K Sports,E10+
NHL 2K6,PS2,2005,Sports,Take-Two Interactive,0.21,0.16,0,0.05,0.42,81,28,5.8,18,2K Sports,E10+
Royal Palace of White Sword and The City of Gentiles,XB,2005,Role-Playing,Take-Two Interactive,0.06,0.02,0,0,0.09,17,84,8,14,,
Royal Palace of White Sword and The City of Gentiles,PS2,2005,Role-Playing,Take-Two Interactive,0,0.51,0,0.62,1.14,57,99,4,91,,
Serious Sam II,XB,2005,Shooter,Take-Two Interactive,0.05,0.01,0,0,0.06,72,34,6.7,11,Croteam,M
Serious Sam II,PC,2005,Shooter,Take-Two Interactive,0,0.01,0,0,0.01,74,31,7,152,Croteam,M
Shattered Union,XB,2005,Strategy,Take-Two Interactive,0.03,0.01,0,0,0.04,66,17,6.9,7,PopTop Software,T
Sid Meier's Civilization IV,PC,2005,Strategy,Take-Two Interactive,0.02,0.12,0,0.03,0.16,94,50,8.3,909,Firaxis Games,E10+
Sid Meier's Pirates!,XB,2005,Strategy,Take-Two Interactive,0.11,0.03,0,0.01,0.14,40,57,6,72,,
Splat Renegade Paintball,XB,2005,Sports,Take-Two Interactive,0.04,0.01,0,0,0.06,44,14,5,44,Cat Daddy Games,T
Stronghold 2 Deluxe,PC,2005,Strategy,Take-Two Interactive,0,0.02,0,0,0.02,8,89,9,23,,
The Warriors,XB,2005,Action,Take-Two Interactive,0.21,0.06,0,0.01,0.28,85,55,8.2,21,Rockstar Toronto,M
The Warriors,PS2,2005,Action,Take-Two Interactive,0.44,0.02,0,0.07,0.53,84,52,8.5,72,Rockstar Toronto,M
Tokobot,PSP,2005,Platform,Take-Two Interactive,0.06,0,0,0,0.06,72,30,7.3,8,Tecmo,E
Top Spin,PS2,2005,Sports,Take-Two Interactive,0.05,0.04,0,0.01,0.1,67,28,7.8,12,Pam Development,E
World Poker Tour,XB,2005,Misc,Take-Two Interactive,0.05,0.01,0,0,0.06,63,17,7.8,4,2K Sports,T
World Poker Tour,PS2,2005,Misc,Take-Two Interactive,0.1,0.08,0,0.03,0.21,60,17,8.6,5,Coresoft,T
World Poker Tour,GBA,2005,Misc,Take-Two Interactive,0.01,0,0,0,0.01,25,21,4,50,Backbone Emeryville,E
Zathura,XB,2005,Adventure,Take-Two Interactive,0.02,0,0,0,0.02,48,15,5.5,4,High Voltage Software,E10+
Zathura,PS2,2005,Adventure,Take-Two Interactive,0.06,0.05,0,0.02,0.12,43,16,2,5,High Voltage Software,E10+
Bully,PS2,2006,Action,Take-Two Interactive,0.75,0.03,0.04,0.12,0.94,87,69,9.1,293,Rockstar Vancouver,T
College Hoops 2K6,X360,2006,Sports,Take-Two Interactive,0.11,0,0,0.01,0.12,70,17,7.3,11,2K Sports,E
College Hoops 2K7,X360,2006,Sports,Take-Two Interactive,0.2,0,0,0.02,0.21,82,22,8.2,12,2K Sports,E
Dungeon Siege: Throne of Agony,PSP,2006,Role-Playing,Take-Two Interactive,0.13,0.02,0,0.02,0.16,74,32,8.1,21,SuperVillain Studios,T
Family Guy,PSP,2006,Action,Take-Two Interactive,0.18,0,0,0.02,0.19,51,14,6.3,15,High Voltage Software,M
Grand Theft Auto: Liberty City Stories,PS2,2006,Action,Take-Two Interactive,1.56,1.4,0.07,0.5,3.54,78,49,7.8,112,Rockstar Leeds,M
Grand Theft Auto: Vice City Stories,PSP,2006,Action,Take-Two Interactive,1.7,1.99,0.16,1.18,5.03,86,50,8,150,Rockstar Leeds,M
Major League Baseball 2K6,XB,2006,Sports,Take-Two Interactive,0.24,0.07,0,0.01,0.33,71,21,5.7,12,Kush Games,E
Major League Baseball 2K6,GC,2006,Sports,Take-Two Interactive,0.13,0.03,0,0,0.17,66,8,6,18,Kush Games,E
Midnight Club 3: DUB Edition Remix,XB,2006,Racing,Take-Two Interactive,0.15,0.04,0,0.01,0.2,87,16,5.3,18,Rockstar San Diego,E10+
Midnight Club 3: DUB Edition Remix,PS2,2006,Racing,Take-Two Interactive,0.97,0.04,0,0.16,1.16,85,19,8.9,53,Rockstar San Diego,E10+
NBA 2K7,XB,2006,Sports,Take-Two Interactive,0.02,0.01,0,0,0.03,83,8,8.6,5,"Kush Games, Visual Concepts",E
NBA 2K7,X360,2006,Sports,Take-Two Interactive,0.53,0,0,0.04,0.58,84,46,7.8,67,"Kush Games, Visual Concepts",E
NBA 2K7,PS3,2006,Sports,Take-Two Interactive,0.3,0.04,0,0.03,0.37,80,20,7.4,8,Visual Concepts,E
NBA 2K7,PS2,2006,Sports,Take-Two Interactive,0.65,0.02,0,0.11,0.78,81,12,8.4,18,"Kush Games, Visual Concepts",E
NHL 2K7,XB,2006,Sports,Take-Two Interactive,0.01,0,0,0,0.01,78,8,4,2,Kush Games,E10+
NHL 2K7,X360,2006,Sports,Take-Two Interactive,0.07,0,0,0.01,0.08,78,51,7.9,166,Kush Games,E10+
NHL 2K7,PS3,2006,Sports,Take-Two Interactive,0.11,0,0,0.01,0.12,79,24,6.6,5,Kush Games,E10+
Prey,X360,2006,Shooter,Take-Two Interactive,0.27,0.03,0,0.03,0.32,79,80,7.3,117,Venom Games,M
Prey,PC,2006,Shooter,Take-Two Interactive,0,0.03,0,0.01,0.03,32,44,7,7,Arkane Studios,
Rockstar Games presents Table Tennis,X360,2006,Sports,Take-Two Interactive,0.28,0.38,0,0.08,0.75,81,75,7.8,69,Rockstar San Diego,E
Sid Meier's Railroads!,PC,2006,Simulation,Take-Two Interactive,0.01,0.03,0,0,0.04,10,59,8,9,,
Stronghold Legends,PC,2006,Strategy,Take-Two Interactive,0,0.01,0,0,0.02,57,19,7.2,44,FireFly Studios,T
Sudoku Fever,GBA,2006,Puzzle,Take-Two Interactive,0.05,0.02,0,0,0.07,9,6,8,7,Global Star Software,E
The Da Vinci Code,XB,2006,Action,Take-Two Interactive,0.03,0.01,0,0,0.04,52,34,2.8,5,Double Helix Games,T
The Da Vinci Code,PS2,2006,Action,Take-Two Interactive,0.07,0.05,0,0.02,0.14,54,43,8,24,Double Helix Games,T
The Elder Scrolls IV: Oblivion,X360,2006,Role-Playing,Take-Two Interactive,2.82,1.03,0.13,0.4,4.38,94,90,8.7,1109,Bethesda Softworks,M
The Elder Scrolls IV: Oblivion,PC,2006,Role-Playing,Take-Two Interactive,0.01,0.2,0,0.04,0.25,94,54,8.1,2454,Bethesda Softworks,M
Top Spin 2,X360,2006,Sports,Take-Two Interactive,0.15,0,0,0.01,0.17,75,52,6.8,25,Pam Development,E
Top Spin 2,DS,2006,Sports,Take-Two Interactive,0.05,0,0,0,0.05,51,8,1,43,Indie Built,E
Torino 2006,XB,2006,Sports,Take-Two Interactive,0.03,0.01,0,0,0.04,25,90,5,51,,
Torino 2006,PS2,2006,Sports,Take-Two Interactive,0.06,0.05,0,0.02,0.13,96,12,9,87,,
World Poker Tour,PSP,2006,Misc,Take-Two Interactive,0.04,0,0,0,0.04,68,14,4,21,Coresoft,T
All-Pro Football 2K8,X360,2007,Sports,Take-Two Interactive,0.24,0,0,0.02,0.26,75,22,6.8,52,Visual Concepts,E10+
All-Pro Football 2K8,PS3,2007,Sports,Take-Two Interactive,0.14,0,0,0.01,0.15,73,23,7.3,21,Visual Concepts,E10+
BioShock,X360,2007,Shooter,Take-Two Interactive,1.65,0.85,0.05,0.28,2.83,96,88,8.9,2249,"Irrational Games, 2K Marin",M
BioShock,PC,2007,Shooter,Take-Two Interactive,0.01,0.39,0,0.02,0.41,96,44,8.5,3606,"Irrational Games, 2K Marin",M
Carnival Games,Wii,2007,Misc,Take-Two Interactive,2.12,1.47,0.05,0.42,4.05,56,27,6,44,Cat Daddy Games,E
College Hoops 2K7,PS3,2007,Sports,Take-Two Interactive,0.16,0,0,0.01,0.18,81,9,7.1,8,2K Sports,E
College Hoops 2K8,X360,2007,Sports,Take-Two Interactive,0.16,0,0,0.01,0.18,81,21,6.9,16,Visual Concepts,E
College Hoops 2K8,PS3,2007,Sports,Take-Two Interactive,0.13,0,0,0.01,0.14,82,18,5.2,6,Visual Concepts,E
College Hoops 2K8,PS2,2007,Sports,Take-Two Interactive,0.17,0.13,0,0.04,0.35,66,4,10,57,Visual Concepts,E
Dora the Explorer: Dora Saves the Mermaids,DS,2007,Platform,Take-Two Interactive,0.97,0.01,0,0.07,1.05,44,5,2,28,Black Lantern Studios,E
Fantastic Four: Rise of the Silver Surfer,X360,2007,Action,Take-Two Interactive,0.1,0.01,0,0.01,0.11,45,30,5.4,16,Visual Concepts,T
Fantastic Four: Rise of the Silver Surfer,Wii,2007,Action,Take-Two Interactive,0.04,0.01,0,0,0.05,39,16,5.9,15,7 Studios,T
Fantastic Four: Rise of the Silver Surfer,PS3,2007,Action,Take-Two Interactive,0.12,0.02,0,0.02,0.15,47,26,6.2,10,Visual Concepts,T
Fantastic Four: Rise of the Silver Surfer,PS2,2007,Action,Take-Two Interactive,0.19,0.15,0,0.05,0.39,36,7,6.4,17,7 Studios,T
Fantastic Four: Rise of the Silver Surfer,DS,2007,Action,Take-Two Interactive,0.04,0,0,0,0.04,35,8,4.8,13,7 Studios,E10+
Ghost Rider,PSP,2007,Action,Take-Two Interactive,0.22,0,0,0.02,0.24,49,17,5.7,13,Climax Group,T
"Go, Diego, Go! Safari Rescue",DS,2007,Adventure,Take-Two Interactive,0.14,0.01,0,0.01,0.15,50,63,1,82,,
Grand Theft Auto: Vice City Stories,PS2,2007,Action,Take-Two Interactive,0.78,0.03,0.03,0.13,0.97,75,37,7.9,67,Rockstar Leeds,M
Major League Baseball 2K7,PSP,2007,Sports,Take-Two Interactive,0.08,0,0,0.01,0.09,61,5,9,35,Visual Concepts,E
Manhunt 2,Wii,2007,Action,Take-Two Interactive,0.25,0.23,0,0.06,0.53,62,38,7.1,46,Rockstar Toronto,M
Manhunt 2,PSP,2007,Action,Take-Two Interactive,0.04,0.17,0,0.09,0.31,69,15,8.1,38,Rockstar London,M
Manhunt 2,PS2,2007,Action,Take-Two Interactive,0.27,0.21,0,0.07,0.56,67,22,7.8,53,Rockstar London,M
NBA 2K8,X360,2007,Sports,Take-Two Interactive,0.79,0,0,0.07,0.85,81,33,7,28,Visual Concepts,E
NBA 2K8,PS3,2007,Sports,Take-Two Interactive,0.5,0.01,0,0.05,0.55,81,18,6.8,19,Visual Concepts,E
NBA 2K8,PS2,2007,Sports,Take-Two Interactive,0.5,0.02,0,0.08,0.6,72,7,6,9,Visual Concepts,E
NHL 2K8,X360,2007,Sports,Take-Two Interactive,0.11,0.01,0,0.01,0.13,71,43,7.4,16,Kush Games,E10+
NHL 2K8,PS3,2007,Sports,Take-Two Interactive,0.08,0.01,0,0.01,0.09,74,24,1,72,Kush Games,E10+
Rockstar Games presents Table Tennis,Wii,2007,Sports,Take-Two Interactive,0.39,0.72,0,0.15,1.26,68,36,5.8,21,Rockstar San Diego,E
Sid Meier's Pirates!,PSP,2007,Strategy,Take-Two Interactive,0.16,0.01,0,0.02,0.2,23,52,4,7,,
The BIGS,X360,2007,Sports,Take-Two Interactive,0.18,0.08,0,0,0.27,79,23,8.4,21,Blue Castle Games,E
The BIGS,Wii,2007,Sports,Take-Two Interactive,0.34,0,0,0.03,0.37,66,15,7.1,14,Blue Castle Games,E
The BIGS,PSP,2007,Sports,Take-Two Interactive,0.1,0,0,0.01,0.11,72,9,3,91,Blue Castle Games,E
The BIGS,PS3,2007,Sports,Take-Two Interactive,0.15,0,0,0.01,0.16,77,19,7.2,12,Blue Castle Games,E
The BIGS,PS2,2007,Sports,Take-Two Interactive,0.25,0.19,0,0.06,0.51,71,4,4.8,4,Blue Castle Games,E
The Darkness,X360,2007,Shooter,Take-Two Interactive,0.36,0.04,0.01,0.03,0.44,82,63,8.1,196,Starbreeze,M
The Darkness,PS3,2007,Shooter,Take-Two Interactive,0.2,0.33,0,0.13,0.66,80,35,7.7,107,Starbreeze,M
The Warriors,PSP,2007,Action,Take-Two Interactive,0.23,0.01,0,0.02,0.27,81,36,7.8,21,"Rockstar Toronto, Rockstar Leeds",M
BioShock,PS3,2008,Shooter,Take-Two Interactive,0.75,0.46,0.01,0.2,1.42,94,51,8.7,881,"Digital Extremes, 2K Marin",M
Bully: Scholarship Edition,X360,2008,Action,Take-Two Interactive,0.53,0.4,0.03,0.11,1.06,80,56,8.3,154,"Mad Doc Software, Rockstar Vancouver",T
Bully: Scholarship Edition,Wii,2008,Action,Take-Two Interactive,0.17,0.28,0,0.06,0.5,83,34,8.4,60,Rockstar Toronto,T
Bully: Scholarship Edition,PC,2008,Action,Take-Two Interactive,0,0.02,0,0,0.03,72,11,7.5,257,"Mad Doc Software, Rockstar Vancouver",T
Carnival Games,DS,2008,Misc,Take-Two Interactive,1.21,0.63,0,0.19,2.03,48,11,3.3,4,Cat Daddy Games,E
Carnival Games: Mini Golf,Wii,2008,Sports,Take-Two Interactive,0.86,0.54,0,0.15,1.56,38,10,5.7,7,Cat Daddy Games,E
Don King Presents: Prizefighter,X360,2008,Sports,Take-Two Interactive,0.14,0.08,0,0.02,0.25,56,45,6.4,29,Venom Games,T
Dora the Explorer: Dora Saves the Mermaids,PS2,2008,Platform,Take-Two Interactive,0.06,0.05,0,0.02,0.12,43,87,10,3,Take-Two Interactive,E
Dora The Explorer: Dora Saves the Snow Princess,Wii,2008,Platform,Take-Two Interactive,0.49,0.02,0,0.04,0.55,47,4,7,5,High Voltage Software,E
Dora The Explorer: Dora Saves the Snow Princess,PS2,2008,Platform,Take-Two Interactive,0.19,0.15,0,0.05,0.38,55,33,10,34,High Voltage Software,E
Dora The Explorer: Dora Saves the Snow Princess,DS,2008,Platform,Take-Two Interactive,0.26,0.15,0,0.03,0.45,97,98,1,14,,
Go Diego Go! Great Dinosaur Rescue,Wii,2008,Action,Take-Two Interactive,0.52,0.02,0,0.04,0.58,33,30,2,21,,
Go Diego Go! Great Dinosaur Rescue,DS,2008,Action,Take-Two Interactive,0.43,0.01,0,0.03,0.47,90,68,6,86,,
Go Diego Go! Safari Rescue,Wii,2008,Action,Take-Two Interactive,0.47,0,0,0.04,0.52,98,36,2,8,,
Go Diego Go!: Safari Rescue,PS2,2008,Action,Take-Two Interactive,0.02,0.02,0,0.01,0.04,77,52,10,25,,
"Go, Diego, Go!: Great Dinosaur Rescue",PS2,2008,Action,Take-Two Interactive,0.16,0.12,0,0.04,0.32,32,86,3,22,,
Grand Theft Auto IV,X360,2008,Action,Take-Two Interactive,6.76,3.07,0.14,1.03,11.01,98,86,7.9,2951,Rockstar North,M
Grand Theft Auto IV,PS3,2008,Action,Take-Two Interactive,4.76,3.69,0.44,1.61,10.5,98,64,7.5,2833,Rockstar North,M
Grand Theft Auto IV,PC,2008,Action,Take-Two Interactive,0.01,0.79,0,0.07,0.88,90,40,6.6,2299,Rockstar Toronto,M
Grand Theft Auto: San Andreas,X360,2008,Action,Take-Two Interactive,0.08,0.02,0,0.01,0.11,0,55,7.5,46,War Drum Studios,M
Major League Baseball 2K8,Wii,2008,Sports,Take-Two Interactive,0.13,0,0,0.01,0.14,74,44,2,20,,
Major League Baseball 2K8 Fantasy All-Stars,DS,2008,Sports,Take-Two Interactive,0.11,0,0,0.01,0.12,59,8,7,6,Deep Fried Entertainment,E
Midnight Club: LA Remix,PSP,2008,Racing,Take-Two Interactive,0.52,0.27,0,0.19,0.98,79,26,8.7,43,Rockstar London,T
Midnight Club: Los Angeles,X360,2008,Racing,Take-Two Interactive,1.68,0.45,0.01,0.21,2.35,81,66,8.5,142,Rockstar San Diego,T
Midnight Club: Los Angeles,PS3,2008,Racing,Take-Two Interactive,1.56,0.53,0.05,0.31,2.45,82,50,8.2,100,Rockstar San Diego,T
MLB Power Pros 2008,DS,2008,Sports,Take-Two Interactive,0.06,0,0,0,0.06,70,7,3,68,Konami,E
MLB Superstars,Wii,2008,Sports,Take-Two Interactive,0.08,0,0,0.01,0.09,3,1,4,5,Deep Fried Entertainment,E
NBA 2K9,X360,2008,Sports,Take-Two Interactive,1,0.16,0,0.11,1.27,84,32,7.2,44,Visual Concepts,E
NBA 2K9,PS3,2008,Sports,Take-Two Interactive,0.56,0,0,0.05,0.61,82,30,7,37,Visual Concepts,E
NBA 2K9,PS2,2008,Sports,Take-Two Interactive,0.34,0.01,0,0.06,0.41,0,1,8,4,Visual Concepts,E
NHL 2K9,X360,2008,Sports,Take-Two Interactive,0.15,0.01,0,0.01,0.17,69,33,6.7,7,Visual Concepts,E10+
NHL 2K9,Wii,2008,Sports,Take-Two Interactive,0.06,0,0,0,0.06,65,11,5.4,19,Visual Concepts,E10+
NHL 2K9,PS3,2008,Sports,Take-Two Interactive,0.11,0.01,0,0.01,0.13,70,21,9,55,Visual Concepts,E10+
NHL 2K9,PS2,2008,Sports,Take-Two Interactive,0.07,0.05,0,0.02,0.13,53,29,6.7,7,Visual Concepts,E10+
Sid Meier's Civilization Revolution,X360,2008,Strategy,Take-Two Interactive,0.58,0.17,0,0.07,0.83,84,55,7.8,171,Firaxis Games,E10+
Sid Meier's Civilization Revolution,PS3,2008,Strategy,Take-Two Interactive,0.49,0.19,0.01,0.09,0.78,85,39,7.7,87,Firaxis Games,E10+
Sid Meier's Civilization Revolution,DS,2008,Strategy,Take-Two Interactive,0.37,0.03,0.02,0.03,0.44,80,26,7.7,21,Firaxis Games,E10+
Top Spin 3,X360,2008,Action,Take-Two Interactive,0.09,0.4,0,0.07,0.56,78,47,7.6,36,Pam Development,E
Top Spin 3,Wii,2008,Action,Take-Two Interactive,0.15,0.37,0,0.07,0.58,68,18,5.7,29,Pam Development,E
Top Spin 3,PS3,2008,Action,Take-Two Interactive,0.08,0.36,0,0.12,0.57,75,36,7.5,20,Pam Development,E
Wonder Pets! Save the Animals!,DS,2008,Adventure,Take-Two Interactive,0.33,0,0,0.02,0.35,18,77,0,40,,
Baseball Blast!,Wii,2009,Sports,Take-Two Interactive,0.14,0,0,0.01,0.15,1,28,7,93,,
Beaterator,PSP,2009,Misc,Take-Two Interactive,0.06,0.02,0,0.02,0.09,80,44,7.8,12,Rockstar Leeds,E
Birthday Party Bash,Wii,2009,Misc,Take-Two Interactive,0.29,0,0,0.02,0.31,56,87,3,4,Cat Daddy Games,E
Borderlands,X360,2009,Shooter,Take-Two Interactive,2.4,0.71,0.03,0.29,3.44,84,83,8.2,715,Gearbox Software,M
Borderlands,PS3,2009,Shooter,Take-Two Interactive,1.2,0.6,0,0.29,2.09,83,58,7.9,427,Gearbox Software,M
Borderlands,PC,2009,Shooter,Take-Two Interactive,0.01,0.14,0,0.03,0.18,81,37,7.8,1363,Gearbox Software,M
Don King Boxing,Wii,2009,Sports,Take-Two Interactive,0.14,0.09,0,0.03,0.26,55,17,5,82,2K Shanghai,T
Don King Boxing,DS,2009,Sports,Take-Two Interactive,0.06,0.01,0,0.01,0.08,71,4,7.8,5,Venom Games,T
Dora the Explorer: Dora Puppy,DS,2009,Misc,Take-Two Interactive,0.39,0.01,0,0.03,0.43,82,46,4,87,,
Dora the Explorer: Dora Saves the Crystal Kingdom,Wii,2009,Misc,Take-Two Interactive,0.24,0,0,0.02,0.26,10,56,4,39,Take-Two Interactive,E
Dora the Explorer: Dora Saves the Crystal Kingdom,PS2,2009,Misc,Take-Two Interactive,0.05,0.04,0,0.01,0.09,46,94,3,51,Take-Two Interactive,E
Ghostbusters: The Video Game (DS Version),X360,2009,Action,Take-Two Interactive,1.04,1.22,0.03,0.27,2.56,52,63,0,68,,
Grand Theft Auto: Chinatown Wars,PSP,2009,Action,Take-Two Interactive,0.28,0.49,0.03,0.27,1.06,90,77,7.3,146,Rockstar Leeds,M
Grand Theft Auto: Chinatown Wars,DS,2009,Action,Take-Two Interactive,0.58,0.56,0.05,0.14,1.32,93,85,8.3,280,Rockstar Leeds,M
Major League Baseball 2K9,Wii,2009,Sports,Take-Two Interactive,0.24,0,0,0.02,0.26,61,5,4.5,10,2K Sports,E
MLB 2K9 Fantasy All-Stars,DS,2009,Sports,Take-Two Interactive,0.08,0,0,0.01,0.09,67,94,10,31,Take-Two Interactive,E
MLB Front Office Manager,X360,2009,Sports,Take-Two Interactive,0.06,0,0,0.01,0.07,47,13,4.6,10,Blue Castle Games,E
MLB Front Office Manager,PS3,2009,Sports,Take-Two Interactive,0.07,0,0,0.01,0.08,49,8,6.5,8,Blue Castle Games,E
NBA 2K10,X360,2009,Sports,Take-Two Interactive,0.88,0.02,0,0.08,0.97,82,46,7.6,34,Visual Concepts,E
NBA 2K10,Wii,2009,Sports,Take-Two Interactive,0.34,0,0,0.03,0.37,93,21,8.6,11,Visual Concepts,E
NBA 2K10,PSP,2009,Sports,Take-Two Interactive,0.3,0,0,0.03,0.33,69,45,8.1,13,Visual Concepts,E
NBA 2K10,PS3,2009,Sports,Take-Two Interactive,0.75,0.01,0.01,0.07,0.84,83,30,7.8,39,Visual Concepts,E
NBA 2K10,PS2,2009,Sports,Take-Two Interactive,0.33,0.01,0,0.05,0.4,36,50,8.6,11,Visual Concepts,E
NHL 2K10,X360,2009,Sports,Take-Two Interactive,0.11,0.02,0,0.01,0.15,69,31,7.9,15,Take-Two Interactive,E10+
NHL 2K10,Wii,2009,Sports,Take-Two Interactive,0.32,0.01,0,0.03,0.35,79,8,6.8,16,Take-Two Interactive,E10+
NHL 2K10,PS3,2009,Sports,Take-Two Interactive,0.13,0.01,0,0.01,0.15,66,23,7.1,8,Take-Two Interactive,E10+
NHL 2K10,PS2,2009,Sports,Take-Two Interactive,0.17,0.14,0,0.05,0.36,100,88,8.5,4,Take-Two Interactive,E10+
"Ni Hao, Kai-lan: New Year's Celebration",DS,2009,Misc,Take-Two Interactive,0.19,0,0,0.01,0.2,21,37,7,23,Take-Two Interactive,EC
"Ni Hao, Kai-lan: Super Game Day",Wii,2009,Misc,Take-Two Interactive,0.17,0,0,0.01,0.19,64,61,8.5,4,Take-Two Interactive,E
"Ni Hao, Kai-lan: Super Game Day",PS2,2009,Misc,Take-Two Interactive,0.04,0.03,0,0.01,0.08,82,49,5,79,Take-Two Interactive,E
Ringling Bros. and Barnum & Bailey Circus,Wii,2009,Action,Take-Two Interactive,0.17,0,0,0.01,0.18,19,27,1,82,,
Ringling Bros. and Barnum & Bailey: Circus Friends,DS,2009,Action,Take-Two Interactive,0.15,0,0,0.01,0.17,24,57,2,100,,
Royal Palace of White Sword and The City of Gentiles,PC,2009,Role-Playing,Take-Two Interactive,0,0.02,0,0,0.03,65,80,5,48,,
The Backyardigans,DS,2009,Adventure,Take-Two Interactive,0.23,0,0,0.02,0.25,8,84,2,67,Take-Two Interactive,E
The BIGS 2,X360,2009,Sports,Take-Two Interactive,0.19,0.01,0,0.02,0.21,76,31,6.2,35,Blue Castle Games,E10+
The BIGS 2,Wii,2009,Sports,Take-Two Interactive,0.26,0.01,0,0.02,0.29,68,5,8.5,6,Blue Castle Games,E10+
The BIGS 2,PSP,2009,Sports,Take-Two Interactive,0.09,0,0,0.01,0.1,67,5,3,59,Blue Castle Games,E10+
The BIGS 2,PS3,2009,Sports,Take-Two Interactive,0.12,0,0,0.01,0.13,80,18,7.6,16,Blue Castle Games,E10+
The BIGS 2,PS2,2009,Sports,Take-Two Interactive,0.1,0.08,0,0.03,0.2,96,21,6,70,Blue Castle Games,E10+
The BIGS 2,DS,2009,Sports,Take-Two Interactive,0.05,0,0,0,0.05,11,75,10,86,Blue Castle Games,E
The Stronghold Collection,PC,2009,Strategy,Take-Two Interactive,0.03,0.08,0,0.02,0.13,84,48,3,30,Take-Two Interactive,T
BioShock 2,X360,2010,Shooter,Take-Two Interactive,1.45,0.54,0.02,0.19,2.2,88,93,8.2,573,2K Marin,M
BioShock 2,PS3,2010,Shooter,Take-Two Interactive,0.85,0.46,0.02,0.22,1.54,88,62,8.2,492,2K Marin,M
Borderlands: Double Game Add-On Pack,X360,2010,Shooter,Take-Two Interactive,0.1,0.02,0,0.01,0.13,17,0,8,75,Gearbox Software,M
Diego's Build & Rescue,DS,2010,Action,Take-Two Interactive,0.07,0,0,0.01,0.08,48,95,7,95,,
Dora's Big Birthday Adventure,Wii,2010,Misc,Take-Two Interactive,0.09,0.01,0,0.01,0.1,88,50,3,32,High Voltage Software,E
Dora's Big Birthday Adventure,PS2,2010,Misc,Take-Two Interactive,0.02,0.01,0,0,0.04,9,91,1,52,2K Play,E
Dora's Big Birthday Adventure,DS,2010,Misc,Take-Two Interactive,0.08,0.01,0,0.01,0.09,92,15,5,5,2K Play,E
Dora's Cooking Club,DS,2010,Misc,Take-Two Interactive,0.08,0.01,0,0.01,0.1,17,73,8,50,,
Ghostbusters: The Video Game (DS Version),PS3,2010,Action,Take-Two Interactive,0.6,0.96,0.13,0.36,2.05,66,41,2,6,,
Ghostbusters: The Video Game (DS Version),PC,2010,Action,Take-Two Interactive,0,0.08,0,0.01,0.09,3,9,0,50,,
Mafia II,X360,2010,Action,Take-Two Interactive,0.85,0.55,0,0.15,1.55,74,79,7.8,458,2K Czech,M
Mafia II,PS3,2010,Action,Take-Two Interactive,0.5,0.69,0.04,0.26,1.49,75,61,7.7,297,2K Czech,M
Mafia II,PC,2010,Action,Take-Two Interactive,0.17,0.17,0,0.05,0.4,77,46,7.9,1238,2K Czech,M
Major League Baseball 2K10,X360,2010,Sports,Take-Two Interactive,0.47,0,0,0.04,0.51,76,26,7.6,38,Visual Concepts,E
Major League Baseball 2K10,Wii,2010,Sports,Take-Two Interactive,0.24,0,0,0.02,0.26,53,4,7,19,Visual Concepts,E
Major League Baseball 2K10,PSP,2010,Sports,Take-Two Interactive,0.06,0,0,0.01,0.07,0,90,5,91,Visual Concepts,E
Major League Baseball 2K10,PS3,2010,Sports,Take-Two Interactive,0.17,0,0,0.01,0.19,74,19,5.3,4,Visual Concepts,E
Major League Baseball 2K10,PS2,2010,Sports,Take-Two Interactive,0.11,0.09,0,0.03,0.23,41,18,6,90,Visual Concepts,E
Major League Baseball 2K10,DS,2010,Sports,Take-Two Interactive,0.14,0,0,0.01,0.15,1,14,10,3,Powerhead Games,E
NBA 2K11,X360,2010,Action,Take-Two Interactive,1.84,0.12,0.01,0.13,2.09,89,50,8.1,100,Visual Concepts,E
NBA 2K11,Wii,2010,Action,Take-Two Interactive,0.46,0.01,0,0.03,0.49,5,14,10,57,Visual Concepts,E
NBA 2K11,PSP,2010,Action,Take-Two Interactive,0.39,0,0,0.03,0.42,95,66,6.4,5,Visual Concepts,E
NBA 2K11,PS3,2010,Action,Take-Two Interactive,1.41,0.2,0.03,0.16,1.8,89,46,7.6,105,Visual Concepts,E
NBA 2K11,PS2,2010,Action,Take-Two Interactive,0.34,0.01,0,0.06,0.41,63,26,7,78,Visual Concepts,E
NBA 2K11,PC,2010,Action,Take-Two Interactive,0.18,0,0,0.01,0.19,82,6,8.6,37,Visual Concepts,E
New Carnival Games,Wii,2010,Misc,Take-Two Interactive,0.33,0.21,0,0.05,0.59,92,36,8,40,Cat Daddy Games,E
New Carnival Games,DS,2010,Misc,Take-Two Interactive,0.16,0.05,0,0.02,0.22,39,3,4,24,Cat Daddy Games,E
NHL 2K11,Wii,2010,Sports,Take-Two Interactive,0.23,0.02,0,0.02,0.27,62,12,5.8,4,Visual Concepts,E10+
Nickelodeon Fit,Wii,2010,Sports,Take-Two Interactive,0.76,0.09,0,0.06,0.91,16,6,5,32,High Voltage Software,E
Red Dead Redemption,X360,2010,Action,Take-Two Interactive,3.7,1.95,0.09,0.58,6.32,95,96,9,2316,Rockstar San Diego,M
Red Dead Redemption,PS3,2010,Action,Take-Two Interactive,2.79,2.53,0.17,0.99,6.49,95,73,8.8,2456,Rockstar San Diego,M
Red Dead Redemption: Undead Nightmare,X360,2010,Action,Take-Two Interactive,0.57,0.38,0.02,0.1,1.07,35,22,7.6,18,Rockstar San Diego,M
Red Dead Redemption: Undead Nightmare,PS3,2010,Action,Take-Two Interactive,0.45,0.45,0.06,0.18,1.14,65,83,7.4,17,Rockstar San Diego,M
Sid Meier's Civilization V,PC,2010,Strategy,Take-Two Interactive,0.98,0.52,0,0.17,1.68,90,70,7.9,2280,Firaxis Games,E10+
Sid Meier's Pirates!,Wii,2010,Strategy,Take-Two Interactive,0.13,0.02,0,0.01,0.16,83,54,1,40,,
"Carnival Games: Monkey See, Monkey Do!",X360,2011,Misc,Take-Two Interactive,0.14,0.15,0,0.03,0.32,35,63,1,57,,
Carnival Games: Wild West 3D,3DS,2011,Misc,Take-Two Interactive,0.06,0.02,0,0.01,0.09,85,22,2,13,Take-Two Interactive,E10+
Dora & Kai-Lan's Pet Shelter,DS,2011,Strategy,Take-Two Interactive,0.08,0.01,0,0.01,0.1,0,99,3,22,,
Duke Nukem Forever,X360,2011,Shooter,Take-Two Interactive,0.52,0.25,0,0.07,0.83,49,76,4.4,456,"Gearbox Software, 3D Realms",M
Duke Nukem Forever,PS3,2011,Shooter,Take-Two Interactive,0.33,0.31,0,0.12,0.76,51,48,4.9,278,"Gearbox Software, 3D Realms",M
Duke Nukem Forever,PC,2011,Shooter,Take-Two Interactive,0.18,0.17,0,0.06,0.41,54,48,5.7,1183,"Gearbox Software, 3D Realms",M
L.A. Noire,X360,2011,Adventure,Take-Two Interactive,1.52,0.92,0.02,0.24,2.7,89,83,7.8,893,Team Bondi,M
L.A. Noire,PS3,2011,Adventure,Take-Two Interactive,1.27,1.29,0.12,0.49,3.17,89,78,7.7,1010,Team Bondi,M
L.A. Noire: The Complete Edition,PC,2011,Adventure,Take-Two Interactive,0.08,0.13,0,0.03,0.25,83,28,7.9,903,Rockstar Leeds,M
Let's Cheer,X360,2011,Misc,Take-Two Interactive,0.12,0,0,0.01,0.14,87,41,0,19,,
Major League Baseball 2K11,X360,2011,Sports,Take-Two Interactive,0.4,0.03,0,0.03,0.45,69,27,6.8,24,Visual Concepts,E
Major League Baseball 2K11,Wii,2011,Sports,Take-Two Interactive,0.14,0,0,0.01,0.15,54,78,6,55,Visual Concepts,E
Major League Baseball 2K11,PSP,2011,Sports,Take-Two Interactive,0.05,0,0,0.01,0.05,53,13,8,74,Visual Concepts,E
Major League Baseball 2K11,PS3,2011,Sports,Take-Two Interactive,0.15,0.03,0,0.02,0.2,72,13,6.3,9,Visual Concepts,E
Major League Baseball 2K11,PS2,2011,Sports,Take-Two Interactive,0.02,0.02,0,0.01,0.05,91,83,5,57,Visual Concepts,E
Major League Baseball 2K11,PC,2011,Sports,Take-Two Interactive,0.06,0.01,0,0.01,0.08,74,5,5.9,16,Visual Concepts,E
Major League Baseball 2K11,DS,2011,Sports,Take-Two Interactive,0.08,0,0,0.01,0.09,94,41,5,10,Visual Concepts,E
NBA 2K12,X360,2011,Sports,Take-Two Interactive,2.31,0.14,0.01,0.16,2.62,90,42,7.7,134,Visual Concepts,E
NBA 2K12,Wii,2011,Sports,Take-Two Interactive,0.29,0.03,0,0.02,0.34,18,23,6.8,6,Visual Concepts,E
NBA 2K12,PSP,2011,Sports,Take-Two Interactive,0.22,0.03,0,0.03,0.27,57,15,5,7,Visual Concepts,E
NBA 2K12,PS3,2011,Sports,Take-Two Interactive,1.62,0.26,0.05,0.18,2.11,90,38,6.7,127,Visual Concepts,E
NBA 2K12,PC,2011,Sports,Take-Two Interactive,0.09,0.05,0,0.02,0.16,86,5,7.1,66,Visual Concepts,E
Nickelodeon Dance,X360,2011,Misc,Take-Two Interactive,0.08,0.02,0,0.01,0.11,33,45,8,39,High Voltage Software,E
Nickelodeon Dance,Wii,2011,Misc,Take-Two Interactive,0.21,0.01,0,0.01,0.24,70,18,4,62,High Voltage Software,E
Nickelodeon Team Umizoomi,DS,2011,Action,Take-Two Interactive,0.42,0,0,0.03,0.45,13,0,7,78,Black Lantern Studios,EC
Nicktoons: MLB,X360,2011,Sports,Take-Two Interactive,0.12,0,0,0.01,0.13,91,51,7.6,7,High Voltage Software,E
Nicktoons: MLB,Wii,2011,Sports,Take-Two Interactive,0.13,0,0,0.01,0.14,98,64,6,65,High Voltage Software,E
Nicktoons: MLB,DS,2011,Sports,Take-Two Interactive,0.09,0,0,0.01,0.1,85,93,1,57,,
Top Spin 4,X360,2011,Sports,Take-Two Interactive,0.15,0.22,0,0.04,0.41,84,54,8.2,70,2K Czech,E
Top Spin 4,Wii,2011,Sports,Take-Two Interactive,0.04,0.08,0,0.02,0.14,54,8,7.4,7,2K Games,E
Top Spin 4,PS3,2011,Sports,Take-Two Interactive,0.17,0.39,0,0.13,0.69,82,37,7.7,55,2K Czech,E
Borderlands 2,X360,2012,Shooter,Take-Two Interactive,1.89,0.88,0.04,0.25,3.05,89,59,8.2,892,Gearbox Software,M
Borderlands 2,PS3,2012,Shooter,Take-Two Interactive,1.05,0.72,0.1,0.35,2.23,91,25,8.2,858,Gearbox Software,M
Borderlands 2,PC,2012,Shooter,Take-Two Interactive,0.42,0.41,0,0.1,0.93,89,38,8.2,2482,Gearbox Software,M
JoJo's Bizarre Adventure: All Star Battle,3DS,2012,Fighting,Take-Two Interactive,0.06,0,0,0,0.06,11,23,8,17,,
Major League Baseball 2K12,X360,2012,Sports,Take-Two Interactive,0.47,0,0,0.03,0.5,68,19,6.4,22,Visual Concepts,E
Major League Baseball 2K12,Wii,2012,Sports,Take-Two Interactive,0.14,0,0,0.01,0.15,38,19,10,73,Visual Concepts,E
Major League Baseball 2K12,PSP,2012,Sports,Take-Two Interactive,0.08,0,0,0.01,0.09,43,58,6,28,Visual Concepts,E
Major League Baseball 2K12,PS3,2012,Sports,Take-Two Interactive,0.18,0,0,0.02,0.19,68,8,4.4,5,Visual Concepts,E
Major League Baseball 2K12,PC,2012,Sports,Take-Two Interactive,0.04,0,0,0,0.04,2,10,5.7,15,Visual Concepts,E
Major League Baseball 2K12,DS,2012,Sports,Take-Two Interactive,0.07,0,0,0.01,0.08,49,9,6,84,Visual Concepts,E
Max Payne 3,X360,2012,Shooter,Take-Two Interactive,0.86,0.62,0.01,0.13,1.62,86,80,7.8,869,Rockstar Studios,M
Max Payne 3,PS3,2012,Shooter,Take-Two Interactive,0.59,0.89,0.06,0.3,1.85,87,31,7.8,790,Rockstar Studios,M
Max Payne 3,PC,2012,Shooter,Take-Two Interactive,0.16,0.22,0,0.05,0.43,87,30,7.6,2202,Rockstar Studios,M
MLB 2K12 / NBA 2K12 Combo Pack,X360,2012,Sports,Take-Two Interactive,0.04,0,0,0,0.04,41,68,9,49,,
NBA 2K13,X360,2012,Sports,Take-Two Interactive,2.6,0.2,0.01,0.19,3,88,41,7.2,131,Visual Concepts,E
NBA 2K13,WiiU,2012,Sports,Take-Two Interactive,0.07,0.04,0,0.01,0.13,85,17,7,43,Visual Concepts,E
NBA 2K13,Wii,2012,Sports,Take-Two Interactive,0.36,0.03,0,0.03,0.42,90,50,7.5,10,Virtuos,E
NBA 2K13,PS3,2012,Sports,Take-Two Interactive,1.73,0.43,0.05,0.27,2.47,90,26,8,99,Visual Concepts,E
NBA 2K13,PC,2012,Sports,Take-Two Interactive,0,0.02,0,0,0.03,90,5,6.8,130,Visual Concepts,E
Spec Ops: The Line,X360,2012,Shooter,Take-Two Interactive,0.21,0.17,0,0.04,0.42,76,59,8.2,319,Yager,M
Spec Ops: The Line,PS3,2012,Shooter,Take-Two Interactive,0.19,0.23,0.04,0.08,0.54,77,27,8,350,Yager,M
Spec Ops: The Line,PC,2012,Shooter,Take-Two Interactive,0.11,0.09,0,0.02,0.23,76,16,8.2,1237,Yager,M
The Darkness II,X360,2012,Shooter,Take-Two Interactive,0.24,0.11,0,0.03,0.39,80,71,7.5,219,Digital Extremes,M
The Darkness II,PS3,2012,Shooter,Take-Two Interactive,0.14,0.13,0,0.05,0.32,79,28,7.6,127,Digital Extremes,M
The Darkness II,PC,2012,Shooter,Take-Two Interactive,0.1,0.03,0,0.01,0.14,77,20,7.6,448,Digital Extremes,M
XCOM: Enemy Unknown,X360,2012,Strategy,Take-Two Interactive,0.36,0.21,0,0.05,0.62,90,35,8.3,366,Firaxis Games,M
XCOM: Enemy Unknown,PS3,2012,Strategy,Take-Two Interactive,0.24,0.23,0,0.1,0.57,89,20,8.2,296,Firaxis Games,M
XCOM: Enemy Unknown,PC,2012,Strategy,Take-Two Interactive,0.27,0.36,0,0.08,0.71,89,57,8.2,2235,Firaxis Games,M
BioShock Infinite,X360,2013,Shooter,Take-Two Interactive,1.22,0.54,0.02,0.16,1.93,93,33,8.5,1647,Irrational Games,M
BioShock Infinite,PS3,2013,Shooter,Take-Two Interactive,0.72,0.65,0.04,0.28,1.69,94,27,8.5,1863,Irrational Games,M
BioShock Infinite,PC,2013,Shooter,Take-Two Interactive,0.29,0.3,0,0.07,0.66,94,68,8.5,7322,Irrational Games,M
Grand Theft Auto V,X360,2013,Action,Take-Two Interactive,9.66,5.14,0.06,1.41,16.27,97,58,8.1,3711,Rockstar North,M
Grand Theft Auto V,PS3,2013,Action,Take-Two Interactive,7.02,9.09,0.98,3.96,21.04,97,50,8.2,3994,Rockstar North,M
Major League Baseball 2K13,X360,2013,Sports,Take-Two Interactive,0.44,0,0,0.04,0.48,35,92,8,48,,
Major League Baseball 2K13,PS3,2013,Sports,Take-Two Interactive,0.14,0,0,0.02,0.15,27,61,10,5,,
NBA 2K14,XOne,2013,Sports,Take-Two Interactive,0.7,0.11,0,0.09,0.91,86,15,5.7,183,Visual Concepts,E
NBA 2K14,X360,2013,Sports,Take-Two Interactive,2.1,0.19,0,0.23,2.52,87,23,4.9,150,Visual Concepts,E
NBA 2K14,PS4,2013,Sports,Take-Two Interactive,0.89,0.31,0.01,0.23,1.45,85,20,6.5,368,Visual Concepts,E
NBA 2K14,PS3,2013,Sports,Take-Two Interactive,1.44,0.31,0.04,0.32,2.11,84,26,4.9,142,Visual Concepts,E
The Bureau: XCOM Declassified,X360,2013,Shooter,Take-Two Interactive,0.1,0.1,0,0.02,0.21,68,30,6.7,118,2K Marin,M
The Bureau: XCOM Declassified,PS3,2013,Shooter,Take-Two Interactive,0.08,0.13,0,0.04,0.25,69,22,6.7,79,2K Marin,M
The Bureau: XCOM Declassified,PC,2013,Shooter,Take-Two Interactive,0,0.05,0,0,0.05,66,45,6.5,621,2K Marin,M
WWE 2K14,X360,2013,Sports,Take-Two Interactive,0.64,0.37,0,0.1,1.11,75,43,7.7,100,Yuke's,T
WWE 2K14,PS3,2013,Sports,Take-Two Interactive,0.49,0.46,0,0.19,1.14,74,22,7.5,121,Yuke's,T
Borderlands 2,PSV,2014,Shooter,Take-Two Interactive,0.32,0.16,0.01,0.15,0.64,64,31,7.6,358,Iron Galaxy Studios,M
Borderlands: The Pre-Sequel,X360,2014,Shooter,Take-Two Interactive,0.46,0.19,0.01,0.07,0.72,74,16,6.4,161,2K Australia,M
Borderlands: The Pre-Sequel,PS3,2014,Shooter,Take-Two Interactive,0.26,0.21,0.05,0.1,0.61,77,24,6.3,130,2K Australia,M
Borderlands: The Pre-Sequel,PC,2014,Shooter,Take-Two Interactive,0.11,0.15,0,0.02,0.29,75,55,6.2,703,2K Australia,M
Grand Theft Auto V,XOne,2014,Action,Take-Two Interactive,2.81,2.19,0,0.47,5.48,97,14,7.9,764,Rockstar North,M
Grand Theft Auto V,PS4,2014,Action,Take-Two Interactive,3.96,6.31,0.38,1.97,12.61,97,66,8.3,2899,Rockstar North,M
NBA 2K15,XOne,2014,Sports,Take-Two Interactive,1.37,0.18,0,0.18,1.72,82,9,6.3,101,Visual Concepts,E
NBA 2K15,X360,2014,Sports,Take-Two Interactive,1.35,0.11,0,0.17,1.63,53,45,3,40,Visual Concepts,E
NBA 2K15,PS4,2014,Sports,Take-Two Interactive,1.47,0.54,0.01,0.43,2.45,83,50,7,291,Visual Concepts,E
NBA 2K15,PS3,2014,Sports,Take-Two Interactive,0.87,0.21,0.02,0.24,1.34,92,30,3.5,22,Visual Concepts,E
Sid Meier's Civilization: Beyond Earth,PC,2014,Strategy,Take-Two Interactive,0.11,0.22,0,0.03,0.36,81,78,5.5,1027,Firaxis Games,E10+
WWE 2K15,XOne,2014,Sports,Take-Two Interactive,0.29,0.23,0,0.05,0.57,56,25,5.7,63,Yuke's,T
WWE 2K15,X360,2014,Sports,Take-Two Interactive,0.38,0.2,0,0.06,0.64,50,5,4,65,Yuke's,T
WWE 2K15,PS4,2014,Sports,Take-Two Interactive,0.39,0.57,0,0.19,1.15,62,44,5.1,164,Yuke's,T
WWE 2K15,PS3,2014,Sports,Take-Two Interactive,0.36,0.29,0,0.13,0.78,55,5,3.1,57,Yuke's,T
Borderlands: The Handsome Collection,XOne,2015,Shooter,Take-Two Interactive,0.26,0.13,0,0.04,0.43,80,11,7.8,119,Gearbox Software,M
Borderlands: The Handsome Collection,PS4,2015,Shooter,Take-Two Interactive,0.38,0.33,0.03,0.14,0.88,82,49,7.8,345,Gearbox Software,M
Civilization Beyond Earth: Rising Tide,PC,2015,Strategy,Take-Two Interactive,0,0.04,0,0,0.04,96,75,7,61,,
Evolve,XOne,2015,Shooter,Take-Two Interactive,0.37,0.2,0,0.06,0.64,74,31,5.1,336,Turtle Rock Studios,M
Evolve,PS4,2015,Shooter,Take-Two Interactive,0.36,0.41,0.05,0.15,0.96,76,46,4.3,894,Turtle Rock Studios,M
Evolve,PC,2015,Shooter,Take-Two Interactive,0.08,0.1,0,0.02,0.19,77,39,4.3,969,Turtle Rock Studios,M
Grand Theft Auto V,PC,2015,Action,Take-Two Interactive,0.39,0.69,0,0.09,1.17,96,57,7.9,3756,Rockstar North,M
NBA 2K16,XOne,2015,Sports,Take-Two Interactive,1.95,0.15,0,0.24,2.34,86,14,6.2,115,Visual Concepts,E10+
NBA 2K16,X360,2015,Sports,Take-Two Interactive,0.79,0.05,0,0.1,0.94,69,27,3.2,24,Visual Concepts,E
NBA 2K16,PS4,2015,Sports,Take-Two Interactive,2.49,0.66,0.03,0.69,3.88,87,51,6.7,364,Visual Concepts,E10+
NBA 2K16,PS3,2015,Sports,Take-Two Interactive,0.45,0.12,0.03,0.13,0.74,77,46,4.6,13,Visual Concepts,E
NBA 2K16,PC,2015,Sports,Take-Two Interactive,0.03,0.06,0,0.01,0.1,60,16,5.7,65,2K Sports,E10+
Sid Meier's Civilization Revolution 2+,PSV,2015,Strategy,Take-Two Interactive,0,0,0.02,0,0.02,50,40,10,28,,
WWE 2K16,XOne,2015,Sports,Take-Two Interactive,0.32,0.22,0,0.05,0.59,72,18,5.7,75,Yuke's,T
WWE 2K16,X360,2015,Sports,Take-Two Interactive,0.27,0.12,0,0.04,0.43,39,100,5.4,25,Yuke's,T
WWE 2K16,PS4,2015,Sports,Take-Two Interactive,0.41,0.6,0,0.2,1.21,73,47,7.4,237,Yuke's,T
WWE 2K16,PS3,2015,Sports,Take-Two Interactive,0.22,0.21,0,0.08,0.51,66,12,6,21,Yuke's,T
Battleborn,XOne,2016,Shooter,Take-Two Interactive,0.1,0.04,0,0.01,0.15,71,20,7.2,171,Gearbox Software,T
Battleborn,PS4,2016,Shooter,Take-Two Interactive,0.12,0.08,0.02,0.04,0.26,68,55,6.8,402,Gearbox Software,T
Battleborn,PC,2016,Shooter,Take-Two Interactive,0.04,0.04,0,0.01,0.08,69,34,6.9,400,Gearbox Software,T
BioShock The Collection,XOne,2016,Shooter,Take-Two Interactive,0.08,0.06,0,0.01,0.16,84,16,8.3,79,2K Games,M
BioShock The Collection,PS4,2016,Shooter,Take-Two Interactive,0.1,0.19,0.02,0.06,0.37,84,39,8.5,210,2K Games,M
Mafia III,XOne,2016,Action,Take-Two Interactive,0.28,0.29,0,0.05,0.62,67,20,4.6,274,Hangar 13,M
Mafia III,PS4,2016,Action,Take-Two Interactive,0.42,1.08,0.03,0.28,1.81,68,66,5.1,1147,Hangar 13,M
Mafia III,PC,2016,Action,Take-Two Interactive,0.08,0.1,0,0.02,0.19,63,29,3.2,881,Hangar 13,M
NBA 2K17,XOne,2016,Sports,Take-Two Interactive,0.86,0.06,0,0.11,1.02,90,17,6.2,91,Visual Concepts,E
NBA 2K17,X360,2016,Sports,Take-Two Interactive,0.09,0.02,0,0.01,0.12,75,59,3.4,11,2K Games,E
NBA 2K17,PS4,2016,Sports,Take-Two Interactive,1.25,0.27,0.02,0.34,1.88,88,47,6.7,162,Visual Concepts,E
NBA 2K17,PS3,2016,Sports,Take-Two Interactive,0.06,0.04,0,0.02,0.13,19,46,2,8,2K Games,E
NBA 2K17,PC,2016,Sports,Take-Two Interactive,0,0.01,0,0,0.01,90,6,6.3,52,Visual Concepts,E
Sid Meier's Civilization VI,PC,2016,Strategy,Take-Two Interactive,0.09,0.13,0,0.02,0.25,88,81,7.3,684,Firaxis Games,E10+
WWE 2K17,XOne,2016,Sports,Take-Two Interactive,0.12,0.12,0,0.02,0.26,68,12,5.5,27,Yuke's,T
WWE 2K17,X360,2016,Sports,Take-Two Interactive,0.05,0.04,0,0.01,0.11,21,37,5,40,Yuke's,T
WWE 2K17,PS4,2016,Sports,Take-Two Interactive,0.17,0.34,0,0.09,0.6,69,50,6.9,88,Yuke's,T
WWE 2K17,PS3,2016,Sports,Take-Two Interactive,0.05,0.07,0,0.02,0.14,53,83,4.1,9,Yuke's,T
XCOM 2,XOne,2016,Strategy,Take-Two Interactive,0.02,0.02,0,0,0.05,87,17,8.1,40,Firaxis Games,T
XCOM 2,PS4,2016,Strategy,Take-Two Interactive,0.04,0.08,0,0.02,0.14,88,28,8,116,Firaxis Games,T
XCOM 2,PC,2016,Strategy,Take-Two Interactive,0.09,0.12,0,0.02,0.23,88,104,7.1,1221,Firaxis Games,T
BioShock 2,PC,N/A,Shooter,Take-Two Interactive,0.02,0.19,0,0.04,0.24,88,36,8,1247,2K Marin,M
