﻿Name,Platform,Year_of_Release,Genre,Publisher,NA_Sales,EU_Sales,JP_Sales,Other_Sales,Global_Sales,Critic_Score,Critic_Count,User_Score,User_Count,Developer,Rating
Rayman,PS,1995,Platform,Ubisoft,1.54,1.33,0,0.16,3.03,63,99,10,20,,
Street Racer,PS,1996,Racing,Ubisoft,0.09,0.06,0,0.01,0.16,54,45,8,44,,
F1 Pole Position 64,N64,1997,Racing,Ubisoft,0.11,0.13,0,0.01,0.25,56,21,7,6,,
Buck Bumble,N64,1998,Action,Ubisoft,0.13,0.03,0,0,0.16,75,68,9,21,,
S.C.A.R.S,PS,1998,Racing,Ubisoft,0.05,0.03,0,0.01,0.08,65,82,8,13,,
S.C.A.R.S,N64,1998,Racing,Ubisoft,0.05,0.01,0,0,0.06,47,76,0,38,,
All Star Tennis 99,N64,1999,Sports,Ubisoft,0.04,0.01,0,0,0.05,11,91,5,5,,
Grandia,PS,1999,Role-Playing,Ubisoft,0.14,0.09,0,0.02,0.25,89,14,6.6,77,Game Arts,E
Harvest Moon 2 GBC,GB,1999,Simulation,Ubisoft,0,0,0.12,0,0.12,16,87,9,1,,
Harvest Moon: Back to Nature,PS,1999,Simulation,Ubisoft,0.11,0.07,0.12,0.02,0.32,82,6,9.3,78,Victor Interactive Software,E
Monaco Grand Prix,N64,1999,Racing,Ubisoft,0.03,0.01,0,0,0.04,30,24,7,99,,
Rayman 2: The Great Escape,N64,1999,Platform,Ubisoft,0.4,0.22,0,0.02,0.64,78,66,9,1,,
Razor Freestyle Scooter,PS,1999,Sports,Ubisoft,0.26,0.17,0,0.03,0.46,65,11,5,33,Shaba Games,E
Rocket: Robot on Wheels,N64,1999,Platform,Ubisoft,0.1,0.02,0,0,0.12,19,55,3,36,,
Scrabble,PS,1999,Misc,Ubisoft,0.14,0.1,0,0.02,0.25,4,62,1,94,,
SnoCross Championship Racing,PS,1999,Racing,Ubisoft,0.52,0.35,0,0.06,0.93,66,8,4,79,UDS,E
Surf Riders,PS,1999,Sports,Ubisoft,0.07,0.05,0,0.01,0.13,64,6,3,29,ACOT,E
The Dukes of Hazzard: Racing for Home,PS,1999,Racing,Ubisoft,0.99,0.16,0,0.04,1.19,55,78,3,31,,
Tonic Trouble,N64,1999,Platform,Ubisoft,0.09,0.02,0,0,0.11,23,80,6,16,,
Age of Empires: Collector's Edition,PC,2000,Strategy,Ubisoft,0.02,0.1,0,0.02,0.14,76,10,8,6,Ensemble Studios,T
Armored Core 2,PS2,2000,Simulation,Ubisoft,0.28,0.22,0.23,0.07,0.79,78,23,8.4,19,From Software,T
Batman Beyond: Return of the Joker,PS,2000,Action,Ubisoft,0.09,0.06,0,0.01,0.17,94,33,4.3,7,Kemco,
Batman Beyond: Return of the Joker,N64,2000,Action,Ubisoft,0.07,0.02,0,0,0.09,88,75,7,71,,
Disney's Donald Duck: Goin' Quackers,PS2,2000,Platform,Ubisoft,0.04,0.03,0,0.01,0.08,73,10,7.3,7,Disney Interactive,E
Disney's Donald Duck: Goin' Quackers,PS,2000,Platform,Ubisoft,0.08,0.06,0,0.01,0.15,65,4,7,10,Ubisoft Shanghai,E
Disney's Donald Duck: Goin' Quackers,N64,2000,Platform,Ubisoft,0.08,0.02,0,0,0.1,31,96,8,38,,
Dragon Tales: Dragon Seek,PS,2000,Platform,Ubisoft,0.05,0.03,0,0.01,0.09,89,46,7,72,,
Eternal Ring,PS2,2000,Role-Playing,Ubisoft,0.1,0.07,0.1,0.03,0.3,62,13,5.3,9,From Software,T
EverGrace,PS2,2000,Role-Playing,Ubisoft,0.1,0.08,0.15,0.03,0.35,59,12,7.8,4,From Software,T
Gold and Glory: The Road to El Dorado,PS,2000,Adventure,Ubisoft,0.03,0.02,0,0,0.06,34,4,7,48,Revolution Software,E
Grandia II,DC,2000,Role-Playing,Ubisoft,0,0,0.2,0,0.2,90,17,8.8,57,Game Arts,T
Kengo: Master of Bushido,PS2,2000,Fighting,Ubisoft,0.16,0.13,0.06,0.04,0.39,62,13,8.4,8,Light Weight,M
Rayman 2: Revolution,PS2,2000,Platform,Ubisoft,0.15,0.11,0,0.04,0.3,90,16,8.2,42,Ubisoft,E
Rayman 2: The Great Escape,PS,2000,Platform,Ubisoft,0.18,0.12,0,0.02,0.32,9,81,2,61,,
The Flintstones: Bedrock Bowling,PS,2000,Sports,Ubisoft,0.07,0.05,0,0.01,0.13,44,96,2,30,,
Tigger's Honey Hunt,PS,2000,Platform,Ubisoft,0.16,0.11,0,0.02,0.28,5,58,8,14,,
Tigger's Honey Hunt,N64,2000,Platform,Ubisoft,0.16,0.04,0,0,0.2,71,30,0,38,,
Tom and Jerry in Fists of Furry,N64,2000,Fighting,Ubisoft,0.13,0.03,0,0,0.16,83,94,5,96,,
Tom and Jerry in House Trap,PS,2000,Action,Ubisoft,0.11,0.07,0,0.01,0.2,8,43,8,58,,
Ultimate Fighting Championship,PS,2000,Fighting,Ubisoft,0.14,0.09,0,0.02,0.25,53,6,7.4,16,Opus,T
Batman: Gotham City Racer,PS,2001,Racing,Ubisoft,0.03,0.02,0,0,0.05,9,14,9,96,,
Batman: Vengeance,PS2,2001,Adventure,Ubisoft,0.27,0.21,0,0.07,0.55,68,19,6.7,12,Ubisoft,T
Batman: Vengeance,GC,2001,Adventure,Ubisoft,0.2,0.05,0,0.01,0.26,70,17,5.8,16,Ubisoft Montreal,T
Batman: Vengeance,GBA,2001,Adventure,Ubisoft,0.13,0.05,0,0,0.18,68,8,2,17,Ubisoft Montreal,E
Breath of Fire,GBA,2001,Role-Playing,Ubisoft,0.11,0.04,0.06,0,0.22,79,17,8.8,9,Capcom,E
Breath of Fire II,GBA,2001,Role-Playing,Ubisoft,0.14,0.05,0,0,0.19,81,16,8.8,16,Capcom,E
Disney's Donald Duck Advance,GBA,2001,Platform,Ubisoft,0.05,0.02,0,0,0.07,14,90,1,96,,
Disney's Tarzan Untamed,PS2,2001,Platform,Ubisoft,0.2,0.16,0,0.05,0.41,59,7,7.1,7,Ubisoft,E
Disney's Tarzan Untamed,GC,2001,Platform,Ubisoft,0.14,0.04,0,0,0.18,61,11,7.4,8,Ubisoft Montreal,E
E.T. The Extra-Terrestrial: Interplanetary Mission,PS,2001,Platform,Ubisoft,0.02,0.01,0,0,0.04,33,13,9,26,,
Final Fight One,GBA,2001,Fighting,Ubisoft,0.09,0.03,0.08,0,0.21,82,16,7.8,8,Sun-Tec,E
Inspector Gadget: Gadget's Crazy Maze,PS,2001,Puzzle,Ubisoft,0.03,0.02,0,0,0.05,31,2,7,90,,
Jade Cocoon 2,PS2,2001,Role-Playing,Ubisoft,0.05,0.04,0,0.01,0.1,76,16,7.8,22,Genki,T
Planet of the Apes,GBA,2001,Action,Ubisoft,0.02,0.01,0,0,0.03,54,6,2,85,Torus Games,E
Rayman Advance,GBA,2001,Platform,Ubisoft,0.36,0.13,0,0.01,0.5,84,17,8.4,16,Digital Eclipse,E
Rayman Arena,PS2,2001,Racing,Ubisoft,0.29,0.23,0,0.08,0.6,63,10,8.6,8,Ubisoft,E
Razor Freestyle Scooter,GBA,2001,Sports,Ubisoft,0.01,0,0,0,0.01,45,40,3,94,,
Scooby-Doo and the Cyber Chase,GBA,2001,Adventure,Ubisoft,0.3,0.11,0,0.01,0.41,60,36,3,39,,
Sunny Garcia Surfing,PS2,2001,Sports,Ubisoft,0.02,0.01,0,0,0.03,61,11,7.9,7,Krome Studios,E
Super Bust-A-Move,GBA,2001,Puzzle,Ubisoft,0.03,0.01,0,0,0.05,77,9,9,57,Taito Corporation,E
Super Dodge Ball Advance,GBA,2001,Sports,Ubisoft,0.14,0.05,0,0,0.2,79,11,4,1,Atlus Co.,E
Super Street Fighter II: Turbo Revival,GBA,2001,Fighting,Ubisoft,0.18,0.07,0,0,0.25,84,17,7.4,10,Capcom,T
The Legend of Alon D'ar,PS2,2001,Role-Playing,Ubisoft,0.04,0.03,0,0.01,0.08,43,14,6.7,10,Stormfront Studios,T
Tom Clancy's Rainbow Six: Rogue Spear,PS,2001,Shooter,Ubisoft,0.13,0.09,0,0.02,0.23,30,29,2,88,,
Wizardry: Tale of the Forsaken Land,PS2,2001,Role-Playing,Ubisoft,0.04,0.03,0,0.01,0.09,70,14,7.5,6,Racjin,T
Bratz,GBA,2002,Platform,Ubisoft,0.1,0.04,0,0,0.13,63,94,2,56,DC Studios,E
Chessmaster,GBA,2002,Misc,Ubisoft,0.03,0.01,0,0,0.04,76,5,2,32,Ubisoft,E
Conflict Zone,PS2,2002,Strategy,Ubisoft,0.1,0.08,0,0.03,0.21,47,7,7.4,8,MASA Group,T
Davis Cup Tennis,GBA,2002,Sports,Ubisoft,0.01,0,0,0,0.02,59,9,5,28,Hokus Pokus,E
Deathrow: Underground Team Combat,XB,2002,Sports,Ubisoft,0.05,0.01,0,0,0.06,41,55,7,19,,
Disney's Donald Duck: Goin' Quackers,GC,2002,Platform,Ubisoft,0.03,0.01,0,0,0.04,61,7,3,4,Ubisoft Montreal,E
Disney's Lilo & Stitch,GBA,2002,Platform,Ubisoft,0.77,0.29,0,0.02,1.08,71,48,9,17,,
Disney's Peter Pan: Return to Never Land,GBA,2002,Platform,Ubisoft,0.08,0.03,0,0,0.11,55,54,1,73,,
Disney's PK: Out of the Shadows,PS2,2002,Platform,Ubisoft,0.06,0.05,0,0.02,0.12,49,14,5,4,Ubisoft,E
Disney's PK: Out of the Shadows,GC,2002,Platform,Ubisoft,0.04,0.01,0,0,0.05,46,10,1,48,Ubisoft,E
Disney's The Jungle Book,GBA,2002,Platform,Ubisoft,0.07,0.03,0,0,0.1,60,4,7,11,Visual Impact,E
Disney's Treasure Planet,GBA,2002,Action,Ubisoft,0.2,0.07,0,0.01,0.28,68,6,3,75,Disney Interactive,E
Dragon's Lair 3D: Return to the Lair,XB,2002,Platform,Ubisoft,0.04,0.01,0,0,0.05,42,91,3,55,,
Evolution Worlds,GC,2002,Role-Playing,Ubisoft,0.06,0.02,0,0,0.08,63,20,8,10,Sting,E
Grandia II,PS2,2002,Role-Playing,Ubisoft,0.14,0.11,0,0.04,0.29,71,19,8.6,31,Game Arts,T
Ice Age,GBA,2002,Action,Ubisoft,0.27,0.1,0,0.01,0.38,47,11,4,72,Artificial Mind and Movement,E
Largo Winch .// Commando Sar,PS,2002,Adventure,Ubisoft,0.01,0.01,0,0,0.02,7,52,0,59,,
Mega Man Battle Network 2,GBA,2002,Action,Ubisoft,0.22,0.08,0,0.01,0.31,81,15,9,21,Capcom,E
Mike Tyson Boxing,GBA,2002,Sports,Ubisoft,0.03,0.01,0,0,0.04,44,8,6,66,Virtucraft,E
Monster Jam: Maximum Destruction,PS2,2002,Racing,Ubisoft,0.32,0.25,0,0.08,0.65,47,11,6,6,Ubisoft,T
Monster Jam: Maximum Destruction,GC,2002,Racing,Ubisoft,0.04,0.01,0,0,0.05,81,76,0,9,,
Monster Jam: Maximum Destruction,GBA,2002,Racing,Ubisoft,0.07,0.03,0,0,0.1,58,8,10,83,UDS,E
Moto Racer Advance,GBA,2002,Racing,Ubisoft,0.01,0,0,0,0.01,86,10,3,47,Delphine Software International,E
Myst III: Exile,XB,2002,Adventure,Ubisoft,0.04,0.01,0,0,0.06,55,11,7,70,Presto Studios,E
Myst III: Exile,PS2,2002,Adventure,Ubisoft,0.14,0.11,0,0.04,0.28,57,9,7,4,Presto Studios,E
Pro Rally,GC,2002,Racing,Ubisoft,0.01,0,0,0,0.02,64,11,9,89,Ubisoft,E
Rayman Arena,GC,2002,Racing,Ubisoft,0.11,0.03,0,0,0.14,60,10,7.2,6,Ubisoft,E
Sabrina The Teenage Witch: Potion Commotion,GBA,2002,Action,Ubisoft,0.08,0.03,0,0,0.11,63,5,2.8,6,Ubisoft,E
Salt Lake 2002,GBA,2002,Sports,Ubisoft,0.04,0.02,0,0,0.06,55,7,8,24,DC Studios,E
The Elder Scrolls III: Morrowind,XB,2002,Role-Playing,Ubisoft,2.09,0.63,0.03,0.11,2.86,87,34,8.7,111,Bethesda Softworks,T
The Mummy,GBA,2002,Action,Ubisoft,0.01,0,0,0,0.02,72,6,5,79,Ubisoft Milan,E
The Sum of All Fears,GBA,2002,Shooter,Ubisoft,0.03,0.01,0,0,0.04,69,8,1,87,Red Storm Entertainment,T
Tiger Woods PGA Tour Golf,GBA,2002,Sports,Ubisoft,0.03,0.01,0,0,0.04,7,25,8,38,Rebellion,E
Tom and Jerry in War of the Whiskers,PS2,2002,Fighting,Ubisoft,0.13,0.1,0,0.03,0.26,9,45,1,57,,
Tom Clancy's Ghost Recon,XB,2002,Shooter,Ubisoft,1.23,0.46,0,0.07,1.76,84,29,6.1,27,Red Storm Entertainment,M
Tom Clancy's Ghost Recon,PS2,2002,Shooter,Ubisoft,1.42,0.4,0,0.12,1.94,63,18,8.3,22,Ubisoft,M
Tom Clancy's Rainbow Six: Rogue Spear,GBA,2002,Shooter,Ubisoft,0.08,0.03,0,0,0.11,76,7,8,35,Ubisoft Milan,T
Tom Clancy's Splinter Cell,XB,2002,Action,Ubisoft,1.85,1.04,0,0.13,3.02,93,46,8.5,121,Ubisoft Montreal,T
Tomb Raider: The Prophecy,GBA,2002,Action,Ubisoft,0.1,0.04,0,0,0.14,66,20,8.8,13,Ubisoft Milan,T
Ultimate Fighting Championship: Throwdown,PS2,2002,Fighting,Ubisoft,0.16,0.12,0,0.04,0.32,68,19,8,8,Opus,T
Ultimate Fighting Championship: Throwdown,GC,2002,Fighting,Ubisoft,0.06,0.02,0,0,0.08,67,8,8,17,Crave,T
Wild ARMs 3,PS2,2002,Role-Playing,Ubisoft,0.16,0.13,0.29,0.04,0.62,78,30,8.4,38,"Media Vision, Contrail",T
Worms Blast,GC,2002,Puzzle,Ubisoft,0.05,0.01,0,0,0.06,65,12,8,11,Team 17,E
Worms World Party,GBA,2002,Strategy,Ubisoft,0.04,0.01,0,0,0.05,75,4,4,2,Fluid Studios,E
Batman: Rise of Sin Tzu,XB,2003,Action,Ubisoft,0.08,0.02,0,0,0.11,67,17,7.7,6,Ubisoft Montreal,T
Batman: Rise of Sin Tzu,PS2,2003,Action,Ubisoft,0.17,0.13,0,0.05,0.35,63,21,8.3,14,Ubisoft Montreal,T
Batman: Rise of Sin Tzu,GC,2003,Action,Ubisoft,0.05,0.01,0,0,0.06,63,17,3,43,Ubisoft Montreal,T
Batman: Rise of Sin Tzu,GBA,2003,Action,Ubisoft,0.05,0.02,0,0,0.07,63,12,6.8,4,Ubisoft,E
Beyond Good & Evil,XB,2003,Adventure,Ubisoft,0.08,0.02,0,0,0.1,53,1,6,56,,
Beyond Good & Evil,PS2,2003,Adventure,Ubisoft,0.16,0.13,0,0.04,0.33,73,48,2,51,,
Beyond Good & Evil,GC,2003,Adventure,Ubisoft,0.06,0.01,0,0,0.07,83,18,6,58,,
Bust-A-Move 3000,GC,2003,Puzzle,Ubisoft,0.01,0,0,0,0.01,53,4,6,5,Taito Corporation,E
Charlie's Angels,GC,2003,Action,Ubisoft,0.01,0,0,0,0.02,23,21,3.3,23,Neko Entertainment,T
Chessmaster,PS2,2003,Misc,Ubisoft,0.19,0.15,0,0.05,0.39,79,9,7.3,13,Ubisoft Romania,E
"Crouching Tiger, Hidden Dragon",XB,2003,Action,Ubisoft,0.01,0,0,0,0.01,52,10,1,100,Genki,T
"Crouching Tiger, Hidden Dragon",PS2,2003,Action,Ubisoft,0.06,0.05,0,0.02,0.13,48,26,3.7,6,Light Weight,T
"Crouching Tiger, Hidden Dragon",GBA,2003,Action,Ubisoft,0.02,0.01,0,0,0.03,60,12,2,77,Ubisoft Shanghai,T
Fatal Frame II: Crimson Butterfly,PS2,2003,Action,Ubisoft,0.08,0.06,0,0.02,0.16,81,40,9.2,100,Tecmo,M
Flipnic: Ultimate Pinball,PS2,2003,Misc,Ubisoft,0.03,0.02,0,0.01,0.06,64,28,8.1,12,SCEI,E
Harvest Moon: A Wonderful Life,GC,2003,Role-Playing,Ubisoft,0.61,0.16,0,0.02,0.79,79,28,8.9,148,Marvelous,E
Harvest Moon: Friends of Mineral Town,GBA,2003,Simulation,Ubisoft,0.34,0.13,0.11,0.01,0.59,81,25,9.6,116,TOSE,E
Harvest Moon: More Friends of Mineral Town,GBA,2003,Simulation,Ubisoft,0.14,0.05,0,0,0.2,82,8,9.2,40,TOSE,E
IL-2 Sturmovik: Forgotten Battles,PC,2003,Simulation,Ubisoft,0,0.02,0,0,0.02,86,12,8.6,38,"1C, 1C Company",T
Lock On: Modern Air Combat,PC,2003,Simulation,Ubisoft,0,0.03,0,0.01,0.03,76,20,7.5,549,Eagle Dynamics,E
Medabots: Infinity,GC,2003,Role-Playing,Ubisoft,0.04,0.01,0,0,0.05,51,6,8,7,Imagineer,E
Monster 4x4: Masters of Metal,PS2,2003,Racing,Ubisoft,0.14,0.11,0,0.04,0.28,48,9,8.3,13,Ubisoft,E
Monster 4x4: Masters of Metal,GC,2003,Racing,Ubisoft,0.04,0.01,0,0,0.05,49,11,8,90,Ubisoft,E
Mucha Lucha! Mascaritas of the Lost Code,GBA,2003,Fighting,Ubisoft,0.05,0.02,0,0,0.07,81,99,1,16,,
Pirates of the Caribbean,XB,2003,Role-Playing,Ubisoft,0.22,0.06,0,0.01,0.29,65,30,7.4,27,Akella,T
Prince of Persia: The Sands of Time,XB,2003,Action,Ubisoft,0.57,0.33,0,0.04,0.94,92,41,7.8,72,Ubisoft,T
Prince of Persia: The Sands of Time,PS2,2003,Action,Ubisoft,0.88,1.03,0,0.31,2.22,92,44,8.8,204,Ubisoft,T
Prince of Persia: The Sands of Time,GC,2003,Action,Ubisoft,0.25,0.06,0,0.01,0.32,92,33,8.4,41,Ubisoft,T
Prince of Persia: The Sands of Time,GBA,2003,Action,Ubisoft,0.11,0.04,0,0,0.15,75,25,8.8,5,Ubisoft Montreal,T
Rayman 3,GBA,2003,Platform,Ubisoft,0.1,0.04,0,0,0.14,83,21,7.8,8,Ubisoft,E
Rayman 3: Hoodlum Havoc,XB,2003,Platform,Ubisoft,0.06,0.02,0,0,0.07,75,13,7.9,8,Ubisoft,E
Rayman 3: Hoodlum Havoc,PS2,2003,Platform,Ubisoft,0.14,0.11,0,0.04,0.29,76,21,8.6,38,Ubisoft,E
Rayman 3: Hoodlum Havoc,PC,2003,Platform,Ubisoft,0,0.03,0,0,0.03,74,8,8.3,70,Ubisoft,E
Rayman 3: Hoodlum Havoc,GC,2003,Platform,Ubisoft,0.05,0.01,0,0,0.07,77,24,8.3,21,Ubisoft Shanghai,E
Star Ocean: Till The End of Time,PS2,2003,Role-Playing,Ubisoft,0.8,0.21,0.55,0.15,1.72,80,55,7.7,134,Tri-Ace,T
The Sum of All Fears,GC,2003,Shooter,Ubisoft,0.03,0.01,0,0,0.03,36,11,3.4,5,Ubisoft Shanghai,T
Tom and Jerry: Infurnal Escape,GBA,2003,Action,Ubisoft,0.12,0.04,0,0,0.16,55,73,7,79,,
Tom Clancy's Ghost Recon,GC,2003,Shooter,Ubisoft,0.11,0.03,0,0,0.15,59,15,5.4,17,Red Storm Entertainment,M
Tom Clancy's Ghost Recon: Island Thunder,XB,2003,Shooter,Ubisoft,0.61,0.24,0,0.03,0.87,81,33,8.8,17,Red Storm Entertainment,M
Tom Clancy's Rainbow Six 3,XB,2003,Shooter,Ubisoft,0.91,0.57,0,0.07,1.55,86,39,8.5,31,Ubisoft,M
Tom Clancy's Splinter Cell,PS2,2003,Action,Ubisoft,1.15,1.11,0,0.4,2.65,89,24,7.7,102,Ubisoft Shanghai,T
Tom Clancy's Splinter Cell,GC,2003,Action,Ubisoft,0.18,0.05,0,0.01,0.23,89,19,8.7,25,Ubisoft Shanghai,T
Tom Clancy's Splinter Cell,GBA,2003,Action,Ubisoft,0.07,0.03,0,0,0.1,77,21,8.6,8,Ubisoft Montreal,T
Uru: Ages Beyond Myst,PC,2003,Adventure,Ubisoft,0,0.02,0,0,0.02,79,22,7.6,29,Cyan Worlds,E
XIII,XB,2003,Shooter,Ubisoft,0.16,0.08,0,0.01,0.25,74,38,8.3,15,Southend Interactive,M
XIII,PS2,2003,Shooter,Ubisoft,0.28,0.22,0,0.07,0.57,73,37,8.6,35,Ubisoft Paris,M
XIII,GC,2003,Shooter,Ubisoft,0.07,0.02,0,0,0.09,73,27,7.7,20,Ubisoft Paris,M
Advance Guardian Heroes,GBA,2004,Role-Playing,Ubisoft,0.03,0.01,0,0,0.04,65,25,3,58,Treasure,E
Asphalt: Urban GT,DS,2004,Racing,Ubisoft,0.31,0.22,0,0.06,0.59,60,38,7.5,13,Gameloft,E
Chessmaster,XB,2004,Misc,Ubisoft,0.1,0.03,0,0,0.13,79,12,9,6,Ubisoft,E
CSI: Crime Scene Investigation,XB,2004,Adventure,Ubisoft,0.09,0.03,0,0,0.12,45,14,7.3,4,369 Interactive,M
Dogz,GBA,2004,Simulation,Ubisoft,0.45,0.17,0,0.01,0.63,33,0,2,73,,
Fallout Trilogy,PC,2004,Role-Playing,Ubisoft,0,0.02,0,0,0.02,37,26,8.9,31,Various,M
Far Cry,PC,2004,Shooter,Ubisoft,0,0.04,0,0.01,0.05,89,72,8.1,724,Crytek,M
Lumines: Puzzle Fusion,PSP,2004,Puzzle,Ubisoft,0.52,0.35,0,0.23,1.11,5,61,6,89,,
Prince of Persia: Warrior Within,XB,2004,Action,Ubisoft,0.48,0.28,0,0.04,0.8,83,55,7.5,35,Ubisoft Montreal,M
Prince of Persia: Warrior Within,PS2,2004,Action,Ubisoft,0.54,0.88,0,0.22,1.64,83,51,8.5,120,Ubisoft Montreal,M
Prince of Persia: Warrior Within,GC,2004,Action,Ubisoft,0.15,0.04,0,0.01,0.2,83,31,8.6,20,Ubisoft,M
Rocky: Legends,XB,2004,Action,Ubisoft,0.07,0.02,0,0,0.1,67,21,5.2,6,Venom Games,T
Rocky: Legends,PS2,2004,Action,Ubisoft,0.13,0.1,0,0.03,0.27,65,24,8.6,12,Venom Games,T
Sprung - A Game Where Everyone Scores,DS,2004,Adventure,Ubisoft,0.06,0,0,0,0.06,89,67,5,69,,
Star Wars Trilogy: Apprentice of the Force,GBA,2004,Action,Ubisoft,0.3,0.11,0,0.01,0.42,60,21,2,14,Ubisoft,E
Syberia II,XB,2004,Adventure,Ubisoft,0.02,0.01,0,0,0.03,71,7,8.7,6,Microids,T
The Bard's Tale,XB,2004,Role-Playing,Ubisoft,0.08,0.02,0,0,0.1,75,50,8.8,4,InXile Entertainment,T
The Bard's Tale,PS2,2004,Role-Playing,Ubisoft,0.1,0.08,0,0.03,0.21,76,44,8.6,14,InXile Entertainment,T
The Dukes of Hazzard: Return of the General Lee,XB,2004,Racing,Ubisoft,0.06,0.02,0,0,0.08,49,18,7,4,Ratbag,E
The Dukes of Hazzard: Return of the General Lee,PS2,2004,Racing,Ubisoft,0.11,0.08,0,0.03,0.21,52,17,6.8,8,Ratbag,E
Tom Clancy's Classic Trilogy,XB,2004,Shooter,Ubisoft,0.07,0.02,0,0,0.1,37,52,6,56,Ubisoft,M
Tom Clancy's Ghost Recon 2,XB,2004,Shooter,Ubisoft,0.86,0.45,0,0.06,1.36,80,53,8.9,58,Red Storm Entertainment,T
Tom Clancy's Ghost Recon 2,PS2,2004,Shooter,Ubisoft,0.64,0.34,0,0.1,1.08,58,21,6,19,Ubisoft Shanghai/Paris,T
Tom Clancy's Ghost Recon: Jungle Storm,PS2,2004,Shooter,Ubisoft,0.57,0.44,0,0.15,1.16,70,31,6.3,24,Red Storm Entertainment,T
Tom Clancy's Rainbow Six 3,PS2,2004,Shooter,Ubisoft,0.4,0.31,0,0.1,0.81,70,34,8.2,17,Ubisoft Shanghai,M
Tom Clancy's Rainbow Six 3,GC,2004,Shooter,Ubisoft,0.04,0.01,0,0,0.06,68,25,8.2,5,Ubisoft Shanghai,M
Tom Clancy's Rainbow Six 3: Black Arrow,XB,2004,Shooter,Ubisoft,0.99,0.12,0,0.02,1.13,84,55,8.6,14,Ubisoft Montreal,M
Tom Clancy's Splinter Cell: Pandora Tomorrow,XB,2004,Action,Ubisoft,0.82,0.59,0,0.07,1.48,93,74,8.6,68,Ubisoft Shanghai,T
Tom Clancy's Splinter Cell: Pandora Tomorrow,PS2,2004,Action,Ubisoft,0.52,0.56,0,0.17,1.25,87,45,8.6,34,Ubisoft Shanghai,T
Tom Clancy's Splinter Cell: Pandora Tomorrow,GC,2004,Action,Ubisoft,0.06,0.02,0,0,0.08,78,25,8,11,Ubisoft,T
Tom Clancy's Splinter Cell: Pandora Tomorrow,GBA,2004,Action,Ubisoft,0.05,0.02,0,0,0.06,68,19,6.2,6,Ubisoft,T
187: Ride or Die,XB,2005,Racing,Ubisoft,0.05,0.01,0,0,0.06,51,40,6.9,8,Ubisoft Paris,M
187: Ride or Die,PS2,2005,Racing,Ubisoft,0.07,0.06,0,0.02,0.15,52,33,6.8,12,Ubisoft,M
America's Army: Rise of a Soldier,XB,2005,Shooter,Ubisoft,0.19,0.05,0,0.01,0.25,70,19,7.4,21,Secret Level,T
Battles of Prince of Persia,DS,2005,Strategy,Ubisoft,0.1,0.01,0,0.01,0.12,64,16,7.7,14,Ubisoft Montreal,E10+
Bomberman,DS,2005,Puzzle,Ubisoft,0.1,0.01,0.03,0.01,0.15,75,30,7,12,Racjin,E
Brothers In Arms: Earned in Blood,XB,2005,Shooter,Ubisoft,0.23,0.07,0,0.01,0.31,85,41,8.6,25,Gearbox Software,M
Brothers In Arms: Earned in Blood,PS2,2005,Shooter,Ubisoft,0.38,0.01,0,0.06,0.46,71,20,7.9,23,Gearbox Software,M
Brothers In Arms: Road to Hill 30,XB,2005,Shooter,Ubisoft,0.49,0.14,0,0.02,0.66,88,64,8,69,Gearbox Software,M
Brothers In Arms: Road to Hill 30,PS2,2005,Shooter,Ubisoft,0.38,0.01,0,0.06,0.46,82,30,7.6,30,Gearbox Software,M
Catz,GBA,2005,Simulation,Ubisoft,0.18,0.06,0,0,0.24,96,90,7.9,8,MTO,E
Cold Fear,XB,2005,Action,Ubisoft,0.05,0.01,0,0,0.06,71,41,7.6,20,Darkworks,M
Cold Fear,PS2,2005,Action,Ubisoft,0.06,0.04,0,0.01,0.11,68,39,7.7,27,Darkworks,M
Darkwatch,XB,2005,Shooter,Ubisoft,0.16,0.05,0,0.01,0.21,75,43,8.1,21,High Moon Studios,M
Darkwatch,PS2,2005,Shooter,Ubisoft,0.16,0.12,0,0.04,0.32,74,37,8.4,42,High Moon Studios,M
Disney's Winnie the Pooh's Rumbly Tumbly Adventure,PS2,2005,Platform,Ubisoft,0.06,0.05,0,0.02,0.13,11,43,9,11,Phoenix Games Studio,E
Disney's Winnie the Pooh's Rumbly Tumbly Adventure,GC,2005,Platform,Ubisoft,0.05,0.01,0,0,0.07,100,37,0,31,,
Disney's Winnie the Pooh's Rumbly Tumbly Adventure,GBA,2005,Platform,Ubisoft,0.09,0.03,0,0,0.13,30,63,1,6,,
Drakengard 2,PS2,2005,Role-Playing,Ubisoft,0.06,0.05,0,0.02,0.13,58,34,5.5,49,Cavia Inc.,M
Exit,PSP,2005,Puzzle,Ubisoft,0.07,0,0,0.01,0.08,77,36,7.7,13,Taito Corporation,E
Far Cry Instincts,XB,2005,Shooter,Ubisoft,0.32,0.24,0,0.02,0.57,85,56,5.7,73,Ubisoft Montreal,M
Flow: Urban Dance Uprising,PS2,2005,Misc,Ubisoft,0.02,0.01,0,0,0.04,65,10,2,51,Artificial Mind and Movement,T
Frantix,PSP,2005,Puzzle,Ubisoft,0.08,0,0,0.01,0.08,68,52,8,28,,
GripShift,PSP,2005,Racing,Ubisoft,0.08,0,0,0.01,0.09,70,37,8.7,22,Sidhe Interactive,E
Harvest Moon: Magical Melody,GC,2005,Simulation,Ubisoft,0.19,0.05,0,0.01,0.24,83,14,8.9,44,Marvelous,E
Kong: The 8th Wonder of the World,GBA,2005,Action,Ubisoft,0.33,0.12,0,0.01,0.47,59,8,8,64,Ubisoft,E10+
Myst IV: Revelation,XB,2005,Adventure,Ubisoft,0.04,0.01,0,0,0.05,75,17,1,57,Ubisoft Montreal,T
Peter Jackson's King Kong: The Official Game of the Movie,XB,2005,Action,Ubisoft,0.34,0.17,0,0.02,0.53,82,43,8.5,11,Ubisoft Montpellier,T
Peter Jackson's King Kong: The Official Game of the Movie,X360,2005,Action,Ubisoft,0.2,0.03,0,0.02,0.26,80,57,7.5,79,Ubisoft Montpellier,T
Peter Jackson's King Kong: The Official Game of the Movie,PSP,2005,Action,Ubisoft,0.16,0.01,0,0.02,0.19,56,10,6.4,22,Phoenix Games Studio,T
Peter Jackson's King Kong: The Official Game of the Movie,PS2,2005,Action,Ubisoft,0.71,1.02,0,0.31,2.04,82,41,8.2,68,Ubisoft Montpellier,T
Peter Jackson's King Kong: The Official Game of the Movie,GC,2005,Action,Ubisoft,0.19,0.05,0,0.01,0.24,81,30,8.3,8,Ubisoft Montpellier,T
Peter Jackson's King Kong: The Official Game of the Movie,DS,2005,Action,Ubisoft,0.12,0,0,0.01,0.13,28,5,3.2,32,Ubisoft Casablanca,T
Playboy: The Mansion,XB,2005,Simulation,Ubisoft,0.07,0.02,0,0,0.09,61,43,4.1,9,Cyberlore Studios,M
Playboy: The Mansion,PS2,2005,Simulation,Ubisoft,0.1,0.08,0,0.03,0.2,59,33,7.5,18,Cyberlore Studios,M
Prince of Persia: Revelations,PSP,2005,Adventure,Ubisoft,0.18,0.01,0,0.02,0.21,99,6,5,83,,
Prince of Persia: The Two Thrones,XB,2005,Action,Ubisoft,0.33,0.22,0,0.03,0.58,85,46,8.4,28,Ubisoft,M
Prince of Persia: The Two Thrones,PS2,2005,Action,Ubisoft,0.57,0.02,0,0.09,0.68,85,46,8.5,111,Ubisoft Montreal,M
Prince of Persia: The Two Thrones,GC,2005,Action,Ubisoft,0.11,0.03,0,0,0.15,84,34,8.1,22,Ubisoft,M
Rayman 10th Anniversary,GBA,2005,Platform,Ubisoft,0.01,0,0,0,0.02,76,15,9,91,,
Rayman DS,DS,2005,Platform,Ubisoft,0.21,0.03,0,0.02,0.26,58,20,7.6,19,DC Studios,E
Rayman: Hoodlum's Revenge,GBA,2005,Platform,Ubisoft,0.05,0.02,0,0,0.06,61,12,5,74,Backbone Entertainment,E
Silent Hunter III,PC,2005,Simulation,Ubisoft,0,0.07,0,0.01,0.08,90,23,7.9,95,Ubisoft,T
Sniper Elite,XB,2005,Shooter,Ubisoft,0.07,0.02,0,0,0.09,77,25,8.5,11,Rebellion,M
Sniper Elite,PS2,2005,Shooter,Ubisoft,0.1,0.07,0,0.02,0.19,76,21,8.9,36,Rebellion,M
Star Wars Episode III: Revenge of the Sith,GBA,2005,Action,Ubisoft,0.52,0.19,0,0.01,0.72,73,13,7.5,12,Ubisoft,E10+
Star Wars Episode III: Revenge of the Sith,DS,2005,Action,Ubisoft,0.25,0.03,0,0.02,0.3,73,22,7.8,19,Ubisoft,E10+
Tales of Eternia,PSP,2005,Role-Playing,Ubisoft,0,0.01,0.25,0,0.26,15,28,8,30,,
Tom Clancy's Ghost Recon 2,GC,2005,Shooter,Ubisoft,0.06,0.01,0,0,0.07,54,10,1.4,11,Ubisoft Shanghai,T
Tom Clancy's Ghost Recon 2: Summit Strike,XB,2005,Shooter,Ubisoft,0.29,0.08,0,0.01,0.39,84,40,7.2,35,Red Storm Entertainment,T
Tom Clancy's Rainbow Six: Lockdown,XB,2005,Shooter,Ubisoft,0.26,0.13,0,0.02,0.41,74,39,6.6,28,"Red Storm Entertainment, Ubisoft Montreal",M
Tom Clancy's Rainbow Six: Lockdown,PS2,2005,Shooter,Ubisoft,0.17,0.13,0,0.04,0.35,70,15,6.9,9,"Red Storm Entertainment, Ubisoft Montreal",M
Tom Clancy's Rainbow Six: Lockdown,GC,2005,Shooter,Ubisoft,0.04,0.01,0,0,0.05,72,8,7.8,5,"Red Storm Entertainment, Ubisoft Montreal",M
Tom Clancy's Splinter Cell: Chaos Theory,XB,2005,Action,Ubisoft,0.68,0.38,0,0.05,1.11,94,70,9,160,Ubisoft Montreal,M
Tom Clancy's Splinter Cell: Chaos Theory,PS2,2005,Action,Ubisoft,0.36,0.45,0,0.14,0.95,87,29,8.6,53,Ubisoft Montreal,M
Tom Clancy's Splinter Cell: Chaos Theory,GC,2005,Action,Ubisoft,0.08,0.02,0,0,0.1,81,28,8.5,15,Ubisoft Montreal,M
Tom Clancy's Splinter Cell: Chaos Theory,DS,2005,Action,Ubisoft,0.06,0,0,0.01,0.07,50,22,7,25,Gameloft,T
Trollz: Hair Affair!,GBA,2005,Misc,Ubisoft,0.03,0.01,0,0,0.04,71,64,1,85,,
And1 Streetball,XB,2006,Action,Ubisoft,0.06,0.02,0,0,0.07,7,36,10,72,,
And1 Streetball,PS2,2006,Action,Ubisoft,0.13,0.1,0,0.03,0.27,44,75,9,69,,
Asphalt: Urban GT 2,DS,2006,Racing,Ubisoft,0.09,0.04,0,0.01,0.14,37,8,6.9,13,Virtuos,E10+
Astonishia Story,PSP,2006,Role-Playing,Ubisoft,0.03,0,0,0,0.03,48,35,4.9,18,Sonnori,E10+
Blazing Angels: Squadrons of WWII,XB,2006,Simulation,Ubisoft,0.06,0.02,0,0,0.08,69,19,6.8,4,Ubisoft Romania,T
Blazing Angels: Squadrons of WWII,X360,2006,Simulation,Ubisoft,0.36,0.02,0,0.03,0.42,66,58,7.9,53,Ubisoft,T
Blazing Angels: Squadrons of WWII,PS3,2006,Simulation,Ubisoft,0.35,0.22,0,0.1,0.66,67,26,6.9,9,Ubisoft,T
Blazing Angels: Squadrons of WWII,PC,2006,Simulation,Ubisoft,0.02,0,0,0,0.02,65,16,4.6,17,Ubisoft Romania,T
Brothers In Arms: D-Day,PSP,2006,Shooter,Ubisoft,0.23,0.14,0,0.09,0.46,65,19,9.1,64,Ubisoft Shanghai,M
Call of Juarez,PC,2006,Shooter,Ubisoft,0,0.01,0,0,0.01,72,25,7.8,223,Techland,M
Catz,DS,2006,Simulation,Ubisoft,0.49,0.02,0,0.04,0.55,28,21,5.3,16,Powerhead Games,E
DarkStar One,PC,2006,Simulation,Ubisoft,0,0.03,0,0.01,0.03,71,33,7.2,54,Ascaron Entertainment GmbH,T
Dogz,DS,2006,Simulation,Ubisoft,0.5,0.01,0,0.04,0.56,61,5,7.8,9,MTO,E
Enchanted Arms,X360,2006,Role-Playing,Ubisoft,0.16,0.02,0,0.02,0.19,69,54,6.9,60,From Software,T
Enchanted Arms (JP sales),X360,2006,Role-Playing,Ubisoft,0,0,0.02,0,0.02,21,38,5,75,,
Far Cry Instincts Evolution,XB,2006,Shooter,Ubisoft,0.06,0.02,0,0,0.08,78,15,6.3,32,Ubisoft Montreal,M
Far Cry Instincts Predator,X360,2006,Shooter,Ubisoft,0.2,0.03,0,0.02,0.24,78,46,6.2,80,Ubisoft Montreal,M
Far Cry Vengeance,Wii,2006,Shooter,Ubisoft,0.06,0.01,0,0.01,0.08,38,23,5.3,53,Ubisoft Montreal,M
Final Fantasy Fables: Chocobo Tales,DS,2006,Adventure,Ubisoft,0.1,0.01,0.12,0.01,0.24,75,42,7.4,28,h.a.n.d. Inc.,E
GT Pro Series,Wii,2006,Racing,Ubisoft,0.46,0.01,0.02,0.04,0.52,41,15,4,21,MTO,E
Hamsterz Life,DS,2006,Action,Ubisoft,0.43,0.01,0,0.04,0.47,25,78,9,13,Digital Kids,E
Happy Cooking,DS,2006,Simulation,Ubisoft,0.17,0,0,0.01,0.18,91,21,6,18,Ubisoft,E
Heroes of Might and Magic V,PC,2006,Strategy,Ubisoft,0,0.03,0,0.01,0.04,77,41,7.9,349,Nival Interactive,T
Horsez,DS,2006,Simulation,Ubisoft,0.38,0.01,0,0.03,0.42,62,31,8.7,14,Virtual Toys,E
IL-2 Sturmovik: 1946,PC,2006,Simulation,Ubisoft,0,0.04,0,0.01,0.04,86,9,8.8,115,1C: Maddox Games,T
Import Tuner Challenge (American sales),X360,2006,Racing,Ubisoft,0.07,0.01,0,0.01,0.09,60,99,2,81,,
Lost Magic,DS,2006,Role-Playing,Ubisoft,0.09,0,0.02,0.01,0.12,68,44,8.2,32,Taito Corporation,E
Math Play,DS,2006,Puzzle,Ubisoft,0.28,0,0,0.02,0.31,75,48,4,34,Denyu-Sha,E
Mind Quiz,PSP,2006,Action,Ubisoft,0.08,0.01,0,0.01,0.09,56,6,2,99,Ubisoft,E
Mind Quiz: Your Brain Coach,DS,2006,Misc,Ubisoft,0,0,0.08,0,0.08,85,28,9,19,Ubisoft,E
Monster 4X4: World Circuit,Wii,2006,Racing,Ubisoft,0.8,0,0.01,0.07,0.88,51,11,7.8,17,Ubisoft,E
Open Season,X360,2006,Platform,Ubisoft,0.1,0,0,0.01,0.11,59,15,7.3,9,Ubisoft,E10+
Open Season,Wii,2006,Platform,Ubisoft,0.06,0,0,0.01,0.07,49,5,5.6,7,Ubisoft,E10+
Open Season,PSP,2006,Platform,Ubisoft,0.07,0,0,0.01,0.07,0,4,5,97,Ubisoft,E10+
Open Season,PS2,2006,Platform,Ubisoft,0.01,0.01,0,0,0.03,57,6,5,10,Ubisoft,E10+
Open Season,GC,2006,Platform,Ubisoft,0.13,0.03,0,0,0.17,59,6,7,83,Ubisoft,E10+
Open Season,DS,2006,Platform,Ubisoft,0.12,0,0,0.01,0.13,72,4,6,53,Ubisoft Quebec,E
Over G Fighters,X360,2006,Simulation,Ubisoft,0.19,0.01,0,0.02,0.21,49,36,6,49,Taito Corporation,T
Petz: Catz 2,PS2,2006,Simulation,Ubisoft,0.18,0.14,0,0.05,0.37,25,79,10,35,Ubisoft,E
Pirates of the Caribbean: The Legend of Jack Sparrow,PS2,2006,Adventure,Ubisoft,0.12,0.09,0,0.03,0.25,51,32,7.5,13,7 Studios,T
Rayman Raving Rabbids,Wii,2006,Misc,Ubisoft,1.22,0.06,0.02,0.11,1.42,76,54,7.9,116,Ubisoft Montpellier,E
Rayman Raving Rabbids,PC,2006,Misc,Ubisoft,0,0.01,0,0,0.01,58,6,7.6,31,Ubisoft Bulgaria,E
Red Steel,Wii,2006,Shooter,Ubisoft,0.54,0.03,0.04,0.05,0.67,63,54,6.8,121,Ubisoft Paris,T
Star Trek: Legacy,PC,2006,Simulation,Ubisoft,0,0.01,0,0,0.02,56,25,4,35,Mad Doc Software,E10+
Star Trek: Tactical Assault,PSP,2006,Strategy,Ubisoft,0.02,0,0,0,0.03,64,15,7.9,10,Quicksilver Software,E
Star Trek: Tactical Assault,DS,2006,Strategy,Ubisoft,0.05,0.01,0,0,0.06,63,15,7,10,Quicksilver Software,E
Star Wars: Lethal Alliance,PSP,2006,Action,Ubisoft,0.11,0.01,0,0.01,0.13,61,31,7,7,Ubisoft Montreal,T
Star Wars: Lethal Alliance,DS,2006,Action,Ubisoft,0.08,0.01,0,0.01,0.1,57,15,4,88,Ubisoft Casablanca,E10+
Tales of the World: Radiant Mythology,PSP,2006,Role-Playing,Ubisoft,0.17,0.01,0.23,0.02,0.43,66,27,7.8,25,Alfa System,T
The Settlers II 10th Anniversary,PC,2006,Action,Ubisoft,0,0.02,0,0,0.03,32,37,3,99,,
Tom Clancy's  Ghost Recon Advanced Warfighter (weekly JP sales),X360,2006,Shooter,Ubisoft,0,0,0.01,0,0.01,57,74,10,18,,
Tom Clancy's Ghost Recon Advanced Warfighter,XB,2006,Shooter,Ubisoft,0.21,0.11,0,0.01,0.33,66,14,6,27,Ubisoft Shanghai,T
Tom Clancy's Ghost Recon Advanced Warfighter,X360,2006,Shooter,Ubisoft,1.4,0.02,0.02,0.1,1.54,90,78,8,215,Ubisoft Paris,T
Tom Clancy's Ghost Recon: Advanced Warfighter,PS2,2006,Shooter,Ubisoft,0.03,0.02,0,0.01,0.06,44,8,4.6,41,Ubisoft Shanghai,T
Tom Clancy's Rainbow Six: Vegas,X360,2006,Shooter,Ubisoft,1.09,0.65,0.02,0.2,1.95,88,69,8.3,225,Ubisoft Montreal,M
Tom Clancy's Splinter Cell: Double Agent,X360,2006,Action,Ubisoft,0.67,0.04,0.01,0.06,0.78,85,59,8.1,148,Ubisoft Shanghai,M
Tom Clancy's Splinter Cell: Double Agent,Wii,2006,Action,Ubisoft,0.1,0.01,0,0.01,0.13,61,12,7.4,16,Ubisoft Shanghai,M
Tom Clancy's Splinter Cell: Double Agent,GC,2006,Action,Ubisoft,0.04,0.01,0,0,0.06,64,8,7.1,7,Ubisoft Montreal,M
Tom Clancy's Splinter Cell: Essentials,PSP,2006,Shooter,Ubisoft,0.17,0.01,0,0.02,0.19,58,37,7.5,39,Ubisoft,M
Untold Legends: The Warriors Code,PSP,2006,Role-Playing,Ubisoft,0.14,0.12,0,0.08,0.33,65,46,8.3,28,Sony Online Entertainment,T
WarTech: Senko no Ronde,X360,2006,Fighting,Ubisoft,0.04,0,0,0,0.04,60,33,6.1,7,G.Rev,T
America's Army: True Soldiers,X360,2007,Shooter,Ubisoft,0.08,0,0,0.01,0.08,43,11,6.7,55,Red Storm Entertainment,T
Animal Genius,DS,2007,Puzzle,Ubisoft,0.1,0,0,0.01,0.11,2,26,7,50,Big Blue Bubble Inc.,E
Assassin's Creed,X360,2007,Adventure,Ubisoft,3.28,1.64,0.07,0.56,5.54,81,77,7.7,1074,Ubisoft Montreal,M
Assassin's Creed,PS3,2007,Adventure,Ubisoft,1.91,2,0.09,0.82,4.82,81,40,7.3,769,Ubisoft Montreal,M
Beowulf: The Game,X360,2007,Action,Ubisoft,0.36,0.01,0,0.03,0.4,51,23,4.7,30,Ubisoft Shanghai,M
Beowulf: The Game,PSP,2007,Action,Ubisoft,0.08,0,0,0.01,0.09,44,4,5.4,7,Virtuos,M
Beowulf: The Game,PS3,2007,Action,Ubisoft,0.14,0.01,0,0.01,0.16,51,18,5.2,17,Ubisoft,M
Blazing Angels 2: Secret Missions of WWII,X360,2007,Simulation,Ubisoft,0.11,0.02,0,0.01,0.14,72,24,7.8,12,Ubisoft Romania,T
Blazing Angels 2: Secret Missions of WWII,PS3,2007,Simulation,Ubisoft,0.1,0.03,0,0.02,0.15,70,10,7.2,12,Ubisoft Romania,T
Blazing Angels: Squadrons of WWII,Wii,2007,Simulation,Ubisoft,0.74,0.04,0,0.06,0.83,57,11,6.7,28,Ubisoft,T
Brothers In Arms DS,DS,2007,Shooter,Ubisoft,0.03,0,0,0,0.04,72,27,8,25,Gameloft,T
Call of Juarez,X360,2007,Shooter,Ubisoft,0.14,0.02,0,0.01,0.18,71,37,6.9,46,Techland,M
Chessmaster: The Art of Learning,DS,2007,Misc,Ubisoft,0.12,0.03,0,0.01,0.15,45,25,6.7,10,Ubisoft,E
Cosmic Family,Wii,2007,Misc,Ubisoft,0.07,0,0,0.01,0.08,54,6,5.7,6,Ubisoft Barcelona,E
Cranium Kabookii,Wii,2007,Misc,Ubisoft,0.13,0,0,0.01,0.14,64,9,5.4,13,Ubisoft Quebec,E
CSI: 3 Dimensions of Murder,PS2,2007,Adventure,Ubisoft,0.07,0.06,0,0.02,0.14,66,16,4,98,Ubisoft Bulgaria,M
CSI: Dark Motives,DS,2007,Adventure,Ubisoft,0.05,0.01,0,0.01,0.07,82,68,6.7,6,Powerhead Games,T
CSI: Hard Evidence,X360,2007,Adventure,Ubisoft,0.07,0.02,0,0.01,0.1,92,29,3,86,,
Driver '76,PSP,2007,Racing,Ubisoft,0.03,0.14,0,0.07,0.24,57,28,7.9,18,Sumo Digital,M
Driver: Parallel Lines,Wii,2007,Racing,Ubisoft,0.01,0.01,0,0,0.03,59,9,6,20,Reflections Interactive,M
Enchanted Arms,PS3,2007,Role-Playing,Ubisoft,0.17,0.01,0,0.02,0.2,64,23,5.9,40,From Software,T
Enchanted Arms (JP sales),PS3,2007,Role-Playing,Ubisoft,0,0,0.04,0,0.04,57,18,7,41,,
Imagine Figure Skater (JP sales),DS,2007,Sports,Ubisoft,0,0,0.01,0,0.01,13,18,10,19,,
Imagine: Animal Doctor,DS,2007,Simulation,Ubisoft,0.45,0.48,0,0.11,1.04,42,34,7.4,5,Virtual Toys,E
Imagine: Babyz,DS,2007,Simulation,Ubisoft,1.3,1.26,0,0.31,2.87,95,45,7.7,15,Ubisoft,E
Imagine: Fashion Designer,DS,2007,Simulation,Ubisoft,1.32,1.19,0,0.3,2.8,61,99,7.6,7,Virtual Toys,E
Imagine: Figure Skater (US sales),DS,2007,Sports,Ubisoft,0.46,0.01,0,0,0.46,40,18,5,40,,
Imagine: Master Chef,DS,2007,Simulation,Ubisoft,0.39,0.91,0,0.17,1.47,100,77,6,79,Ubisoft,E
Jam Sessions: Sing and Play Guitar (jp sales),DS,2007,Misc,Ubisoft,0,0,0.01,0,0.01,81,21,8,98,,
Jam Sessions: Sing and Play Guitar (US sales),DS,2007,Misc,Ubisoft,0.38,0,0,0,0.38,26,63,6,46,,
John Deere: Harvest in the Heartland,DS,2007,Simulation,Ubisoft,0.23,0.03,0,0.02,0.29,43,7,10,11,Black Lantern Studios,E
My Fashion Studio,DS,2007,Misc,Ubisoft,0.41,0,0,0.03,0.45,7,13,6.8,6,505 Games,E
My French Coach,DS,2007,Misc,Ubisoft,0.14,0.01,0,0.01,0.17,75,10,8,82,Ubisoft,E
My Spanish Coach,DS,2007,Misc,Ubisoft,0.4,0,0,0.03,0.43,73,7,4,74,"Ubisoft, Sensory Sweep",E
My Word Coach,Wii,2007,Misc,Ubisoft,0.46,0.01,0,0.04,0.51,68,8,4,39,Ubisoft,E
My Word Coach,DS,2007,Misc,Ubisoft,0.37,0.89,0,0.18,1.44,71,7,6.8,5,Ubisoft,E
Naruto: Rise of a Ninja,X360,2007,Action,Ubisoft,0.29,0.01,0,0.03,0.33,78,35,8.6,84,Ubisoft Montreal,T
Pawly Pets: My Vet Practice,DS,2007,Strategy,Ubisoft,0,0.05,0,0,0.05,34,40,6,5,,
Petz Dogz 2,Wii,2007,Simulation,Ubisoft,0.52,0.01,0,0.04,0.57,17,37,2,10,Ubisoft,E
Petz Dogz 2,PS2,2007,Simulation,Ubisoft,0.28,0.21,0,0.07,0.56,2,97,10,65,Ubisoft,E
Petz Dogz 2,DS,2007,Simulation,Ubisoft,0.46,0.51,0,0.12,1.1,12,48,8,61,MTO,E
Petz Wild Animals: Dolphinz,DS,2007,Simulation,Ubisoft,0.71,0.48,0,0.13,1.32,23,21,2,0,Magic Pockets,E
Petz: Catz 2,Wii,2007,Simulation,Ubisoft,0.4,0.01,0,0.03,0.44,23,1,5.8,6,Ubisoft,E
Petz: Catz 2,DS,2007,Simulation,Ubisoft,0.51,0.4,0,0.11,1.02,96,78,9,4,Powerhead Games,E
Petz: Hamsterz Life 2,GBA,2007,Misc,Ubisoft,0.01,0,0,0,0.01,31,8,2,41,,
Petz: Hamsterz Life 2,DS,2007,Misc,Ubisoft,0.47,0,0,0.04,0.51,20,36,10,11,,
Petz: Horsez 2,Wii,2007,Simulation,Ubisoft,0.39,0,0,0.03,0.42,67,55,9,56,Phoenix Games Studio,E
Petz: Horsez 2,PS2,2007,Simulation,Ubisoft,0.13,0.1,0,0.03,0.26,6,7,7,90,Ubisoft,E
Petz: Horsez 2,DS,2007,Simulation,Ubisoft,0.39,0,0,0.03,0.43,22,36,2,53,Virtual Toys,E
Pippa Funnell 2: Farm Adventures,DS,2007,Simulation,Ubisoft,0,0.01,0,0,0.01,60,70,6,44,,
Pippa Funnell: Ranch Rescue,Wii,2007,Adventure,Ubisoft,0,0.01,0,0,0.02,99,62,3,21,,
Platinum Sudoku,DS,2007,Puzzle,Ubisoft,0.03,0.01,0,0,0.04,56,83,5,65,Gameloft,E
Prince of Persia: Rival Swords,Wii,2007,Action,Ubisoft,0.24,0.02,0,0.02,0.29,70,30,7.7,21,Ubisoft Montreal,T
Prince of Persia: Rival Swords,PSP,2007,Action,Ubisoft,0.08,0.02,0,0.01,0.11,74,16,8.2,19,"Pipeworks Software, Inc.",T
Rayman Raving Rabbids,X360,2007,Misc,Ubisoft,0.18,0.01,0,0.02,0.21,67,16,7.3,19,Ubisoft Montpellier,E
Rayman Raving Rabbids,DS,2007,Misc,Ubisoft,0.13,0.01,0,0.01,0.14,56,13,6.1,8,Ubisoft Bulgaria,E
Rayman Raving Rabbids 2,Wii,2007,Misc,Ubisoft,0.82,0.82,0,0.2,1.83,67,25,8.3,66,Ubisoft Montpellier,E10+
Rayman Raving Rabbids 2,DS,2007,Misc,Ubisoft,0.73,0.01,0,0.06,0.8,57,8,7,15,Ubisoft Paris,E10+
Real Soccer 2008,DS,2007,Sports,Ubisoft,0.03,0,0,0,0.04,47,22,2,58,Gameloft,E
Resident Evil 4,PC,2007,Action,Ubisoft,0,0.02,0,0,0.03,76,15,7.4,242,Capcom,M
Rocky Balboa,PSP,2007,Sports,Ubisoft,0.01,0.09,0,0.01,0.1,58,17,6.6,11,Ubisoft,T
Scrabble 2007 Edition,DS,2007,Puzzle,Ubisoft,0,0.47,0,0,0.48,52,36,4,83,,
Silent Hunter: Wolves of the Pacific,PC,2007,Simulation,Ubisoft,0,0.04,0,0.01,0.05,79,22,6.9,40,Ubisoft Romania,T
Surf's Up,X360,2007,Sports,Ubisoft,0.09,0,0,0.01,0.1,61,15,6.1,9,Ubisoft,E10+
Surf's Up,Wii,2007,Sports,Ubisoft,0.15,0,0,0.01,0.17,64,9,7,23,Ubisoft Montreal,E10+
Surf's Up,PSP,2007,Sports,Ubisoft,0.02,0.06,0,0.03,0.11,92,1,8,5,Ubisoft Montreal,E10+
Surf's Up,PS3,2007,Sports,Ubisoft,0.03,0,0,0,0.04,59,8,5.1,7,Ubisoft Montreal,E10+
Surf's Up,PS2,2007,Sports,Ubisoft,0.14,0.11,0,0.04,0.29,60,4,1,16,Ubisoft Montreal,E10+
Surf's Up,GC,2007,Sports,Ubisoft,0.01,0,0,0,0.01,17,43,5,74,Ubisoft Montreal,E10+
Surf's Up,DS,2007,Sports,Ubisoft,0.26,0,0,0.02,0.28,56,5,7,4,Ubisoft Quebec,E
The Dog Island,Wii,2007,Adventure,Ubisoft,0.34,0.01,0,0.03,0.38,70,4,8.1,12,Yuke's,E
The Dog Island,PS2,2007,Adventure,Ubisoft,0.13,0.1,0,0.03,0.27,1,31,7,6,Yuke's,E
The Elder Scrolls IV: Oblivion,PS3,2007,Role-Playing,Ubisoft,1.69,0.85,0.14,0.43,3.1,93,45,8,604,4J Studios,M
The Settlers,DS,2007,Action,Ubisoft,0.1,0,0,0.01,0.11,39,6,5.6,7,Blue Byte,E
The Settlers: Rise of an Empire,PC,2007,Strategy,Ubisoft,0.01,0.01,0,0,0.02,66,19,7.7,44,Blue Byte,E10+
TMNT,X360,2007,Action,Ubisoft,0.48,0.03,0,0.05,0.56,58,31,6.3,32,Ubisoft Montreal,E10+
TMNT,Wii,2007,Action,Ubisoft,0.3,0.03,0,0.03,0.36,60,17,5.9,11,Ubisoft Montreal,E10+
TMNT,PSP,2007,Action,Ubisoft,0.1,0,0,0.01,0.11,37,7,4.1,12,Ubisoft Montreal,E10+
TMNT,DS,2007,Action,Ubisoft,0.03,0.01,0,0,0.04,42,10,2.2,5,Ubisoft Quebec,E10+
Tom Clancy's Ghost Recon Advanced Warfighter 2,X360,2007,Shooter,Ubisoft,0.87,0.05,0.02,0.08,1.02,86,58,8.1,89,"Red Storm Entertainment, Ubisoft Paris",T
Tom Clancy's Ghost Recon Advanced Warfighter 2,PSP,2007,Shooter,Ubisoft,0.35,0.09,0,0.08,0.53,61,12,6.4,9,"High Voltage Software, Ubisoft Paris",T
Tom Clancy's Ghost Recon Advanced Warfighter 2,PS3,2007,Shooter,Ubisoft,0.34,0.48,0.02,0.19,1.03,84,29,8.1,41,"Red Storm Entertainment, Ubisoft Paris",T
Tom Clancy's Rainbow Six: Vegas,PSP,2007,Shooter,Ubisoft,0.42,0.19,0,0.13,0.74,60,20,7.1,31,Ubisoft Montreal,T
Tom Clancy's Rainbow Six: Vegas,PS3,2007,Shooter,Ubisoft,0.47,0.53,0.03,0.22,1.25,86,32,7.6,81,Ubisoft Montreal,M
Tom Clancy's Splinter Cell: Double Agent,PS3,2007,Action,Ubisoft,0.2,0.03,0,0.03,0.26,78,17,6.5,41,Ubisoft Shanghai,M
Victorious Boxers: Revolution,Wii,2007,Fighting,Ubisoft,0.07,0,0.06,0.01,0.14,59,26,5.4,8,Cavia Inc.,T
Who Wants to be a Millionaire: 1st Edition,Wii,2007,Misc,Ubisoft,0,0.03,0,0,0.03,2,58,0,23,,
Who Wants to be a Millionaire: 1st Edition,DS,2007,Misc,Ubisoft,0,0.03,0,0,0.03,90,42,9,65,,
Armored Core: For Answer,X360,2008,Simulation,Ubisoft,0.06,0.01,0.07,0.01,0.15,64,22,7.7,38,From Software,T
Armored Core: For Answer,PS3,2008,Simulation,Ubisoft,0.06,0.02,0.1,0.01,0.19,62,22,7.6,31,From Software,T
Assassin's Creed,PC,2008,Adventure,Ubisoft,0.01,0.83,0,0.07,0.91,0,29,6,4,,
Assassin's Creed: Altair's Chronicles,DS,2008,Platform,Ubisoft,0.03,0.01,0,0,0.05,58,30,6.3,30,Gameloft,T
Battle of Giants: Dinosaurs,DS,2008,Strategy,Ubisoft,0.37,0.35,0,0.09,0.81,73,81,7.2,9,Ubisoft Quebec,E
Brain Challenge,DS,2008,Misc,Ubisoft,0.41,0,0,0.03,0.45,68,7,7,4,Ubisoft,E
Brothers in Arms: Double Time,Wii,2008,Shooter,Ubisoft,0.11,0,0,0.01,0.13,45,13,6.6,17,Gearbox Software,M
Brothers in Arms: Hell's Highway,X360,2008,Shooter,Ubisoft,0.47,0.3,0,0.09,0.87,76,65,8.3,149,Gearbox Software,M
Brothers in Arms: Hell's Highway,PS3,2008,Shooter,Ubisoft,0.44,0.34,0,0.15,0.93,76,48,8,70,Gearbox Software,M
Brothers in Arms: Hell's Highway,PC,2008,Shooter,Ubisoft,0,0.02,0,0,0.02,79,22,7.9,130,Gearbox Software,M
Cesar Millan's Dog Whisperer,DS,2008,Simulation,Ubisoft,0.04,0,0,0,0.05,44,27,8.6,9,Ubisoft,E
Chessmaster: The Art of Learning,PSP,2008,Misc,Ubisoft,0.11,0,0,0.01,0.12,64,4,8.4,18,Ubisoft,E
CSI: Hard Evidence,Wii,2008,Adventure,Ubisoft,0.36,0.43,0,0.1,0.89,38,55,8,13,,
Dark Messiah of Might and Magic Elements,X360,2008,Role-Playing,Ubisoft,0.16,0.02,0.01,0.02,0.2,52,27,7,48,Ubisoft Annecy,M
Emergency Heroes,Wii,2008,Racing,Ubisoft,0.14,0.27,0,0.05,0.47,41,12,4.2,15,"Ubisoft Barcelona, Ubisoft Reflections",E10+
Ener-G Horse Riders,DS,2008,Sports,Ubisoft,0.14,0.01,0,0.01,0.16,9,74,5,31,Lexis Numerique,E
Ener-G: Dance Squad,DS,2008,Sports,Ubisoft,0.15,0,0,0.01,0.16,63,30,3,4,Lexis Numerique,E
Ener-G: Gym Rockets,DS,2008,Sports,Ubisoft,0.36,0,0,0.03,0.39,73,73,7,84,1st Playable Productions,E
Family Fest Presents Circus Games,Wii,2008,Misc,Ubisoft,0.1,0.29,0,0.05,0.44,0,78,4,96,Kuju Entertainment,E
Family Fest presents: Movie Games,Wii,2008,Action,Ubisoft,0.2,0.01,0,0.02,0.22,88,3,7,92,Phoenix Entertainment,E10+
Far Cry 2,X360,2008,Action,Ubisoft,0.71,0.69,0.02,0.18,1.59,85,75,6.7,288,Ubisoft Montreal,M
Far Cry 2,PS3,2008,Action,Ubisoft,0.43,0.69,0.01,0.26,1.38,85,49,6.4,241,Ubisoft Montreal,M
Far Cry 2,PC,2008,Action,Ubisoft,0.01,0.45,0,0.03,0.48,85,34,5.8,1345,Ubisoft Montreal,M
Gold's Gym: Cardio Workout,Wii,2008,Sports,Ubisoft,1.1,0.03,0.06,0.09,1.28,71,67,8.4,13,Ubisoft,E
Gold's Gym: Cardio Workout (Others sales),Wii,2008,Sports,Ubisoft,0,0.29,0,0.02,0.31,68,99,8,43,,
Gourmet Chef: Cook Your Way to Fame,DS,2008,Misc,Ubisoft,0.13,0,0,0.01,0.14,42,73,8,38,Ubisoft,E
Haze,PS3,2008,Shooter,Ubisoft,0.49,0.33,0.02,0.15,0.99,55,65,6.5,294,Free Radical Design,M
Hell's Kitchen: The Game,Wii,2008,Simulation,Ubisoft,0.3,0,0,0.03,0.33,83,79,8,76,,
Hell's Kitchen: The Game,DS,2008,Simulation,Ubisoft,0.34,0,0,0.03,0.37,56,52,4,19,,
Imagine: Babysitters,DS,2008,Simulation,Ubisoft,0.63,0.35,0,0.1,1.08,4,86,2,81,Visual Impact,E
Imagine: Ballet Star,DS,2008,Simulation,Ubisoft,0.23,0,0,0.02,0.25,93,40,7,4,Ubisoft,E
Imagine: Fashion Designer New York,DS,2008,Simulation,Ubisoft,0.65,0.32,0,0.1,1.07,60,57,6,78,"Lexis Numerique, Virtual Toys",E
Imagine: Gymnast,DS,2008,Simulation,Ubisoft,0.05,0.01,0,0,0.06,33,56,10,60,Ubisoft,E
Imagine: Interior Designer,DS,2008,Simulation,Ubisoft,0.34,0.31,0,0.08,0.72,81,31,1,24,Ubisoft,E
Imagine: Movie Star,DS,2008,Simulation,Ubisoft,0.31,0,0,0.03,0.34,26,65,9,6,"Ubisoft, Powerhead Games",E
Imagine: Party Babyz,Wii,2008,Simulation,Ubisoft,0.33,0.02,0,0.03,0.37,6,49,6.1,18,Ubisoft,E
Imagine: Rock Star,DS,2008,Simulation,Ubisoft,0.4,0.33,0,0.09,0.81,73,13,6,63,Gevo Entertainment,E
Imagine: Teacher,DS,2008,Simulation,Ubisoft,0.7,0.82,0,0.19,1.71,35,17,5,87,Magic Pockets,E
Imagine: Wedding Designer,DS,2008,Simulation,Ubisoft,0.55,0.59,0,0.14,1.28,30,67,1,40,"Lexis Numerique, Virtual Toys",E
Jake Power: Fireman,DS,2008,Adventure,Ubisoft,0.08,0.35,0,0.05,0.48,22,40,3,41,Magic Pockets,E
Jake Power: Handyman,DS,2008,Adventure,Ubisoft,0.06,0,0,0,0.07,67,83,10,30,Ubisoft,E
Jake Power: Policeman,DS,2008,Adventure,Ubisoft,0.05,0,0,0,0.05,23,44,10,20,Ubisoft,E
Let's Draw!,DS,2008,Misc,Ubisoft,0.24,0.23,0,0.06,0.54,62,97,6,12,,
Lost: Via Domus,X360,2008,Action,Ubisoft,0.18,0.34,0,0.07,0.58,55,50,6.4,58,Ubisoft Montreal,T
Lost: Via Domus,PS3,2008,Action,Ubisoft,0.19,0.22,0,0.09,0.5,54,30,6.9,28,Ubisoft Montreal,T
Lost: Via Domus,PC,2008,Action,Ubisoft,0,0.01,0,0,0.02,52,22,6,38,Ubisoft Montreal,T
Miami Nights: Singles in the City,DS,2008,Simulation,Ubisoft,0.08,0,0,0.01,0.08,48,6,7.1,7,Gameloft,T
Midnight Play! Pack,DS,2008,Misc,Ubisoft,0.08,0,0,0.01,0.08,46,78,7,38,,
My Chinese Coach,DS,2008,Misc,Ubisoft,0.1,0.01,0,0.01,0.12,65,14,5,84,"Ubisoft, Sensory Sweep",E
My Fitness Coach,Wii,2008,Sports,Ubisoft,1.18,0.9,0,0.24,2.32,94,41,8.6,16,Ubisoft,E
My Fun Facts Coach,DS,2008,Misc,Ubisoft,0.07,0,0,0.01,0.07,64,40,8,64,Powerhead Games,E
My Japanese Coach,DS,2008,Misc,Ubisoft,0.24,0,0,0.02,0.27,59,4,6.7,6,"Ubisoft, Sensory Sweep",E
My SAT Coach with The Princeton Review,DS,2008,Misc,Ubisoft,0.1,0,0,0.01,0.11,21,0,2,36,,
My Secret World by Imagine,DS,2008,Misc,Ubisoft,0,0.2,0,0,0.2,39,23,8.8,5,Ubisoft,E
My Spanish Coach,PSP,2008,Misc,Ubisoft,0.12,0,0,0.01,0.13,40,90,4,18,Ubisoft,E
My Stop Smoking Coach: Allen Carr's EasyWay,DS,2008,Misc,Ubisoft,0.07,0,0,0.01,0.08,28,84,5,64,Ubisoft Quebec,E
My Weight Loss Coach,DS,2008,Sports,Ubisoft,0.3,0.54,0,0.11,0.95,63,4,7.6,7,Ubisoft Montreal,E
Naruto: The Broken Bond,X360,2008,Action,Ubisoft,0.24,0.28,0,0.06,0.59,80,34,7.8,46,Ubisoft Montreal,T
National Geographic Panda (JP sales),DS,2008,Simulation,Ubisoft,0,0,0.01,0,0.01,5,17,0,48,,
National Geographic Panda (US sales),DS,2008,Simulation,Ubisoft,0.04,0,0,0,0.04,81,37,4,87,,
Nitrobike,Wii,2008,Racing,Ubisoft,0.11,0.01,0,0.01,0.13,49,22,7.1,7,Left Field Productions,E10+
Petz Bunnyz,DS,2008,Simulation,Ubisoft,0.39,0.01,0,0.03,0.43,22,89,9,87,Digital Kids,E
Petz Catz Clan,DS,2008,Simulation,Ubisoft,0.47,0.03,0,0.04,0.54,41,11,8,48,Digital Kids,E
Petz Dogz Fashion,DS,2008,Simulation,Ubisoft,0.46,0.3,0,0.09,0.84,15,45,3,64,Ubisoft,E
Petz Monkeyz House,DS,2008,Simulation,Ubisoft,0.2,0,0,0.02,0.22,22,51,4,12,Ubisoft,E
Petz Rescue: Endangered Paradise,DS,2008,Adventure,Ubisoft,0.21,0,0,0.02,0.22,82,44,1,100,Phoenix Interactive Entertainment,E
Petz Rescue: Ocean Patrol,DS,2008,Adventure,Ubisoft,0.35,0,0,0.03,0.37,35,4,10,66,Magic Pockets,E
Petz Rescue: Wildlife Vet,Wii,2008,Simulation,Ubisoft,0.2,0,0,0.02,0.21,88,78,7,46,"Lexis Numerique, Virtual Toys",E
Petz Rescue: Wildlife Vet,DS,2008,Simulation,Ubisoft,0.35,0,0,0.03,0.38,68,39,3,30,"Lexis Numerique, Virtual Toys",E
Petz Sports,Wii,2008,Simulation,Ubisoft,0.42,0.01,0,0.04,0.46,44,22,7,49,,
Petz Wild Animals: Tigerz,DS,2008,Simulation,Ubisoft,0.52,0,0,0.04,0.56,28,53,9,47,Magic Pockets,E
Petz: Crazy Monkeyz,Wii,2008,Simulation,Ubisoft,0.22,0,0,0.02,0.25,34,64,3,92,Y's K,E
Petz: Dogz Pack,DS,2008,Simulation,Ubisoft,0.56,0,0,0.05,0.61,47,94,1,69,,
Petz: Horse Club,Wii,2008,Misc,Ubisoft,0.2,0,0,0.02,0.21,96,43,7,13,Phoenix Interactive Entertainment,E
Prince of Persia,X360,2008,Action,Ubisoft,0.54,0.34,0.02,0.1,1.01,81,73,7,189,Ubisoft Montreal,T
Prince of Persia,PS3,2008,Action,Ubisoft,0.47,0.4,0.03,0.17,1.07,85,59,7.3,245,Ubisoft Montreal,T
Prince of Persia (2008),PC,2008,Action,Ubisoft,0,0.02,0,0,0.03,2,80,9,58,,
Prince of Persia: The Fallen King,DS,2008,Action,Ubisoft,0.06,0,0,0,0.07,64,24,6,9,Ubisoft,E
Puppy Palace,DS,2008,Simulation,Ubisoft,0.35,0,0,0.03,0.38,18,51,5,50,Ubisoft,E
Puzzler Collection,Wii,2008,Puzzle,Ubisoft,0.05,0,0,0,0.06,15,71,5,48,Destination Software,E
Puzzler Collection,DS,2008,Puzzle,Ubisoft,0.16,0.78,0,0.04,0.99,71,5,3,25,Route 1 Games,E
Quick Yoga Training,DS,2008,Misc,Ubisoft,0.12,0,0,0.01,0.13,52,59,2,99,"Ubisoft, Moss",E
Rayman Raving Rabbids: TV Party,Wii,2008,Misc,Ubisoft,0.72,1.08,0,0.23,2.03,73,24,7.7,29,"Ubisoft Paris, Ubisoft Montpellier",E10+
Rayman Raving Rabbids: TV Party,DS,2008,Misc,Ubisoft,0.44,0.01,0,0.04,0.48,83,19,7,71,"Ubisoft Paris, Ubisoft Montpellier",E10+
Real Soccer 2009,DS,2008,Sports,Ubisoft,0.05,0,0,0,0.06,70,7,5,50,Ubisoft,E
Shaun White Snowboarding,PSP,2008,Sports,Ubisoft,0.26,0.03,0,0.03,0.32,70,5,7.5,4,Ubisoft,E10+
Shaun White Snowboarding,PS3,2008,Sports,Ubisoft,0.31,0.23,0.01,0.1,0.65,63,30,6.3,26,Ubisoft Montreal,T
Shaun White Snowboarding,PS2,2008,Sports,Ubisoft,0.15,0.12,0,0.04,0.31,43,15,8,87,Ubisoft,E10+
Shaun White Snowboarding,DS,2008,Sports,Ubisoft,0.21,0,0,0.02,0.23,63,4,7,52,Ubisoft,E
Shaun White Snowboarding: Road Trip,Wii,2008,Sports,Ubisoft,0.93,0.56,0,0.16,1.66,78,28,8.7,22,Ubisoft,E10+
SoulCalibur IV,X360,2008,Fighting,Ubisoft,0.92,0.43,0.07,0.15,1.58,85,62,7.9,157,Namco,T
SoulCalibur IV,PS3,2008,Fighting,Ubisoft,0.72,0.4,0.14,0.2,1.46,85,65,7.9,129,Namco,T
Summer Sports 2: Island Sports Party,Wii,2008,Sports,Ubisoft,0.24,0,0,0.02,0.26,31,79,5,1,Destineer,E
Summer Sports: Paradise Island,Wii,2008,Sports,Ubisoft,0.48,0.01,0,0.04,0.53,46,7,4.6,7,Destineer,E
Summer Sports: Paradise Island (Others sales),Wii,2008,Sports,Ubisoft,0,0.66,0,0.01,0.67,13,36,3,61,,
Tenchu: Shadow Assassins,Wii,2008,Action,Ubisoft,0.15,0.01,0.03,0.01,0.21,70,35,7.8,24,Acquire,M
The Price is Right,Wii,2008,Misc,Ubisoft,0.76,0,0,0.06,0.82,13,50,4.3,9,Ludia Inc.,E
The Price is Right,DS,2008,Misc,Ubisoft,0.46,0,0,0.04,0.49,74,59,9,6,Ludia Inc.,E
Tom Clancy's EndWar,X360,2008,Strategy,Ubisoft,0.58,0.24,0.01,0.09,0.91,77,63,7.2,53,Ubisoft Shanghai,T
Tom Clancy's EndWar,PSP,2008,Strategy,Ubisoft,0.1,0.01,0,0.01,0.11,68,7,5.9,8,"Funatics Software, Funatics",T
Tom Clancy's EndWar,PS3,2008,Strategy,Ubisoft,0.33,0.22,0.01,0.1,0.66,76,33,6.6,42,Ubisoft Shanghai,T
Tom Clancy's EndWar,DS,2008,Strategy,Ubisoft,0.08,0.01,0,0.01,0.09,69,11,5.8,4,"Funatics Software, Funatics",T
Tom Clancy's Rainbow Six: Vegas 2,X360,2008,Shooter,Ubisoft,1.56,0.6,0.02,0.23,2.42,82,66,7.8,176,Ubisoft Montreal,M
Tom Clancy's Rainbow Six: Vegas 2,PS3,2008,Shooter,Ubisoft,0.66,0.44,0.04,0.21,1.34,81,32,7.9,93,Ubisoft Montreal,M
Tom Clancy's Rainbow Six: Vegas 2,PC,2008,Shooter,Ubisoft,0,0.02,0,0,0.02,78,20,7.3,185,Ubisoft Montreal,M
Totally Spies! Totally Party,Wii,2008,Misc,Ubisoft,0.09,0.01,0,0.01,0.11,65,59,10,38,,
Totally Spies! Totally Party,PS2,2008,Misc,Ubisoft,0.01,0.01,0,0,0.01,89,51,6,80,,
Totally Spies! Totally Party,PC,2008,Misc,Ubisoft,0,0.02,0,0,0.03,53,23,7,87,,
TV Show King Party,Wii,2008,Puzzle,Ubisoft,0.18,0.4,0,0.08,0.66,88,74,7,1,Gameloft,T
Who Wants to be a Millionaire: 2nd Edition,Wii,2008,Misc,Ubisoft,0,0.02,0,0,0.02,61,0,4,33,,
Who Wants to be a Millionaire: 2nd Edition,DS,2008,Misc,Ubisoft,0,0.01,0,0,0.01,58,8,3,29,,
Wordfish,DS,2008,Puzzle,Ubisoft,0.07,0,0,0.01,0.08,37,17,3,97,Ubisoft,E
100 All-Time Favorites,DS,2009,Puzzle,Ubisoft,0.35,0.12,0,0.04,0.51,54,88,6.2,6,Ubisoft,E
Academy of Champions: Soccer,Wii,2009,Sports,Ubisoft,0.09,0.02,0,0.01,0.12,64,20,6.8,14,Ubisoft Vancouver,E
Assassin's Creed II,X360,2009,Action,Ubisoft,3.11,1.55,0.08,0.51,5.26,90,82,8.8,1305,Ubisoft Montreal,M
Assassin's Creed II,PS3,2009,Action,Ubisoft,2.54,1.93,0.21,0.86,5.55,91,70,8.6,1202,Ubisoft Montreal,M
Assassin's Creed II: Discovery,DS,2009,Action,Ubisoft,0.15,0.11,0,0.03,0.28,69,20,7.3,22,Griptonite Games,T
Assassin's Creed: Bloodlines,PSP,2009,Action,Ubisoft,0.43,0.47,0.05,0.28,1.23,63,38,7.2,69,Griptonite Games,M
Avatar: The Game,X360,2009,Action,Ubisoft,0.34,0.35,0,0.08,0.77,76,28,2,64,,
Avatar: The Game,Wii,2009,Action,Ubisoft,0.32,0.32,0,0.07,0.72,1,32,3,61,,
Avatar: The Game,PSP,2009,Action,Ubisoft,0.22,0.24,0,0.14,0.6,56,86,4,9,,
Avatar: The Game,PS3,2009,Action,Ubisoft,0.32,0.42,0,0.16,0.9,29,85,0,34,,
Avatar: The Game,PC,2009,Action,Ubisoft,0,0.04,0,0.01,0.04,76,75,10,85,,
Avatar: The Game,DS,2009,Action,Ubisoft,0.18,0.18,0,0.04,0.4,37,88,2,96,,
Battle of Giants: Dragons,DS,2009,Strategy,Ubisoft,0.3,0.25,0,0.06,0.62,67,30,6,4,Ubisoft Quebec,E10+
Broken Sword: Shadow of the Templars - The Director's Cut,Wii,2009,Adventure,Ubisoft,0.11,0.1,0,0.02,0.24,74,29,8.1,14,Revolution Software,T
Broken Sword: Shadows of the Templars - The Director's Cut,DS,2009,Adventure,Ubisoft,0.07,0.08,0,0.02,0.17,30,74,10,43,,
C.O.P.: The Recruit,DS,2009,Action,Ubisoft,0.05,0.02,0,0.01,0.08,55,38,7.5,13,Velez & Dubail,T
Call of Juarez: Bound in Blood,X360,2009,Shooter,Ubisoft,0.3,0.24,0,0.06,0.6,77,77,7.6,94,Techland,M
Call of Juarez: Bound in Blood,PS3,2009,Shooter,Ubisoft,0.35,0.37,0.01,0.15,0.88,78,47,7.8,91,Techland,M
Call of Juarez: Bound in Blood,PC,2009,Shooter,Ubisoft,0,0.03,0,0,0.03,78,39,8,282,Techland,M
Classic Word Games,DS,2009,Misc,Ubisoft,0.09,0.36,0,0.06,0.51,32,42,4,13,Ubisoft,E
Cloudy With a Chance of Meatballs,X360,2009,Platform,Ubisoft,0.07,0,0,0.01,0.09,62,12,6.5,11,Ubisoft Shanghai,E
Cloudy With a Chance of Meatballs,Wii,2009,Platform,Ubisoft,0.1,0,0,0.01,0.11,68,4,5.3,4,Ubisoft Shanghai,E
Cloudy With a Chance of Meatballs,PSP,2009,Platform,Ubisoft,0.07,0,0,0.01,0.08,88,85,4,45,Ubisoft Shanghai,E
Cloudy With a Chance of Meatballs,PS3,2009,Platform,Ubisoft,0.09,0.01,0,0.01,0.1,66,9,6,5,Ubisoft Shanghai,E
Cloudy With a Chance of Meatballs,DS,2009,Platform,Ubisoft,0.2,0.01,0,0.02,0.22,13,64,7,7,Ubisoft,E
Cook Wars,Wii,2009,Misc,Ubisoft,0.03,0,0,0,0.04,82,60,8,74,Virtual Toys,E
CSI: Deadly Intent,X360,2009,Adventure,Ubisoft,0.1,0.08,0,0.02,0.2,70,1,10,0,,
CSI: Deadly Intent,Wii,2009,Adventure,Ubisoft,0.12,0.13,0,0.03,0.28,54,33,6,55,Telltale Games,M
CSI: Deadly Intent - The Hidden Cases,DS,2009,Adventure,Ubisoft,0.16,0.15,0,0.04,0.35,5,40,6,30,,
Dawn of Discovery,Wii,2009,Simulation,Ubisoft,0.12,0.06,0,0.02,0.19,81,24,8.5,15,Keen Games,E10+
Dawn of Discovery,PC,2009,Simulation,Ubisoft,0,0.32,0,0.06,0.38,82,32,8.8,132,"Blue Byte, Related Designs",T
Dawn of Discovery,DS,2009,Simulation,Ubisoft,0.07,0.03,0,0.01,0.11,82,11,7.3,7,Keen Games,E
Family Feud: 2010 Edition,Wii,2009,Misc,Ubisoft,0.58,0,0,0.04,0.62,43,73,5,50,Ludia Inc.,E
Family Feud: 2010 Edition,DS,2009,Misc,Ubisoft,0.24,0,0,0.02,0.26,48,90,5,78,Ludia Inc.,E
Fashion Studio: Paris Collection,DS,2009,Misc,Ubisoft,0.13,0,0,0.01,0.14,96,13,2,81,Ubisoft,E
Grey's Anatomy: The Video Game,Wii,2009,Adventure,Ubisoft,0.05,0.01,0,0,0.06,65,4,9,95,Longtail Studios,T
Grey's Anatomy: The Video Game,PC,2009,Adventure,Ubisoft,0,0.02,0,0,0.02,36,4,3.9,20,Longtail Studios,T
Grey's Anatomy: The Video Game,DS,2009,Adventure,Ubisoft,0.03,0.01,0,0,0.04,4,64,7.5,4,Longtail Studios,T
Heroes over Europe,X360,2009,Simulation,Ubisoft,0.1,0.02,0,0.01,0.14,62,39,8.1,9,Transmission Games,T
Heroes over Europe,PS3,2009,Simulation,Ubisoft,0.12,0.02,0,0.02,0.16,62,34,7,16,"Atari, Transmission Games, Atari SA",T
Imagine: Artist,DS,2009,Misc,Ubisoft,0.05,0,0,0,0.05,99,31,7,81,Ubisoft,E
Imagine: Babyz Fashion,DS,2009,Simulation,Ubisoft,0.17,0,0,0.01,0.18,21,60,10,69,Ubisoft,E
Imagine: Boutique Owner,DS,2009,Simulation,Ubisoft,0.2,0,0,0.01,0.21,4,60,5,75,Creative Patterns,E
Imagine: Cheerleader,DS,2009,Simulation,Ubisoft,0.06,0,0,0,0.06,72,51,7,71,1st Playable Productions,E
Imagine: Detective,DS,2009,Simulation,Ubisoft,0.14,0.01,0,0.06,0.22,47,32,9,71,Ubisoft Sao Paulo,E
Imagine: Family Doctor,DS,2009,Simulation,Ubisoft,0.27,0.01,0,0.02,0.3,75,61,10,33,Wizarbox,E
Imagine: Fashion Designer World Tour,DS,2009,Simulation,Ubisoft,0.27,0,0,0.02,0.29,28,100,2,58,Virtual Toys,E
Imagine: Fashion Party,Wii,2009,Simulation,Ubisoft,0.24,0,0,0.02,0.26,36,39,5,99,"Lexis Numerique, Virtual Toys",E
Imagine: Music Fest,DS,2009,Simulation,Ubisoft,0.14,0,0,0.01,0.16,85,64,4,43,Ubisoft,E
Imagine: My Restaurant,DS,2009,Simulation,Ubisoft,0,0.07,0,0.01,0.07,68,56,5,84,,
Imagine: Party Planner,DS,2009,Simulation,Ubisoft,0.05,0,0,0,0.05,2,4,3,37,Ubisoft Porto Alegre,E
Imagine: Salon Stylist,DS,2009,Simulation,Ubisoft,0.23,0.1,0,0.03,0.37,53,21,4,69,Playbox Limited,E
Imagine: Soccer Captain,DS,2009,Sports,Ubisoft,0.1,0,0,0.01,0.1,45,2,5,67,Powerhead Games,E
Imagine: Teacher Class Trip,DS,2009,Adventure,Ubisoft,0.1,0.12,0,0.02,0.24,9,53,8,3,Magic Pockets,E
Imagine: Zookeeper,DS,2009,Simulation,Ubisoft,0.15,0.06,0,0.02,0.24,1,61,10,38,Magic Pockets,E
Jam Sessions 2,DS,2009,Misc,Ubisoft,0.06,0,0,0,0.07,66,7,9,3,Plato,E10+
Jojo's Fashion Show: Design in a Dash!,DS,2009,Simulation,Ubisoft,0.04,0,0,0,0.04,16,77,3,51,,
Just Dance,Wii,2009,Misc,Ubisoft,3.48,2.99,0,0.73,7.2,49,21,8,110,Ubisoft Paris,E10+
Might & Magic: Clash of Heroes,DS,2009,Role-Playing,Ubisoft,0.15,0.02,0,0.01,0.18,80,86,3,5,,
Monster 4x4: Stunt Racer,Wii,2009,Racing,Ubisoft,0.16,0,0,0.01,0.18,28,20,5.2,9,Ubisoft,E
My English Coach: Para Hispanoparlantes,DS,2009,Misc,Ubisoft,0.07,0,0,0.01,0.08,37,74,7,56,Ubisoft,E
Petz Fashion: Dogz & Catz,DS,2009,Simulation,Ubisoft,0.1,0,0,0.01,0.11,88,6,7,3,,
Petz Hamsterz Superstarz,DS,2009,Simulation,Ubisoft,0.09,0,0,0.01,0.1,96,47,8,20,Ubisoft Nagoya,E
Petz Nursery,DS,2009,Simulation,Ubisoft,0.5,0,0,0.04,0.54,81,48,6,80,Digital Kids,E
Petz Pony: Beauty Pageant,DS,2009,Simulation,Ubisoft,0.18,0,0,0.01,0.19,63,96,9,95,HotGen,E
Petz: Dogz Family,PSP,2009,Simulation,Ubisoft,0.05,0.02,0,0.01,0.08,46,39,5,69,Osaka Studio,E
Petz: Dogz Talent Show,DS,2009,Simulation,Ubisoft,0.14,0,0,0.01,0.15,4,57,10,27,Ubisoft Nagoya,E
Petz: Dolphinz Encounter,DS,2009,Simulation,Ubisoft,0.01,0.01,0,0,0.02,43,19,10,27,Ubisoft,E
Petz: Hamsterz Bunch,PSP,2009,Simulation,Ubisoft,0.06,0,0,0.01,0.07,77,40,1,5,Ubisoft,E
Petz: Horseshoe Ranch,DS,2009,Adventure,Ubisoft,0.16,0,0,0.01,0.17,84,4,6,22,,
Petz: Saddle Club,PSP,2009,Simulation,Ubisoft,0.08,0,0,0.01,0.09,0,56,1,80,Ubisoft,E
Press Your Luck 2010 Edition,Wii,2009,Misc,Ubisoft,0.33,0,0,0.03,0.35,10,44,3,19,Ludia Inc.,E
Press Your Luck 2010 Edition,DS,2009,Misc,Ubisoft,0.18,0,0,0.01,0.2,66,89,6,29,Ludia Inc.,E
Puzzler World,DS,2009,Puzzle,Ubisoft,0.41,0.3,0,0.07,0.77,59,84,2,51,Ubisoft,E
Rabbids Go Home,Wii,2009,Platform,Ubisoft,0.25,0.74,0,0.14,1.12,78,50,8.3,32,Ubisoft Montpellier,E10+
Rabbids Go Home,DS,2009,Platform,Ubisoft,0.35,0.3,0,0.07,0.72,70,7,7,66,Ubisoft Montpellier,E
Scrabble,DS,2009,Misc,Ubisoft,0.2,0.02,0,0.03,0.25,100,87,9,71,Stainless Games,E
Scrabble (Others sales),DS,2009,Puzzle,Ubisoft,0,0.23,0,0,0.23,71,61,10,7,,
Shaun White Snowboarding: World Stage,Wii,2009,Sports,Ubisoft,0.24,0.03,0,0.02,0.29,72,33,8.7,30,Ubisoft,E
Six Flags Fun Park,Wii,2009,Misc,Ubisoft,0.27,0.09,0,0.04,0.4,43,7,7.1,7,7 Studios,E10+
Sleepover Party,Wii,2009,Misc,Ubisoft,0.03,0,0,0,0.04,98,5,9,42,,
Style Lab: Jewelry Design,DS,2009,Simulation,Ubisoft,0.3,0,0,0.02,0.32,67,97,7,22,Ubisoft,E
Style Lab: Makeover,DS,2009,Simulation,Ubisoft,0.34,0.03,0,0.03,0.4,9,32,9,95,Ubisoft,E
Take A Break's: Puzzle Master,DS,2009,Puzzle,Ubisoft,0,0.15,0,0.01,0.16,10,29,7,8,,
Team Elimination Games,Wii,2009,Misc,Ubisoft,0.07,0,0,0.01,0.08,9,51,5,96,Ubisoft,E
Teenage Mutant Ninja Turtles: Arcade Attack,DS,2009,Action,Ubisoft,0.12,0,0,0.01,0.13,36,8,4.8,4,Ubisoft,E10+
Teenage Mutant Ninja Turtles: Smash-Up,Wii,2009,Fighting,Ubisoft,0.33,0,0,0.03,0.35,67,34,8.2,21,Game Arts,E10+
Teenage Mutant Ninja Turtles: Smash-Up,PS2,2009,Fighting,Ubisoft,0.11,0.08,0,0.03,0.21,98,10,8.4,12,Game Arts,E10+
Tenchu: Shadow Assassins,PSP,2009,Action,Ubisoft,0.03,0.02,0.05,0.01,0.11,68,18,7.4,18,From Software,M
The Price is Right 2010 Edition,Wii,2009,Misc,Ubisoft,0.22,0,0,0.02,0.24,97,71,6,99,Ludia Inc.,E
The Price is Right 2010 Edition,DS,2009,Misc,Ubisoft,0.12,0,0,0.01,0.13,38,78,1,18,Ludia Inc.,E
Tom Clancy's EndWar,PC,2009,Strategy,Ubisoft,0,0.02,0,0,0.02,68,24,6.7,42,Ubisoft Shanghai,T
Tom Clancy's HAWX,X360,2009,Action,Ubisoft,0.31,0.19,0.02,0.06,0.58,73,64,7.3,51,Ubisoft Romania,T
Tom Clancy's HAWX,PS3,2009,Action,Ubisoft,0.21,0.22,0.05,0.09,0.56,74,35,8.1,39,Ubisoft Romania,T
Tom Clancy's HAWX,PC,2009,Action,Ubisoft,0,0.03,0,0.01,0.04,70,23,7.3,125,Ubisoft Romania,T
Vacation Sports,Wii,2009,Sports,Ubisoft,0.09,0.01,0,0.01,0.11,68,49,8,50,Mere Mortals,E
Vin Diesel: Wheelman,X360,2009,Racing,Ubisoft,0.24,0.17,0,0.05,0.45,7,73,10,100,,
Vin Diesel: Wheelman,PS3,2009,Racing,Ubisoft,0.12,0.14,0,0.05,0.32,46,79,4,81,,
Where's Waldo? The Fantastic Journey,Wii,2009,Adventure,Ubisoft,0.17,0,0,0.01,0.19,49,25,8,97,Classic Media Distribution Limited,E
Where's Waldo? The Fantastic Journey,DS,2009,Adventure,Ubisoft,0.2,0,0,0.02,0.21,53,92,8.9,8,Classic Media Distribution Limited,E
World in Conflict: Complete Edition,PC,2009,Strategy,Ubisoft,0,0.03,0,0.01,0.04,73,54,7,65,Massive Entertainment,T
Your Shape featuring Jenny McCarthy,Wii,2009,Sports,Ubisoft,1.49,0.46,0,0.18,2.12,62,5,5.2,54,Ubisoft,E
Assassin's Creed II,PC,2010,Action,Ubisoft,0.01,0.45,0,0.09,0.55,86,22,6.9,1611,Ubisoft Montreal,M
Assassin's Creed: Brotherhood,X360,2010,Action,Ubisoft,2.85,0.38,0.03,0.24,3.49,89,81,8.3,693,Ubisoft Montreal,M
Assassin's Creed: Brotherhood,PS3,2010,Action,Ubisoft,1.87,0.55,0.11,0.29,2.82,90,59,8.2,791,Ubisoft Montreal,M
Battle of Giants: Dinosaurs Strike,Wii,2010,Strategy,Ubisoft,0.14,0.03,0,0.01,0.18,28,88,2,42,Ubisoft Quebec,E10+
Battle of Giants: Mutant Insects,DS,2010,Strategy,Ubisoft,0.09,0.14,0,0.03,0.26,2,46,2,84,Ubisoft,E10+
Best Friends Tonight,DS,2010,Misc,Ubisoft,0.03,0,0,0,0.03,69,43,2,57,Ubisoft,E10+
CSI: Fatal Conspiracy,X360,2010,Adventure,Ubisoft,0.11,0.04,0,0.01,0.17,42,9,4.8,4,Telltale Games,M
CSI: Fatal Conspiracy,Wii,2010,Adventure,Ubisoft,0.12,0.08,0,0.02,0.22,91,11,1,78,Telltale Games,M
CSI: Fatal Conspiracy,PS3,2010,Adventure,Ubisoft,0.11,0.05,0,0.02,0.18,39,5,5.6,13,Telltale Games,M
CSI: Fatal Conspiracy,PC,2010,Adventure,Ubisoft,0,0.03,0,0.01,0.04,47,5,5.5,6,Telltale Games,M
CSI: Unsolved!,DS,2010,Adventure,Ubisoft,0.13,0.05,0,0.02,0.2,42,77,6,93,,
Dance on Broadway,Wii,2010,Misc,Ubisoft,0.25,0.65,0,0.12,1.02,48,6,3.3,4,Longtail Studios,E10+
Family Feud Decades,Wii,2010,Misc,Ubisoft,0.15,0,0,0.01,0.16,11,42,9,11,Ludia,E10+
Fighters Uncaged,X360,2010,Fighting,Ubisoft,0.31,0.23,0,0.06,0.6,32,38,4.6,23,Ubisoft,T
Galaxy Racers,DS,2010,Racing,Ubisoft,0.04,0,0,0,0.05,5,6,1,98,KUNST-STOFF,E
Gold's Gym: Dance Workout,Wii,2010,Sports,Ubisoft,0.69,0.1,0,0.06,0.85,65,4,4,31,Land Ho!,E10+
Hollywood Squares,Wii,2010,Misc,Ubisoft,0.1,0,0,0.01,0.11,39,11,5,55,Ubisoft,E10+
Imagine Animal Doctor Care Center,DS,2010,Simulation,Ubisoft,0.05,0,0,0,0.05,45,4,7,11,Ubisoft,E
Imagine: Fashion Stylist,DS,2010,Simulation,Ubisoft,0.13,0,0,0.01,0.13,56,46,9,17,Magic Pockets,E
Imagine: Reporter,DS,2010,Simulation,Ubisoft,0.08,0.01,0,0.01,0.09,26,34,6,55,Magic Pockets,E
Imagine: Resort Owner,DS,2010,Strategy,Ubisoft,0.05,0,0,0,0.06,91,66,4,16,Magic Pockets,E
Imagine: Sweet 16,DS,2010,Simulation,Ubisoft,0.02,0,0,0,0.03,84,29,6,43,Longtail Studios,E
Just Dance 2,Wii,2010,Misc,Ubisoft,5.8,2.85,0.01,0.78,9.44,74,24,7.3,24,Ubisoft,E10+
Just Dance Kids,Wii,2010,Misc,Ubisoft,1.52,0.54,0,0.18,2.24,91,65,3,96,Ubisoft,E
Michael Jackson: The Experience,Wii,2010,Misc,Ubisoft,2.64,1.33,0.01,0.39,4.36,56,37,8.3,31,"Ubisoft Paris, Ubisoft Montpellier",E10+
Michael Jackson: The Experience,PSP,2010,Misc,Ubisoft,0.11,0.03,0,0.02,0.15,25,68,6.2,6,Ubisoft,E10+
Michael Jackson: The Experience,DS,2010,Misc,Ubisoft,0.21,0.02,0,0.02,0.25,64,5,6.6,5,Ubisoft,E10+
MotionSports,X360,2010,Sports,Ubisoft,0.38,0.25,0,0.06,0.69,40,30,4.4,9,Ubisoft Milan,T
OK! Puzzle Stars,DS,2010,Puzzle,Ubisoft,0,0.06,0,0.01,0.06,89,90,9,98,,
Peppa Pig: Fun and Games,Wii,2010,Misc,Ubisoft,0,0.11,0,0.02,0.13,45,54,3,63,,
Peppa Pig: Fun and Games,DS,2010,Misc,Ubisoft,0,0.57,0,0.09,0.65,12,59,10,57,,
Petz Fantasy: Moonlight Magic,DS,2010,Simulation,Ubisoft,0.11,0,0,0.01,0.12,99,56,2,50,Ubisoft,E
Petz Fantasy: Sunshine Magic,DS,2010,Simulation,Ubisoft,0.07,0,0,0.01,0.08,86,38,2,19,Digital Kids,E
Petz: Catz Playground,DS,2010,Simulation,Ubisoft,0.02,0,0,0,0.03,86,9,6,99,Ubisoft,E
Prince of Persia Trilogy,PS3,2010,Action,Ubisoft,0.17,0.24,0,0.09,0.5,93,45,6,24,,
Prince of Persia: The Forgotten Sands,X360,2010,Action,Ubisoft,0.3,0.26,0,0.06,0.62,74,69,7.8,112,Ubisoft Montreal,T
Prince of Persia: The Forgotten Sands,Wii,2010,Action,Ubisoft,0.1,0.11,0,0.02,0.23,77,24,8.1,31,Ubisoft Quebec,T
Prince of Persia: The Forgotten Sands,PSP,2010,Action,Ubisoft,0.09,0.18,0.01,0.1,0.37,65,10,7.4,14,Ubisoft Quebec,T
Prince of Persia: The Forgotten Sands,PS3,2010,Action,Ubisoft,0.19,0.36,0.01,0.12,0.69,75,49,7.6,120,Ubisoft Montreal,T
Prince of Persia: The Forgotten Sands,PC,2010,Action,Ubisoft,0,0.03,0,0,0.03,75,16,6.6,218,Ubisoft Montreal,T
Prince of Persia: The Forgotten Sands,DS,2010,Action,Ubisoft,0.14,0.01,0,0.01,0.15,57,7,6.3,6,Ubisoft Casablanca,E10+
Pure Futbol,X360,2010,Sports,Ubisoft,0.08,0.08,0,0.02,0.18,38,20,7.9,29,Ubisoft Vancouver,E
Pure Futbol,PS3,2010,Sports,Ubisoft,0.06,0.13,0,0.04,0.24,46,12,7.5,30,Ubisoft Vancouver,E
Puzzler World 2,DS,2010,Puzzle,Ubisoft,0.02,0.07,0,0.02,0.11,46,8,2,5,Ubisoft,E
R.U.S.E.,X360,2010,Strategy,Ubisoft,0.12,0.11,0,0.02,0.27,78,45,7,38,Eugen Systems,T
R.U.S.E.,PS3,2010,Strategy,Ubisoft,0.18,0.22,0.02,0.08,0.5,76,37,7.3,50,Eugen Systems,T
R.U.S.E.,PC,2010,Strategy,Ubisoft,0.04,0.19,0,0.04,0.27,76,33,8.1,176,Eugen Systems,T
Rabbids Party Collection,Wii,2010,Misc,Ubisoft,0,0.16,0,0.02,0.18,77,67,0,97,,
Racquet Sports,Wii,2010,Sports,Ubisoft,0.13,0.09,0,0.02,0.24,51,8,8.6,15,Asobo Studio,E
Racquet Sports,PS3,2010,Sports,Ubisoft,0.11,0.17,0,0.06,0.34,45,17,4.3,8,Asobo Studio,E
Raving Rabbids: Travel in Time,Wii,2010,Adventure,Ubisoft,0.21,0.46,0,0.08,0.75,62,24,7.6,14,Ubisoft,E10+
Red Steel 2,Wii,2010,Shooter,Ubisoft,0.35,0.2,0.01,0.06,0.62,80,73,8.6,178,Ubisoft Paris,T
Shaun White Skateboarding,X360,2010,Sports,Ubisoft,0.1,0.05,0,0.01,0.16,61,34,5.3,7,Ubisoft Montreal,T
Shaun White Skateboarding,Wii,2010,Sports,Ubisoft,0.13,0.03,0,0.01,0.18,59,6,7,58,Ubisoft Montreal,E10+
Shaun White Skateboarding,PS3,2010,Sports,Ubisoft,0.11,0.05,0,0.03,0.19,61,26,6.5,8,Ubisoft Montreal,T
Shaun White Skateboarding,PC,2010,Sports,Ubisoft,0,0.03,0,0.01,0.03,52,88,7.3,6,Ubisoft Montreal,T
Silent Hunter 5: Battle of the Atlantic,PC,2010,Simulation,Ubisoft,0,0.21,0,0.05,0.25,62,26,3.5,104,Ubisoft Romania,T
Sports Collection,DS,2010,Sports,Ubisoft,0.06,0.01,0,0.01,0.08,43,32,2,90,Ubisoft,E
The Amazing Race,Wii,2010,Misc,Ubisoft,0.12,0,0,0.01,0.13,30,83,1,70,Ludia Inc.,E
The Settlers 7: Paths to a Kingdom,PC,2010,Strategy,Ubisoft,0,0.27,0,0.05,0.31,79,33,5.2,213,Blue Byte,E10+
Tom Clancy's Ghost Recon,Wii,2010,Shooter,Ubisoft,0.1,0.01,0,0.01,0.12,46,21,6.8,8,Next Level Games,T
Tom Clancy's Ghost Recon: Predator,PSP,2010,Shooter,Ubisoft,0.07,0.02,0,0.02,0.1,54,15,8,45,Virtuos,T
Tom Clancy's HAWX 2,X360,2010,Action,Ubisoft,0.24,0.09,0.01,0.03,0.36,68,57,6.3,29,Ubisoft,T
Tom Clancy's HAWX 2,Wii,2010,Action,Ubisoft,0.06,0.03,0,0.01,0.1,47,11,3,24,Ubisoft,T
Tom Clancy's HAWX 2,PS3,2010,Action,Ubisoft,0.21,0.12,0.03,0.05,0.41,70,30,6.8,19,Ubisoft,T
Tom Clancy's HAWX 2,PC,2010,Action,Ubisoft,0,0.04,0,0.01,0.05,66,12,3.8,47,Ubisoft,T
Tom Clancy's Splinter Cell: Conviction,X360,2010,Action,Ubisoft,1.2,0.62,0.04,0.19,2.06,22,3,10,44,,
Tom Clancy's Splinter Cell: Conviction,PC,2010,Action,Ubisoft,0,0.08,0,0.02,0.11,83,20,5.2,672,Ubisoft Montreal,M
TrackMania Turbo: Build to Race,DS,2010,Racing,Ubisoft,0.02,0.02,0,0,0.05,48,89,10,26,,
Who Wants to Be a Millionaire: 3rd Edition,Wii,2010,Misc,Ubisoft,0.1,0,0,0.01,0.1,7,27,1,34,Ludia Inc.,E
Who Wants to Be a Millionaire: 3rd Edition,DS,2010,Misc,Ubisoft,0.04,0,0,0,0.04,49,66,6,19,Ludia Inc.,E
Your Shape: Fitness Evolved,X360,2010,Sports,Ubisoft,0.79,0.41,0,0.11,1.32,73,32,7.5,25,Ubisoft Montreal,E
ABBA: You Can Dance,Wii,2011,Misc,Ubisoft,0.18,0.49,0,0.1,0.77,66,5,3,92,Ubisoft,E10+
Anno 2070,PC,2011,Strategy,Ubisoft,0,1.13,0,0.29,1.43,83,33,7,493,"Blue Byte, Related Designs",T
Asphalt 3D,3DS,2011,Racing,Ubisoft,0.27,0.16,0.02,0.04,0.49,43,37,4.4,24,Gameloft,E10+
Asphalt: Injection,PSV,2011,Action,Ubisoft,0.13,0.06,0,0.03,0.22,49,33,4.8,28,Ubisoft,E10+
Assassin's Creed: Brotherhood,PC,2011,Action,Ubisoft,0.15,0.34,0,0.1,0.59,88,24,8.2,1102,Ubisoft Montreal,M
Assassin's Creed: Revelations,X360,2011,Action,Ubisoft,2.25,1.47,0.04,0.43,4.19,80,77,7.2,564,Ubisoft Montreal,M
Assassin's Creed: Revelations,PS3,2011,Action,Ubisoft,1.41,2.01,0.1,0.7,4.22,80,39,7.5,613,Ubisoft Montreal,M
Assassin's Creed: Revelations,PC,2011,Action,Ubisoft,0.14,0.48,0,0.12,0.74,80,20,7.4,771,Ubisoft Montreal,M
Call of Juarez: The Cartel,X360,2011,Shooter,Ubisoft,0.14,0.1,0,0.03,0.27,47,62,5.7,109,Techland,M
Call of Juarez: The Cartel,PS3,2011,Shooter,Ubisoft,0.12,0.12,0,0.05,0.29,45,42,5.5,74,Techland,M
Call of Juarez: The Cartel,PC,2011,Shooter,Ubisoft,0.05,0.05,0,0.01,0.11,51,12,3.3,126,Ubisoft,M
Child of Eden,X360,2011,Shooter,Ubisoft,0.28,0.12,0,0.04,0.44,84,81,7.7,95,Q Entertainment,E10+
Child of Eden,PS3,2011,Shooter,Ubisoft,0.09,0.1,0,0.04,0.22,81,21,7.8,25,Q Entertainment,E10+
Combat of Giants: Dinosaurs 3D,3DS,2011,Strategy,Ubisoft,0.25,0.06,0.05,0.03,0.39,44,18,5.3,9,Ubisoft,E10+
Cubic Ninja,3DS,2011,Platform,Ubisoft,0.05,0.04,0,0.01,0.1,51,15,5.9,14,AQ Interactive,E
Dance on Broadway,PS3,2011,Misc,Ubisoft,0.05,0.03,0,0.01,0.09,95,96,5,55,Longtail Studios,E10+
Driver: Renegade,3DS,2011,Racing,Ubisoft,0.05,0.04,0,0.01,0.09,48,13,5,20,Ubisoft,M
Driver: San Francisco,X360,2011,Racing,Ubisoft,0.25,0.37,0,0.07,0.7,80,63,7.6,130,Ubisoft Reflections,T
Driver: San Francisco,Wii,2011,Racing,Ubisoft,0.06,0.09,0,0.02,0.16,64,7,6.2,10,Ubisoft Reflections,T
Driver: San Francisco,PS3,2011,Racing,Ubisoft,0.24,0.52,0.01,0.18,0.95,79,53,7.7,114,Ubisoft Reflections,T
Driver: San Francisco,PC,2011,Racing,Ubisoft,0.05,0.1,0,0.03,0.18,80,11,7,332,Ubisoft Reflections,T
Family Feud: 2012 Edition,X360,2011,Misc,Ubisoft,0.1,0,0,0.01,0.1,47,4,5.3,6,Ubisoft,E10+
Family Feud: 2012 Edition,Wii,2011,Misc,Ubisoft,0.17,0,0,0.01,0.19,0,44,8,7,"Ubisoft, Ludia Inc.",E10+
Fit in Six,Wii,2011,Sports,Ubisoft,0.1,0,0,0.01,0.11,42,48,10,57,Blue Byte,E
Fit in Six,PS3,2011,Sports,Ubisoft,0.12,0,0,0.01,0.13,25,56,7,10,Blue Byte,E
Hole in the Wall: Deluxe Edition,X360,2011,Misc,Ubisoft,0.1,0,0,0.01,0.11,61,40,6,64,Ubisoft,E
IL-2 Sturmovik: Cliffs of Dover,PC,2011,Simulation,Ubisoft,0,0.04,0,0.01,0.05,60,13,7.1,114,1C: Maddox Games,T
Imagine: Fashion Designer,3DS,2011,Simulation,Ubisoft,0.1,0.02,0,0.01,0.13,93,43,6,58,Ubisoft Sofia,E
James Noir's Hollywood Crimes,3DS,2011,Adventure,Ubisoft,0.07,0.07,0,0.01,0.15,60,22,6.6,5,Ubisoft,T
Just Dance 2: Extra Songs,Wii,2011,Misc,Ubisoft,0,0.17,0,0.03,0.2,23,52,4,14,,
Just Dance 3,X360,2011,Misc,Ubisoft,1.47,0.39,0,0.16,2.02,70,34,7.7,17,Ubisoft,E10+
Just Dance 3,Wii,2011,Misc,Ubisoft,5.95,3.11,0,1.06,10.12,74,15,7.8,16,Ubisoft,E10+
Just Dance 3,PS3,2011,Misc,Ubisoft,0.33,0.2,0,0.09,0.62,75,5,6,7,Ubisoft,E10+
Just Dance Kids 2,X360,2011,Misc,Ubisoft,0.29,0.08,0,0.03,0.4,97,54,8,30,Ubisoft,E
Just Dance Kids 2,Wii,2011,Misc,Ubisoft,0.25,0,0,0.02,0.27,56,54,4,7,Ubisoft,E
Just Dance Kids 2,PS3,2011,Misc,Ubisoft,0.1,0.1,0,0.04,0.24,93,71,3,25,Ubisoft,E
Just Dance: Summer Party,Wii,2011,Misc,Ubisoft,0.4,0,0,0.02,0.42,91,86,10,19,Ubisoft,E10+
Michael Jackson: The Experience,X360,2011,Misc,Ubisoft,0.62,0.18,0,0.07,0.87,63,31,6.8,29,Ubisoft Montreal,E10+
Michael Jackson: The Experience,PSV,2011,Misc,Ubisoft,0.04,0.03,0,0.02,0.09,57,27,5.8,19,Ubisoft,E10+
Michael Jackson: The Experience,PS3,2011,Misc,Ubisoft,0.25,0.19,0,0.08,0.52,66,11,8.4,16,Ubisoft Montreal,E10+
Michael Jackson: The Experience 3D,3DS,2011,Misc,Ubisoft,0.13,0.03,0,0.01,0.17,46,53,1,73,,
Might & Magic Heroes VI,PC,2011,Role-Playing,Ubisoft,0.13,0.14,0,0.05,0.32,45,63,7,82,,
MotionSports: Adrenaline,X360,2011,Sports,Ubisoft,0.14,0.1,0,0.03,0.27,41,8,7.4,7,Ubisoft Vancouver,E
MotionSports: Adrenaline,PS3,2011,Sports,Ubisoft,0.08,0.05,0,0.02,0.15,37,73,8,4,Ubisoft Vancouver,E
My Fitness Coach: Club,Wii,2011,Sports,Ubisoft,0,0.05,0,0.01,0.05,14,0,6,79,,
My Fitness Coach: Club,PS3,2011,Sports,Ubisoft,0,0.1,0,0.02,0.12,6,86,0,32,,
NCIS,X360,2011,Adventure,Ubisoft,0.1,0.02,0,0.01,0.14,35,11,4.7,7,Ubisoft,T
NCIS,Wii,2011,Adventure,Ubisoft,0.08,0.04,0,0.01,0.13,78,95,1,22,Ubisoft,T
NCIS,PS3,2011,Adventure,Ubisoft,0.07,0.04,0,0.02,0.12,50,4,4,4,Ubisoft,T
NCIS,PC,2011,Adventure,Ubisoft,0.01,0.02,0,0.01,0.04,84,32,4,35,Ubisoft,T
NCIS 3D,3DS,2011,Adventure,Ubisoft,0.06,0.04,0,0.01,0.11,75,53,7,70,Ubisoft,T
Petz Bunnyz Bunch,DS,2011,Simulation,Ubisoft,0.05,0,0,0,0.05,75,37,4,5,Ubisoft,E
Petz Fantasy 3D,3DS,2011,Simulation,Ubisoft,0.07,0,0,0,0.07,3,97,3,68,Digital Kids,E
Petz Puppyz & Kittenz,DS,2011,Misc,Ubisoft,0.11,0,0,0.01,0.12,84,32,1,11,,
PowerUp Heroes,X360,2011,Fighting,Ubisoft,0.18,0.09,0,0.03,0.3,61,13,7.5,10,Ubisoft,E10+
Puppies 3D,3DS,2011,Misc,Ubisoft,0.08,0.04,0,0.01,0.13,72,91,9,15,MTO,E
Puzzler Mind Gym 3D,3DS,2011,Puzzle,Ubisoft,0.07,0,0,0.01,0.08,51,5,1,73,Ubisoft,E
Rabbids: Alive & Kicking,X360,2011,Misc,Ubisoft,0.15,0.11,0,0.03,0.29,25,76,1,87,,
Raving Rabbids: Travel in Time 3D,3DS,2011,Platform,Ubisoft,0.11,0.23,0,0.04,0.38,15,13,10,9,,
Rayman 3D,3DS,2011,Platform,Ubisoft,0.23,0.35,0,0.06,0.64,61,39,6.6,48,Ubisoft Casablanca,E
Rayman Origins,X360,2011,Platform,Ubisoft,0.38,0.32,0,0.08,0.78,87,55,8.2,209,UBlart Montpellier,E10+
Rayman Origins,Wii,2011,Platform,Ubisoft,0.21,0.27,0,0.06,0.55,92,13,8.3,127,UBlart Montpellier,E10+
Rayman Origins,PS3,2011,Platform,Ubisoft,0.33,0.49,0.01,0.17,1,87,43,8.4,238,UBlart Montpellier,E10+
Rocksmith,X360,2011,Misc,Ubisoft,0.84,0.19,0.01,0.08,1.12,77,30,8.2,62,Ubisoft,T
Rocksmith,PS3,2011,Misc,Ubisoft,0.53,0.36,0.09,0.15,1.12,80,27,8.3,52,Ubisoft,T
Self-Defense Training Camp,X360,2011,Sports,Ubisoft,0.08,0.03,0,0.01,0.12,21,5,5,25,Ubisoft,T
The $1 Pyramid,Wii,2011,Misc,Ubisoft,0.07,0,0,0.01,0.08,30,96,5,78,,
The Adventures of Tintin: The Game,X360,2011,Action,Ubisoft,0.07,0.13,0,0.03,0.24,63,35,6.1,12,Ubisoft Montpellier,E10+
The Adventures of Tintin: The Game,Wii,2011,Action,Ubisoft,0.12,0.16,0,0.04,0.32,43,17,5.7,6,Ubisoft Montpellier,E10+
The Adventures of Tintin: The Game,PS3,2011,Action,Ubisoft,0.06,0.15,0,0.05,0.26,59,27,5.7,13,Ubisoft Montpellier,E10+
The Adventures of Tintin: The Game,3DS,2011,Action,Ubisoft,0.05,0.09,0,0.02,0.15,56,8,5.7,12,Ubisoft Montpellier,E10+
The Black Eyed Peas Experience,X360,2011,Misc,Ubisoft,0.2,0.1,0,0.03,0.32,66,17,5.8,8,iNiS,T
The Black Eyed Peas Experience,Wii,2011,Misc,Ubisoft,0.37,0.19,0,0.06,0.61,77,94,9,32,Ubisoft Quebec,T
The Price is Right: Decades,X360,2011,Misc,Ubisoft,0.11,0,0,0.01,0.11,81,29,6,34,Ludia Inc.,E10+
The Price is Right: Decades,Wii,2011,Misc,Ubisoft,0.11,0,0,0.01,0.12,84,6,8,69,Ludia Inc.,E10+
The Smurfs,DS,2011,Action,Ubisoft,0.23,0.14,0,0.04,0.41,9,74,1,79,Land Ho!,E
The Smurfs: Dance Party,Wii,2011,Misc,Ubisoft,0.21,0.04,0,0.02,0.28,94,96,10,99,Land Ho!,E
Tom Clancy's Ghost Recon: Shadow Wars,3DS,2011,Strategy,Ubisoft,0.22,0.09,0,0.03,0.34,77,49,7.9,78,Ubisoft,T
Tom Clancy's Splinter Cell 3D,3DS,2011,Action,Ubisoft,0.14,0.07,0.07,0.02,0.3,53,32,5.5,26,Ubisoft,T
Tom Clancy's Splinter Cell Classic Trilogy HD,PS3,2011,Action,Ubisoft,0.02,0,0,0,0.02,67,21,6.8,29,Ubisoft,M
Tom Clancy's Splinter Cell Trilogy,PS3,2011,Action,Ubisoft,0,0.09,0,0.02,0.11,66,39,2,67,,
Who Wants to Be A Millionaire?,X360,2011,Misc,Ubisoft,0.09,0,0,0.01,0.1,62,98,1,10,,
WRC 2: FIA World Rally Championship,X360,2011,Racing,Ubisoft,0,0.06,0,0.01,0.07,99,53,0,1,,
WRC 2: FIA World Rally Championship,PS3,2011,Racing,Ubisoft,0,0.12,0,0.04,0.16,73,53,6,77,,
WRC 2: FIA World Rally Championship,PC,2011,Racing,Ubisoft,0,0.02,0,0,0.02,19,2,9,19,,
Your Shape: Fitness Evolved 2012,X360,2011,Sports,Ubisoft,0.7,0.36,0,0.1,1.16,77,13,7.6,21,Ubisoft,E
Zoo Resort 3D,3DS,2011,Simulation,Ubisoft,0.11,0.09,0.03,0.02,0.25,3,49,5,61,AQ Interactive,E
Assassin's Creed III,X360,2012,Action,Ubisoft,3.13,1.69,0.03,0.44,5.29,84,61,6.7,1196,Ubisoft,M
Assassin's Creed III,WiiU,2012,Action,Ubisoft,0.19,0.13,0,0.03,0.35,85,26,7.1,216,Ubisoft Quebec,M
Assassin's Creed III,PS3,2012,Action,Ubisoft,2.64,2.52,0.16,1.12,6.45,85,41,6.9,1307,Ubisoft,M
Assassin's Creed III,PC,2012,Action,Ubisoft,0.28,0.53,0,0.12,0.93,80,21,6.2,1489,Ubisoft,M
Assassin's Creed III: Liberation,PSV,2012,Action,Ubisoft,0.53,0.48,0.06,0.24,1.32,70,71,7.2,318,Ubisoft,M
Brothers in Arms: Furious 4,PS3,2012,Shooter,Ubisoft,0.01,0.05,0,0.01,0.07,85,96,9,93,Gearbox Software,M
Dungeon Hunter Alliance,PSV,2012,Action,Ubisoft,0.07,0.09,0,0.03,0.2,49,34,6.4,61,Ubisoft,T
ESPN: Sports Connection,WiiU,2012,Sports,Ubisoft,0.2,0.12,0,0.03,0.36,31,13,2.7,18,Ubisoft,E
Far Cry 3,X360,2012,Shooter,Ubisoft,1.38,1.32,0.02,0.28,3,91,39,8.6,1247,Ubisoft Montreal,M
Far Cry 3,PS3,2012,Shooter,Ubisoft,0.88,1.7,0.1,0.67,3.35,90,32,8.5,1041,Ubisoft Montreal,M
Far Cry 3,PC,2012,Shooter,Ubisoft,0.22,0.62,0,0.12,0.96,88,43,8.2,3183,Ubisoft Montreal,M
Funky Barn,3DS,2012,Simulation,Ubisoft,0.07,0.03,0,0.01,0.11,16,55,7,1,,
Horses 3D,3DS,2012,Misc,Ubisoft,0.04,0,0,0,0.04,51,39,6.3,4,Neko Entertainment,E
Just Dance 4,X360,2012,Misc,Ubisoft,0.9,0.19,0,0.09,1.18,77,23,7.7,36,Ubisoft,E10+
Just Dance 4,WiiU,2012,Misc,Ubisoft,0.21,0.13,0,0.03,0.37,66,14,7.8,37,Ubisoft Paris,E10+
Just Dance 4,Wii,2012,Misc,Ubisoft,4.05,2.16,0,0.55,6.76,74,10,7.3,28,Ubisoft,E10+
Just Dance 4,PS3,2012,Misc,Ubisoft,0.26,0.11,0,0.06,0.43,77,5,7.1,29,Ubisoft,E10+
Just Dance: Disney Party,X360,2012,Misc,Ubisoft,0.13,0.02,0,0.02,0.16,75,77,9,38,"Disney Interactive Studios, Land Ho!",E
Just Dance: Disney Party,Wii,2012,Misc,Ubisoft,0.01,0.1,0,0.01,0.12,12,6,9,28,"Disney Interactive Studios, Land Ho!",E
Just Dance: Greatest Hits,Wii,2012,Misc,Ubisoft,0.14,0.04,0,0.01,0.19,61,62,1,89,Ubisoft,E10+
Lumines: Electronic Symphony,PSV,2012,Misc,Ubisoft,0.09,0.09,0.01,0.04,0.23,83,65,7.8,85,Q Entertainment,E
Marvel Avengers: Battle for Earth,X360,2012,Action,Ubisoft,0.02,0,0,0,0.02,62,11,7.3,12,Ubisoft Quebec,T
Marvel Avengers: Battle for Earth,WiiU,2012,Action,Ubisoft,0.06,0.04,0,0.01,0.12,50,10,5,25,Ubisoft Quebec,T
Rabbids Land,WiiU,2012,Misc,Ubisoft,0.01,0.01,0,0,0.03,52,26,5.2,29,Ubisoft Paris,E10+
Rayman Origins,PSV,2012,Platform,Ubisoft,0.12,0.33,0,0.09,0.54,88,54,8.4,298,UBlart Montpellier,E10+
Rayman Origins,PC,2012,Platform,Ubisoft,0,0.06,0,0.01,0.08,86,11,8.4,337,UBlart Montpellier,E10+
Rayman Origins,3DS,2012,Platform,Ubisoft,0.06,0.08,0,0.01,0.15,71,8,6.3,65,UBlart Montpellier,E10+
Tom Clancy's Ghost Recon: Future Soldier,X360,2012,Shooter,Ubisoft,0.93,0.4,0.02,0.12,1.47,79,75,7.2,334,Ubisoft Paris,M
Tom Clancy's Ghost Recon: Future Soldier,PS3,2012,Shooter,Ubisoft,0.41,0.32,0.09,0.12,0.95,79,18,6.9,156,Ubisoft Paris,M
Tom Clancy's Ghost Recon: Future Soldier,PC,2012,Shooter,Ubisoft,0.05,0.1,0,0.02,0.17,71,13,4.9,368,Ubisoft Paris,M
Your Shape: Fitness Evolved 2013,WiiU,2012,Action,Ubisoft,0.06,0.07,0,0.01,0.13,76,8,6.3,16,Blue Byte,E10+
ZombiU,WiiU,2012,Action,Ubisoft,0.52,0.36,0.05,0.08,1.01,77,70,7.7,758,Ubisoft Montpellier,M
2 in 1 Combo Pack: Sonic Heroes / Super Monkey Ball Deluxe,X360,2013,Misc,Ubisoft,0.09,0.01,0,0.01,0.12,68,5,4,53,,
Assassin's Creed IV: Black Flag,XOne,2013,Action,Ubisoft,1.48,0.55,0,0.21,2.23,45,52,7.4,355,Ubisoft,M
Assassin's Creed IV: Black Flag,X360,2013,Action,Ubisoft,1.9,1.11,0.01,0.29,3.3,86,35,7.9,701,Ubisoft,M
Assassin's Creed IV: Black Flag,WiiU,2013,Action,Ubisoft,0.17,0.09,0,0.03,0.29,86,5,7.7,207,Ubisoft,M
Assassin's Creed IV: Black Flag,PS4,2013,Action,Ubisoft,1.07,1.31,0.06,0.42,2.85,83,29,7.8,1530,Ubisoft,M
Assassin's Creed IV: Black Flag,PS3,2013,Action,Ubisoft,1.33,1.68,0.13,0.57,3.71,88,36,8.1,840,Ubisoft,M
Assassin's Creed IV: Black Flag,PC,2013,Action,Ubisoft,0.22,0.38,0,0.05,0.64,84,10,7.7,1470,Ubisoft,M
Fighter Within,XOne,2013,Fighting,Ubisoft,0.11,0.07,0,0.02,0.19,23,39,3,211,Ubisoft,T
Just Dance 2014,XOne,2013,Misc,Ubisoft,0.3,0.11,0,0.04,0.45,71,6,7,58,Ubisoft,E10+
Just Dance 2014,X360,2013,Misc,Ubisoft,0.72,0.17,0,0.1,0.99,79,16,7.8,33,Ubisoft,E10+
Just Dance 2014,WiiU,2013,Misc,Ubisoft,0.31,0.23,0,0.05,0.6,72,13,7.6,45,Ubisoft,E10+
Just Dance 2014,Wii,2013,Misc,Ubisoft,1.88,1.39,0,0.31,3.59,42,58,6.2,10,Ubisoft,E10+
Just Dance 2014,PS4,2013,Misc,Ubisoft,0.19,0.16,0,0.07,0.41,75,4,5.5,51,Ubisoft,E10+
Just Dance 2014,PS3,2013,Misc,Ubisoft,0.17,0.14,0,0.06,0.38,77,6,7.1,25,Ubisoft,E10+
Rayman Legends,X360,2013,Platform,Ubisoft,0.19,0.2,0,0.04,0.43,90,35,8.2,217,Ubisoft Montpellier,E10+
Rayman Legends,WiiU,2013,Platform,Ubisoft,0.25,0.33,0.03,0.05,0.66,92,35,8.7,465,Ubisoft Montpellier,E10+
Rayman Legends,PS3,2013,Platform,Ubisoft,0.14,0.34,0,0.1,0.58,91,23,8.7,310,Ubisoft Montpellier,E10+
Rocksmith 2014,X360,2013,Misc,Ubisoft,0.69,0.16,0,0.09,0.94,37,26,1,95,,
Rocksmith 2014,PS3,2013,Misc,Ubisoft,0.53,0.24,0.05,0.16,0.98,2,5,9,92,,
Rocksmith 2014,PC,2013,Misc,Ubisoft,0.36,0.24,0,0.06,0.65,52,44,7,36,,
The Smurfs 2,X360,2013,Platform,Ubisoft,0.03,0.08,0,0.01,0.12,59,69,5.4,14,WayForward,E
The Smurfs 2,WiiU,2013,Platform,Ubisoft,0.04,0.03,0,0.01,0.09,42,5,5.6,21,WayForward,E
The Smurfs 2,Wii,2013,Platform,Ubisoft,0,0.09,0,0.01,0.09,25,54,8,70,WayForward,E
The Smurfs 2,PS3,2013,Platform,Ubisoft,0.02,0.06,0,0.02,0.09,18,30,5,7,WayForward,E
The Smurfs 2,DS,2013,Platform,Ubisoft,0,0.17,0,0.01,0.18,53,14,3,62,WayForward,E
Tom Clancy's Splinter Cell: Blacklist,X360,2013,Action,Ubisoft,0.57,0.32,0.01,0.08,0.98,82,58,7.5,383,Ubisoft Toronto,M
Tom Clancy's Splinter Cell: Blacklist,WiiU,2013,Action,Ubisoft,0.04,0.07,0,0.01,0.12,75,5,7.8,148,Ubisoft Toronto,M
Tom Clancy's Splinter Cell: Blacklist,PS3,2013,Action,Ubisoft,0.34,0.39,0.06,0.15,0.94,84,27,7.7,314,Ubisoft Toronto,M
Tom Clancy's Splinter Cell: Blacklist,PC,2013,Action,Ubisoft,0.04,0.13,0,0.01,0.19,82,13,7.4,754,Ubisoft Toronto,M
Assassin's Creed: Rogue,X360,2014,Action,Ubisoft,0.58,0.34,0,0.09,1.01,72,32,7.3,318,Ubisoft,M
Assassin's Creed: Rogue,PS3,2014,Action,Ubisoft,0.46,0.56,0.06,0.2,1.29,72,53,7.5,292,Ubisoft Sofia,M
Assassin's Creed: Unity,XOne,2014,Action,Ubisoft,2.27,0.9,0,0.33,3.5,72,59,4.1,1005,"Ubisoft, Ubisoft Montreal",M
Assassin's Creed: Unity,PS4,2014,Action,Ubisoft,1.19,2.07,0.08,0.62,3.96,70,40,4.9,2050,"Ubisoft, Ubisoft Montreal",M
Assassin's Creed: Unity,PC,2014,Action,Ubisoft,0.18,0.33,0,0.04,0.55,70,10,3,1463,"Ubisoft, Ubisoft Montreal",M
Child of Light,PSV,2014,Role-Playing,Ubisoft,0,0.04,0.02,0.01,0.07,83,14,7.8,108,Ubisoft Montreal,E10+
Child of Light,PS4,2014,Role-Playing,Ubisoft,0,0.01,0.04,0,0.05,82,46,8,451,Ubisoft Montreal,E10+
Far Cry 4,XOne,2014,Shooter,Ubisoft,0.8,0.69,0.01,0.14,1.63,82,15,7.5,383,Ubisoft Montreal,M
Far Cry 4,X360,2014,Shooter,Ubisoft,0.45,0.37,0,0.08,0.9,65,88,7,109,Ubisoft Montreal,M
Far Cry 4,PS4,2014,Shooter,Ubisoft,1.13,2.18,0.1,0.63,4.04,85,83,7.7,1653,Ubisoft Montreal,M
Far Cry 4,PS3,2014,Shooter,Ubisoft,0.34,0.68,0.08,0.19,1.29,78,52,7.3,113,Ubisoft Montreal,M
Far Cry 4,PC,2014,Shooter,Ubisoft,0.15,0.44,0,0.04,0.63,80,17,6.7,1064,Ubisoft Montreal,M
Just Dance 2015,XOne,2014,Misc,Ubisoft,0.35,0.13,0,0.05,0.53,70,17,7.5,20,Ubisoft,E10+
Just Dance 2015,X360,2014,Misc,Ubisoft,0.42,0.13,0,0.06,0.6,74,4,8.3,6,Ubisoft,E10+
Just Dance 2015,WiiU,2014,Misc,Ubisoft,0.38,0.29,0,0.06,0.73,75,6,6.6,26,Ubisoft,E10+
Just Dance 2015,Wii,2014,Misc,Ubisoft,0.99,0.85,0,0.17,2.01,27,75,8.4,5,Ubisoft,E10+
Just Dance 2015,PS4,2014,Misc,Ubisoft,0.19,0.13,0,0.07,0.39,72,8,5.8,32,Ubisoft,E10+
Just Dance 2015,PS3,2014,Misc,Ubisoft,0.13,0.08,0,0.04,0.25,34,52,6.8,4,Ubisoft,E10+
Might & Magic X: Legacy,PC,2014,Role-Playing,Ubisoft,0,0.03,0,0,0.03,67,12,7,99,,
Rabbids Invasion: The Interactive TV Show,XOne,2014,Misc,Ubisoft,0,0.01,0,0,0.01,12,31,9,70,,
Rabbids Invasion: The Interactive TV Show,PS4,2014,Misc,Ubisoft,0,0.01,0,0,0.02,46,8,6,83,,
Rayman Legends,XOne,2014,Platform,Ubisoft,0.13,0.18,0,0.03,0.34,91,6,7.9,218,Ubisoft Montpellier,E10+
Rayman Legends,PSV,2014,Platform,Ubisoft,0.01,0.1,0,0.03,0.14,87,8,8.4,159,Ubisoft Montpellier,E10+
Rayman Legends,PS4,2014,Platform,Ubisoft,0.22,0.64,0,0.16,1.01,90,16,8.5,525,Ubisoft Montpellier,E10+
Rocksmith 2014,XOne,2014,Misc,Ubisoft,0.29,0.08,0,0.04,0.41,15,25,1,67,,
Rocksmith 2014,PS4,2014,Misc,Ubisoft,0.35,0.17,0,0.11,0.63,57,47,9,72,,
Shape Up,XOne,2014,Misc,Ubisoft,0.08,0.09,0,0.01,0.18,58,6,8.3,28,Ubisoft Montreal,E
South Park: The Stick of Truth,X360,2014,Role-Playing,Ubisoft,0.58,0.26,0,0.09,0.92,82,33,8.4,363,Obsidian Entertainment,M
South Park: The Stick of Truth,PS3,2014,Role-Playing,Ubisoft,0.43,0.34,0,0.16,0.92,85,31,8.5,575,Obsidian Entertainment,M
South Park: The Stick of Truth,PC,2014,Role-Playing,Ubisoft,0.07,0.1,0,0.01,0.19,85,48,8.6,1739,Obsidian Entertainment,M
The Crew,XOne,2014,Racing,Ubisoft,0.25,0.34,0,0.05,0.64,64,18,5.9,176,"Ubisoft Reflections, Ivory Tower",T
The Crew,X360,2014,Racing,Ubisoft,0.06,0.14,0,0.02,0.22,57,94,6.4,94,Ivory Tower,T
The Crew,PS4,2014,Racing,Ubisoft,0.35,1.08,0.03,0.26,1.72,61,60,5.4,575,"Ubisoft Reflections, Ivory Tower",T
The Crew,PC,2014,Racing,Ubisoft,0,0.15,0,0.01,0.16,71,12,6.4,463,"Ubisoft Reflections, Ivory Tower",T
Trials Fusion,XOne,2014,Racing,Ubisoft,0.12,0.1,0,0.02,0.24,80,28,7.1,158,RedLynx,E10+
Trials Fusion,PS4,2014,Racing,Ubisoft,0.13,0.22,0.01,0.07,0.42,79,51,7.2,244,RedLynx,E10+
Trials Fusion,PC,2014,Racing,Ubisoft,0,0.03,0,0,0.03,80,12,6.8,97,RedLynx,E10+
Watch Dogs,XOne,2014,Action,Ubisoft,0.9,0.53,0,0.14,1.57,78,15,5.8,712,Ubisoft Montreal,M
Watch Dogs,X360,2014,Action,Ubisoft,0.72,0.41,0.01,0.11,1.25,72,1,5,332,Ubisoft Montreal,M
Watch Dogs,WiiU,2014,Action,Ubisoft,0.07,0.05,0,0.01,0.13,62,15,6.4,162,Ubisoft Romania,M
Watch Dogs,PS4,2014,Action,Ubisoft,1.4,1.9,0.11,0.64,4.05,80,80,6.3,2996,Ubisoft Montreal,M
Watch Dogs,PS3,2014,Action,Ubisoft,0.56,0.81,0.1,0.27,1.74,50,87,5.1,383,Ubisoft Montreal,M
Watch Dogs,PC,2014,Action,Ubisoft,0.15,0.26,0,0.03,0.45,77,18,4.7,3288,Ubisoft Montreal,M
Anno 2205,PC,2015,Strategy,Ubisoft,0.02,0.22,0,0.02,0.25,72,45,5.9,278,Blue Byte,E10+
Assassin's Creed Chronicles: China,PS4,2015,Action,Ubisoft,0,0.03,0,0.01,0.04,69,44,6.4,83,"Climax Group, Climax Studios",T
Assassin's Creed Syndicate,XOne,2015,Action,Ubisoft,0.62,0.56,0,0.11,1.3,78,22,6.1,402,Ubisoft Quebec,M
Assassin's Creed Syndicate,PS4,2015,Action,Ubisoft,0.81,1.99,0.07,0.52,3.39,76,86,6.8,1319,Ubisoft Quebec,M
Assassin's Creed Syndicate,PC,2015,Action,Ubisoft,0.11,0.09,0,0.02,0.21,74,14,5.9,544,Ubisoft Quebec,M
Assassin's Creed: Rogue,PC,2015,Action,Ubisoft,0.05,0.02,0,0.01,0.08,74,25,7.5,362,Ubisoft,M
Gravity Falls: Legend of the Gnome Gemulets,3DS,2015,Action,Ubisoft,0.03,0,0,0,0.04,46,4,5.8,10,Ubisoft Osaka,E
Hasbro Family Fun Pack,XOne,2015,Misc,Ubisoft,0.1,0.02,0,0.01,0.13,72,67,6,81,Ubisoft,E10+
Just Dance 2016,XOne,2015,Misc,Ubisoft,0.25,0.04,0,0.03,0.32,66,10,6.1,18,Ubisoft,E10+
Just Dance 2016,X360,2015,Misc,Ubisoft,0.23,0.05,0,0.03,0.32,6,13,6,5,Ubisoft,E10+
Just Dance 2016,WiiU,2015,Misc,Ubisoft,0.27,0.25,0,0.05,0.57,73,7,6.9,11,Ubisoft,E10+
Just Dance 2016,Wii,2015,Misc,Ubisoft,0.41,0.46,0,0.08,0.95,2,52,1,100,Ubisoft,E10+
Just Dance 2016,PS4,2015,Misc,Ubisoft,0.17,0.13,0,0.06,0.36,73,10,6.8,20,Ubisoft,E10+
Just Dance 2016,PS3,2015,Misc,Ubisoft,0.1,0.06,0,0.03,0.19,58,6,4.2,6,Ubisoft,E10+
Just Dance: Disney Party 2,XOne,2015,Action,Ubisoft,0.05,0.01,0,0.01,0.07,49,41,5,94,Ubisoft,E
Just Dance: Disney Party 2,X360,2015,Action,Ubisoft,0.05,0.01,0,0.01,0.07,72,38,2,73,Ubisoft,E
Just Dance: Disney Party 2,WiiU,2015,Action,Ubisoft,0.06,0.01,0,0.01,0.08,26,99,4,93,Ubisoft,E
Might & Magic Heroes VII,PC,2015,Strategy,Ubisoft,0,0.08,0,0,0.09,67,23,3,69,,
Rugby World Cup 2015,XOne,2015,Sports,Ubisoft,0,0.02,0,0,0.02,37,31,4.3,7,HB Studios Multimedia,E
Rugby World Cup 2015,X360,2015,Sports,Ubisoft,0,0.03,0,0,0.03,89,80,8,5,HB Studios Multimedia,E
Rugby World Cup 2015,PSV,2015,Sports,Ubisoft,0,0.01,0,0,0.02,81,46,8,4,HB Studios Multimedia,E
Rugby World Cup 2015,PS4,2015,Sports,Ubisoft,0,0.05,0,0.01,0.06,25,6,1.9,39,HB Studios Multimedia,E
Rugby World Cup 2015,PS3,2015,Sports,Ubisoft,0,0.05,0,0.01,0.06,57,25,1,77,HB Studios Multimedia,E
Rugby World Cup 2015,PC,2015,Sports,Ubisoft,0,0.01,0,0,0.01,2,69,1.4,8,HB Studios Multimedia,E
The Crew: Wild Run,XOne,2015,Action,Ubisoft,0,0.02,0,0,0.02,65,5,6.6,21,Ivory Tower,T
The Crew: Wild Run,PS4,2015,Action,Ubisoft,0,0.08,0,0.01,0.1,73,13,6.8,50,Ivory Tower,T
The Crew: Wild Run,PC,2015,Action,Ubisoft,0,0.02,0,0,0.02,74,6,7.4,41,Ivory Tower,T
Tom Clancy's Rainbow Six: Siege,XOne,2015,Shooter,Ubisoft,0.77,0.45,0,0.12,1.34,74,24,6.9,252,Ubisoft Montreal,M
Tom Clancy's Rainbow Six: Siege,PS4,2015,Shooter,Ubisoft,0.55,1.19,0.14,0.33,2.21,73,40,7.3,480,Ubisoft Montreal,M
Tom Clancy's Rainbow Six: Siege,PC,2015,Shooter,Ubisoft,0.13,0.08,0,0.02,0.23,79,37,6.9,734,Ubisoft Montreal,M
Toy Soldiers: War Chest,XOne,2015,Action,Ubisoft,0.05,0,0,0.01,0.06,60,14,8.4,50,Krome Studios,
Toy Soldiers: War Chest,PS4,2015,Action,Ubisoft,0.06,0,0,0.01,0.07,62,19,7.7,61,Krome Studios,
Assassin's Creed Chronicles,XOne,2016,Action,Ubisoft,0,0.01,0,0,0.01,25,13,6.8,8,Climax Studios,T
Assassin's Creed Chronicles,PSV,2016,Action,Ubisoft,0.01,0.04,0.01,0.01,0.07,70,6,8,24,Climax Studios,T
Assassin's Creed Chronicles,PS4,2016,Action,Ubisoft,0.01,0.05,0.01,0.01,0.09,93,44,6.1,12,Climax Studios,T
Assassin's Creed The Ezio Collection,XOne,2016,Action,Ubisoft,0.03,0.04,0,0.01,0.08,74,13,7.6,24,Ubisoft Montreal,M
Assassin's Creed The Ezio Collection,PS4,2016,Action,Ubisoft,0.04,0.13,0,0.03,0.2,72,32,7.4,49,Ubisoft Montreal,M
Eagle Flight,PS4,2016,Adventure,Ubisoft,0.01,0.05,0,0.01,0.07,72,31,7.8,22,"Ubisoft, FunHouse",E10+
Far Cry: Primal,XOne,2016,Action,Ubisoft,0.47,0.33,0,0.08,0.88,77,27,6.4,194,Ubisoft Montreal,M
Far Cry: Primal,PS4,2016,Action,Ubisoft,0.6,1.25,0.06,0.35,2.26,76,91,6.3,635,Ubisoft Montreal,M
Far Cry: Primal,PC,2016,Action,Ubisoft,0.04,0.11,0,0.01,0.16,74,18,4.8,368,Ubisoft Montreal,M
Just Dance 2017,XOne,2016,Misc,Ubisoft,0.03,0,0,0,0.04,75,5,8,6,Ubisoft Paris,E10+
Just Dance 2017,X360,2016,Misc,Ubisoft,0.02,0.02,0,0,0.04,95,7,3,81,Ubisoft Paris,E10+
Just Dance 2017,WiiU,2016,Misc,Ubisoft,0.03,0.06,0,0.01,0.09,83,69,7,61,Ubisoft Paris,E10+
Just Dance 2017,Wii,2016,Misc,Ubisoft,0.06,0.11,0,0.01,0.18,53,69,4,40,Ubisoft Paris,E10+
Just Dance 2017,PS4,2016,Misc,Ubisoft,0.02,0,0,0.01,0.03,73,12,1,72,Ubisoft Paris,E10+
Just Dance 2017,PS3,2016,Misc,Ubisoft,0.01,0.03,0,0.01,0.05,39,89,1,11,Ubisoft Paris,E10+
Rocksmith 2014 Edition Remastered,XOne,2016,Misc,Ubisoft,0.01,0,0,0,0.01,48,6,4,37,Ubisoft,T
Rocksmith 2014 Edition Remastered,PS4,2016,Misc,Ubisoft,0.01,0,0,0,0.02,78,20,7.8,5,Ubisoft,T
Tom Clancy's The Division,XOne,2016,Shooter,Ubisoft,1.29,0.68,0,0.2,2.16,80,33,6.9,614,Massive Entertainment,M
Tom Clancy's The Division,PS4,2016,Shooter,Ubisoft,1.35,1.7,0.15,0.6,3.8,80,64,7,2219,Massive Entertainment,M
Tom Clancy's The Division,PC,2016,Shooter,Ubisoft,0.22,0.15,0,0.04,0.41,79,33,5.8,1188,Massive Entertainment,M
TrackMania Turbo,XOne,2016,Action,Ubisoft,0.02,0.04,0,0,0.06,76,12,7.7,27,Nadeo,E
TrackMania Turbo,PS4,2016,Action,Ubisoft,0.03,0.26,0,0.05,0.35,81,52,7.9,110,Nadeo,E
TrackMania Turbo,PC,2016,Action,Ubisoft,0,0.01,0,0,0.01,79,13,6.8,42,Nadeo,E
Watch Dogs 2,XOne,2016,Action,Ubisoft,0.17,0.16,0,0.03,0.36,83,9,7.7,131,Ubisoft Montreal,M
Watch Dogs 2,PS4,2016,Action,Ubisoft,0.37,0.58,0,0.18,1.13,83,88,7.8,621,Ubisoft Montreal,M
ZombiU,XOne,2016,Action,Ubisoft,0,0.01,0,0,0.01,93,2,3,92,,
ZombiU,PS4,2016,Action,Ubisoft,0,0.04,0.01,0.01,0.06,4,20,1,14,,
Imagine: Makeup Artist,DS,2020,Simulation,Ubisoft,0.27,0,0,0.02,0.29,44,55,10,30,Ubisoft,E
Shaun White Snowboarding,X360,N/A,Sports,Ubisoft,0.48,0.25,0,0.08,0.81,60,48,7.6,25,Ubisoft Montreal,T
Star Trek: Legacy,X360,N/A,Simulation,Ubisoft,0.14,0.02,0,0.01,0.18,64,41,5.5,42,Mad Doc Software,E10+
Sword of the Samurai,PS2,N/A,Fighting,Ubisoft,0,0,0.17,0,0.17,42,44,8,71,,
